id,title,price,images,description,tags,slug
1,Часы Красный Pixel-1,2979,https://picsum.photos/seed/product-1-img-0/600/600;https://picsum.photos/seed/product-1-img-1/600/600;https://picsum.photos/seed/product-1-img-2/600/600;https://picsum.photos/seed/product-1-img-3/600/600;https://picsum.photos/seed/product-1-img-4/600/600,"Описание товара Часы Красный Pixel-1. Это отличный выбор, если вы ищете часы. В комплекте 5 фото.",часы;красный,chasy-krasnyy-pixel-1
2,Смартфон Мощный Pixel-2,34394,https://picsum.photos/seed/product-2-img-0/600/600;https://picsum.photos/seed/product-2-img-1/600/600;https://picsum.photos/seed/product-2-img-2/600/600;https://picsum.photos/seed/product-2-img-3/600/600,"Описание товара Смартфон Мощный Pixel-2. Это отличный выбор, если вы ищете смартфон. В комплекте 4 фото.",смартфон;мощный,smartfon-moshchnyy-pixel-2
3,Чехол Мощный Pixel-3,35009,https://picsum.photos/seed/product-3-img-0/600/600;https://picsum.photos/seed/product-3-img-1/600/600;https://picsum.photos/seed/product-3-img-2/600/600;https://picsum.photos/seed/product-3-img-3/600/600,"Описание товара Чехол Мощный Pixel-3. Это отличный выбор, если вы ищете чехол. В комплекте 4 фото.",чехол;мощный,chekhol-moshchnyy-pixel-3
4,Ноутбук Бюджетный Pixel-4,31276,https://picsum.photos/seed/product-4-img-0/600/600;https://picsum.photos/seed/product-4-img-1/600/600;https://picsum.photos/seed/product-4-img-2/600/600,"Описание товара Ноутбук Бюджетный Pixel-4. Это отличный выбор, если вы ищете ноутбук. В комплекте 3 фото.",ноутбук;бюджет,noutbuk-byudzhetnyy-pixel-4
5,Смартфон Мощный Pixel-5,9051,https://picsum.photos/seed/product-5-img-0/600/600;https://picsum.photos/seed/product-5-img-1/600/600;https://picsum.photos/seed/product-5-img-2/600/600,"Описание товара Смартфон Мощный Pixel-5. Это отличный выбор, если вы ищете смартфон. В комплекте 3 фото.",смартфон;мощный,smartfon-moshchnyy-pixel-5
6,Смартфон Флагманский Pixel-6,26908,https://picsum.photos/seed/product-6-img-0/600/600;https://picsum.photos/seed/product-6-img-1/600/600;https://picsum.photos/seed/product-6-img-2/600/600,"Описание товара Смартфон Флагманский Pixel-6. Это отличный выбор, если вы ищете смартфон. В комплекте 3 фото.",смартфон;флагман,smartfon-flagmanskiy-pixel-6
7,Ноутбук Флагманский Pixel-7,32421,https://picsum.photos/seed/product-7-img-0/600/600;https://picsum.photos/seed/product-7-img-1/600/600;https://picsum.photos/seed/product-7-img-2/600/600;https://picsum.photos/seed/product-7-img-3/600/600;https://picsum.photos/seed/product-7-img-4/600/600,"Описание товара Ноутбук Флагманский Pixel-7. Это отличный выбор, если вы ищете ноутбук. В комплекте 5 фото.",ноутбук;флагман,noutbuk-flagmanskiy-pixel-7
8,Смартфон Быстрый Pixel-8,42638,https://picsum.photos/seed/product-8-img-0/600/600;https://picsum.photos/seed/product-8-img-1/600/600;https://picsum.photos/seed/product-8-img-2/600/600;https://picsum.photos/seed/product-8-img-3/600/600,"Описание товара Смартфон Быстрый Pixel-8. Это отличный выбор, если вы ищете смартфон. В комплекте 4 фото.",смартфон;быстрый,smartfon-bystryy-pixel-8
9,Чехол Стильный Pixel-9,49004,https://picsum.photos/seed/product-9-img-0/600/600;https://picsum.photos/seed/product-9-img-1/600/600;https://picsum.photos/seed/product-9-img-2/600/600;https://picsum.photos/seed/product-9-img-3/600/600;https://picsum.photos/seed/product-9-img-4/600/600,"Описание товара Чехол Стильный Pixel-9. Это отличный выбор, если вы ищете чехол. В комплекте 5 фото.",чехол;стильный,chekhol-stilnyy-pixel-9
10,Ноутбук Красный Pixel-10,34891,https://picsum.photos/seed/product-10-img-0/600/600;https://picsum.photos/seed/product-10-img-1/600/600;https://picsum.photos/seed/product-10-img-2/600/600;https://picsum.photos/seed/product-10-img-3/600/600,"Описание товара Ноутбук Красный Pixel-10. Это отличный выбор, если вы ищете ноутбук. В комплекте 4 фото.",ноутбук;красный,noutbuk-krasnyy-pixel-10
11,Наушники Мощный Pixel-11,34549,https://picsum.photos/seed/product-11-img-0/600/600;https://picsum.photos/seed/product-11-img-1/600/600;https://picsum.photos/seed/product-11-img-2/600/600;https://picsum.photos/seed/product-11-img-3/600/600;https://picsum.photos/seed/product-11-img-4/600/600,"Описание товара Наушники Мощный Pixel-11. Это отличный выбор, если вы ищете наушники. В комплекте 5 фото.",наушники;мощный,naushniki-moshchnyy-pixel-11
12,Смартфон Стильный Pixel-12,40109,https://picsum.photos/seed/product-12-img-0/600/600;https://picsum.photos/seed/product-12-img-1/600/600,"Описание товара Смартфон Стильный Pixel-12. Это отличный выбор, если вы ищете смартфон. В комплекте 2 фото.",смартфон;стильный,smartfon-stilnyy-pixel-12
13,Ноутбук Красный Pixel-13,11399,https://picsum.photos/seed/product-13-img-0/600/600;https://picsum.photos/seed/product-13-img-1/600/600;https://picsum.photos/seed/product-13-img-2/600/600,"Описание товара Ноутбук Красный Pixel-13. Это отличный выбор, если вы ищете ноутбук. В комплекте 3 фото.",ноутбук;красный,noutbuk-krasnyy-pixel-13
14,Ноутбук Бюджетный Pixel-14,23634,https://picsum.photos/seed/product-14-img-0/600/600;https://picsum.photos/seed/product-14-img-1/600/600;https://picsum.photos/seed/product-14-img-2/600/600;https://picsum.photos/seed/product-14-img-3/600/600;https://picsum.photos/seed/product-14-img-4/600/600,"Описание товара Ноутбук Бюджетный Pixel-14. Это отличный выбор, если вы ищете ноутбук. В комплекте 5 фото.",ноутбук;бюджет,noutbuk-byudzhetnyy-pixel-14
15,Часы Быстрый Pixel-15,14961,https://picsum.photos/seed/product-15-img-0/600/600;https://picsum.photos/seed/product-15-img-1/600/600;https://picsum.photos/seed/product-15-img-2/600/600,"Описание товара Часы Быстрый Pixel-15. Это отличный выбор, если вы ищете часы. В комплекте 3 фото.",часы;быстрый,chasy-bystryy-pixel-15
16,Наушники Бюджетный Pixel-16,41145,https://picsum.photos/seed/product-16-img-0/600/600;https://picsum.photos/seed/product-16-img-1/600/600;https://picsum.photos/seed/product-16-img-2/600/600;https://picsum.photos/seed/product-16-img-3/600/600,"Описание товара Наушники Бюджетный Pixel-16. Это отличный выбор, если вы ищете наушники. В комплекте 4 фото.",наушники;бюджет,naushniki-byudzhetnyy-pixel-16
17,Ноутбук Стильный Pixel-17,19886,https://picsum.photos/seed/product-17-img-0/600/600;https://picsum.photos/seed/product-17-img-1/600/600;https://picsum.photos/seed/product-17-img-2/600/600;https://picsum.photos/seed/product-17-img-3/600/600,"Описание товара Ноутбук Стильный Pixel-17. Это отличный выбор, если вы ищете ноутбук. В комплекте 4 фото.",ноутбук;стильный,noutbuk-stilnyy-pixel-17
18,Ноутбук Бюджетный Pixel-18,9383,https://picsum.photos/seed/product-18-img-0/600/600;https://picsum.photos/seed/product-18-img-1/600/600;https://picsum.photos/seed/product-18-img-2/600/600;https://picsum.photos/seed/product-18-img-3/600/600,"Описание товара Ноутбук Бюджетный Pixel-18. Это отличный выбор, если вы ищете ноутбук. В комплекте 4 фото.",ноутбук;бюджет,noutbuk-byudzhetnyy-pixel-18
19,Чехол Флагманский Pixel-19,34105,https://picsum.photos/seed/product-19-img-0/600/600;https://picsum.photos/seed/product-19-img-1/600/600,"Описание товара Чехол Флагманский Pixel-19. Это отличный выбор, если вы ищете чехол. В комплекте 2 фото.",чехол;флагман,chekhol-flagmanskiy-pixel-19
20,Наушники Флагманский Pixel-20,7133,https://picsum.photos/seed/product-20-img-0/600/600;https://picsum.photos/seed/product-20-img-1/600/600;https://picsum.photos/seed/product-20-img-2/600/600;https://picsum.photos/seed/product-20-img-3/600/600,"Описание товара Наушники Флагманский Pixel-20. Это отличный выбор, если вы ищете наушники. В комплекте 4 фото.",наушники;флагман,naushniki-flagmanskiy-pixel-20
21,Ноутбук Бюджетный Pixel-21,44684,https://picsum.photos/seed/product-21-img-0/600/600;https://picsum.photos/seed/product-21-img-1/600/600;https://picsum.photos/seed/product-21-img-2/600/600,"Описание товара Ноутбук Бюджетный Pixel-21. Это отличный выбор, если вы ищете ноутбук. В комплекте 3 фото.",ноутбук;бюджет,noutbuk-byudzhetnyy-pixel-21
22,Наушники Флагманский Pixel-22,5346,https://picsum.photos/seed/product-22-img-0/600/600;https://picsum.photos/seed/product-22-img-1/600/600;https://picsum.photos/seed/product-22-img-2/600/600;https://picsum.photos/seed/product-22-img-3/600/600,"Описание товара Наушники Флагманский Pixel-22. Это отличный выбор, если вы ищете наушники. В комплекте 4 фото.",наушники;флагман,naushniki-flagmanskiy-pixel-22
23,Чехол Стильный Pixel-23,34987,https://picsum.photos/seed/product-23-img-0/600/600;https://picsum.photos/seed/product-23-img-1/600/600;https://picsum.photos/seed/product-23-img-2/600/600;https://picsum.photos/seed/product-23-img-3/600/600;https://picsum.photos/seed/product-23-img-4/600/600,"Описание товара Чехол Стильный Pixel-23. Это отличный выбор, если вы ищете чехол. В комплекте 5 фото.",чехол;стильный,chekhol-stilnyy-pixel-23
24,Смартфон Быстрый Pixel-24,6110,https://picsum.photos/seed/product-24-img-0/600/600;https://picsum.photos/seed/product-24-img-1/600/600;https://picsum.photos/seed/product-24-img-2/600/600;https://picsum.photos/seed/product-24-img-3/600/600;https://picsum.photos/seed/product-24-img-4/600/600,"Описание товара Смартфон Быстрый Pixel-24. Это отличный выбор, если вы ищете смартфон. В комплекте 5 фото.",смартфон;быстрый,smartfon-bystryy-pixel-24
25,Ноутбук Мощный Pixel-25,3127,https://picsum.photos/seed/product-25-img-0/600/600;https://picsum.photos/seed/product-25-img-1/600/600,"Описание товара Ноутбук Мощный Pixel-25. Это отличный выбор, если вы ищете ноутбук. В комплекте 2 фото.",ноутбук;мощный,noutbuk-moshchnyy-pixel-25
26,Наушники Бюджетный Pixel-26,24148,https://picsum.photos/seed/product-26-img-0/600/600;https://picsum.photos/seed/product-26-img-1/600/600;https://picsum.photos/seed/product-26-img-2/600/600,"Описание товара Наушники Бюджетный Pixel-26. Это отличный выбор, если вы ищете наушники. В комплекте 3 фото.",наушники;бюджет,naushniki-byudzhetnyy-pixel-26
27,Смартфон Стильный Pixel-27,47845,https://picsum.photos/seed/product-27-img-0/600/600;https://picsum.photos/seed/product-27-img-1/600/600;https://picsum.photos/seed/product-27-img-2/600/600;https://picsum.photos/seed/product-27-img-3/600/600,"Описание товара Смартфон Стильный Pixel-27. Это отличный выбор, если вы ищете смартфон. В комплекте 4 фото.",смартфон;стильный,smartfon-stilnyy-pixel-27
28,Наушники Флагманский Pixel-28,19661,https://picsum.photos/seed/product-28-img-0/600/600;https://picsum.photos/seed/product-28-img-1/600/600,"Описание товара Наушники Флагманский Pixel-28. Это отличный выбор, если вы ищете наушники. В комплекте 2 фото.",наушники;флагман,naushniki-flagmanskiy-pixel-28
29,Смартфон Мощный Pixel-29,21578,https://picsum.photos/seed/product-29-img-0/600/600;https://picsum.photos/seed/product-29-img-1/600/600;https://picsum.photos/seed/product-29-img-2/600/600;https://picsum.photos/seed/product-29-img-3/600/600;https://picsum.photos/seed/product-29-img-4/600/600,"Описание товара Смартфон Мощный Pixel-29. Это отличный выбор, если вы ищете смартфон. В комплекте 5 фото.",смартфон;мощный,smartfon-moshchnyy-pixel-29
30,Ноутбук Красный Pixel-30,38159,https://picsum.photos/seed/product-30-img-0/600/600;https://picsum.photos/seed/product-30-img-1/600/600;https://picsum.photos/seed/product-30-img-2/600/600;https://picsum.photos/seed/product-30-img-3/600/600,"Описание товара Ноутбук Красный Pixel-30. Это отличный выбор, если вы ищете ноутбук. В комплекте 4 фото.",ноутбук;красный,noutbuk-krasnyy-pixel-30
31,Смартфон Бюджетный Pixel-31,4229,https://picsum.photos/seed/product-31-img-0/600/600;https://picsum.photos/seed/product-31-img-1/600/600,"Описание товара Смартфон Бюджетный Pixel-31. Это отличный выбор, если вы ищете смартфон. В комплекте 2 фото.",смартфон;бюджет,smartfon-byudzhetnyy-pixel-31
32,Наушники Быстрый Pixel-32,5838,https://picsum.photos/seed/product-32-img-0/600/600;https://picsum.photos/seed/product-32-img-1/600/600;https://picsum.photos/seed/product-32-img-2/600/600;https://picsum.photos/seed/product-32-img-3/600/600;https://picsum.photos/seed/product-32-img-4/600/600,"Описание товара Наушники Быстрый Pixel-32. Это отличный выбор, если вы ищете наушники. В комплекте 5 фото.",наушники;быстрый,naushniki-bystryy-pixel-32
33,Смартфон Мощный Pixel-33,22205,https://picsum.photos/seed/product-33-img-0/600/600;https://picsum.photos/seed/product-33-img-1/600/600;https://picsum.photos/seed/product-33-img-2/600/600;https://picsum.photos/seed/product-33-img-3/600/600,"Описание товара Смартфон Мощный Pixel-33. Это отличный выбор, если вы ищете смартфон. В комплекте 4 фото.",смартфон;мощный,smartfon-moshchnyy-pixel-33
34,Смартфон Бюджетный Pixel-34,18497,https://picsum.photos/seed/product-34-img-0/600/600;https://picsum.photos/seed/product-34-img-1/600/600;https://picsum.photos/seed/product-34-img-2/600/600;https://picsum.photos/seed/product-34-img-3/600/600;https://picsum.photos/seed/product-34-img-4/600/600,"Описание товара Смартфон Бюджетный Pixel-34. Это отличный выбор, если вы ищете смартфон. В комплекте 5 фото.",смартфон;бюджет,smartfon-byudzhetnyy-pixel-34
35,Смартфон Флагманский Pixel-35,19441,https://picsum.photos/seed/product-35-img-0/600/600;https://picsum.photos/seed/product-35-img-1/600/600;https://picsum.photos/seed/product-35-img-2/600/600,"Описание товара Смартфон Флагманский Pixel-35. Это отличный выбор, если вы ищете смартфон. В комплекте 3 фото.",смартфон;флагман,smartfon-flagmanskiy-pixel-35
36,Часы Красный Pixel-36,32532,https://picsum.photos/seed/product-36-img-0/600/600;https://picsum.photos/seed/product-36-img-1/600/600;https://picsum.photos/seed/product-36-img-2/600/600;https://picsum.photos/seed/product-36-img-3/600/600,"Описание товара Часы Красный Pixel-36. Это отличный выбор, если вы ищете часы. В комплекте 4 фото.",часы;красный,chasy-krasnyy-pixel-36
37,Ноутбук Красный Pixel-37,24625,https://picsum.photos/seed/product-37-img-0/600/600;https://picsum.photos/seed/product-37-img-1/600/600;https://picsum.photos/seed/product-37-img-2/600/600,"Описание товара Ноутбук Красный Pixel-37. Это отличный выбор, если вы ищете ноутбук. В комплекте 3 фото.",ноутбук;красный,noutbuk-krasnyy-pixel-37
38,Наушники Флагманский Pixel-38,32579,https://picsum.photos/seed/product-38-img-0/600/600;https://picsum.photos/seed/product-38-img-1/600/600,"Описание товара Наушники Флагманский Pixel-38. Это отличный выбор, если вы ищете наушники. В комплекте 2 фото.",наушники;флагман,naushniki-flagmanskiy-pixel-38
39,Смартфон Мощный Pixel-39,36702,https://picsum.photos/seed/product-39-img-0/600/600;https://picsum.photos/seed/product-39-img-1/600/600;https://picsum.photos/seed/product-39-img-2/600/600,"Описание товара Смартфон Мощный Pixel-39. Это отличный выбор, если вы ищете смартфон. В комплекте 3 фото.",смартфон;мощный,smartfon-moshchnyy-pixel-39
40,Чехол Бюджетный Pixel-40,31601,https://picsum.photos/seed/product-40-img-0/600/600;https://picsum.photos/seed/product-40-img-1/600/600,"Описание товара Чехол Бюджетный Pixel-40. Это отличный выбор, если вы ищете чехол. В комплекте 2 фото.",чехол;бюджет,chekhol-byudzhetnyy-pixel-40
41,Смартфон Бюджетный Pixel-41,36260,https://picsum.photos/seed/product-41-img-0/600/600;https://picsum.photos/seed/product-41-img-1/600/600;https://picsum.photos/seed/product-41-img-2/600/600;https://picsum.photos/seed/product-41-img-3/600/600;https://picsum.photos/seed/product-41-img-4/600/600,"Описание товара Смартфон Бюджетный Pixel-41. Это отличный выбор, если вы ищете смартфон. В комплекте 5 фото.",смартфон;бюджет,smartfon-byudzhetnyy-pixel-41
42,Наушники Мощный Pixel-42,48230,https://picsum.photos/seed/product-42-img-0/600/600;https://picsum.photos/seed/product-42-img-1/600/600,"Описание товара Наушники Мощный Pixel-42. Это отличный выбор, если вы ищете наушники. В комплекте 2 фото.",наушники;мощный,naushniki-moshchnyy-pixel-42
43,Наушники Бюджетный Pixel-43,45338,https://picsum.photos/seed/product-43-img-0/600/600;https://picsum.photos/seed/product-43-img-1/600/600;https://picsum.photos/seed/product-43-img-2/600/600;https://picsum.photos/seed/product-43-img-3/600/600,"Описание товара Наушники Бюджетный Pixel-43. Это отличный выбор, если вы ищете наушники. В комплекте 4 фото.",наушники;бюджет,naushniki-byudzhetnyy-pixel-43
44,Наушники Стильный Pixel-44,11728,https://picsum.photos/seed/product-44-img-0/600/600;https://picsum.photos/seed/product-44-img-1/600/600;https://picsum.photos/seed/product-44-img-2/600/600,"Описание товара Наушники Стильный Pixel-44. Это отличный выбор, если вы ищете наушники. В комплекте 3 фото.",наушники;стильный,naushniki-stilnyy-pixel-44
45,Смартфон Быстрый Pixel-45,45299,https://picsum.photos/seed/product-45-img-0/600/600;https://picsum.photos/seed/product-45-img-1/600/600;https://picsum.photos/seed/product-45-img-2/600/600,"Описание товара Смартфон Быстрый Pixel-45. Это отличный выбор, если вы ищете смартфон. В комплекте 3 фото.",смартфон;быстрый,smartfon-bystryy-pixel-45
46,Наушники Стильный Pixel-46,26359,https://picsum.photos/seed/product-46-img-0/600/600;https://picsum.photos/seed/product-46-img-1/600/600;https://picsum.photos/seed/product-46-img-2/600/600;https://picsum.photos/seed/product-46-img-3/600/600;https://picsum.photos/seed/product-46-img-4/600/600,"Описание товара Наушники Стильный Pixel-46. Это отличный выбор, если вы ищете наушники. В комплекте 5 фото.",наушники;стильный,naushniki-stilnyy-pixel-46
47,Чехол Красный Pixel-47,28849,https://picsum.photos/seed/product-47-img-0/600/600;https://picsum.photos/seed/product-47-img-1/600/600;https://picsum.photos/seed/product-47-img-2/600/600;https://picsum.photos/seed/product-47-img-3/600/600;https://picsum.photos/seed/product-47-img-4/600/600,"Описание товара Чехол Красный Pixel-47. Это отличный выбор, если вы ищете чехол. В комплекте 5 фото.",чехол;красный,chekhol-krasnyy-pixel-47
48,Смартфон Флагманский Pixel-48,11842,https://picsum.photos/seed/product-48-img-0/600/600;https://picsum.photos/seed/product-48-img-1/600/600;https://picsum.photos/seed/product-48-img-2/600/600;https://picsum.photos/seed/product-48-img-3/600/600;https://picsum.photos/seed/product-48-img-4/600/600,"Описание товара Смартфон Флагманский Pixel-48. Это отличный выбор, если вы ищете смартфон. В комплекте 5 фото.",смартфон;флагман,smartfon-flagmanskiy-pixel-48
49,Наушники Стильный Pixel-49,42305,https://picsum.photos/seed/product-49-img-0/600/600;https://picsum.photos/seed/product-49-img-1/600/600;https://picsum.photos/seed/product-49-img-2/600/600,"Описание товара Наушники Стильный Pixel-49. Это отличный выбор, если вы ищете наушники. В комплекте 3 фото.",наушники;стильный,naushniki-stilnyy-pixel-49
50,Часы Бюджетный Pixel-50,8736,https://picsum.photos/seed/product-50-img-0/600/600;https://picsum.photos/seed/product-50-img-1/600/600,"Описание товара Часы Бюджетный Pixel-50. Это отличный выбор, если вы ищете часы. В комплекте 2 фото.",часы;бюджет,chasy-byudzhetnyy-pixel-50
51,Смартфон Быстрый Pixel-51,48769,https://picsum.photos/seed/product-51-img-0/600/600;https://picsum.photos/seed/product-51-img-1/600/600;https://picsum.photos/seed/product-51-img-2/600/600,"Описание товара Смартфон Быстрый Pixel-51. Это отличный выбор, если вы ищете смартфон. В комплекте 3 фото.",смартфон;быстрый,smartfon-bystryy-pixel-51
52,Ноутбук Быстрый Pixel-52,15836,https://picsum.photos/seed/product-52-img-0/600/600;https://picsum.photos/seed/product-52-img-1/600/600,"Описание товара Ноутбук Быстрый Pixel-52. Это отличный выбор, если вы ищете ноутбук. В комплекте 2 фото.",ноутбук;быстрый,noutbuk-bystryy-pixel-52
53,Чехол Мощный Pixel-53,48116,https://picsum.photos/seed/product-53-img-0/600/600;https://picsum.photos/seed/product-53-img-1/600/600,"Описание товара Чехол Мощный Pixel-53. Это отличный выбор, если вы ищете чехол. В комплекте 2 фото.",чехол;мощный,chekhol-moshchnyy-pixel-53
54,Наушники Стильный Pixel-54,3347,https://picsum.photos/seed/product-54-img-0/600/600;https://picsum.photos/seed/product-54-img-1/600/600;https://picsum.photos/seed/product-54-img-2/600/600;https://picsum.photos/seed/product-54-img-3/600/600,"Описание товара Наушники Стильный Pixel-54. Это отличный выбор, если вы ищете наушники. В комплекте 4 фото.",наушники;стильный,naushniki-stilnyy-pixel-54
55,Ноутбук Флагманский Pixel-55,37775,https://picsum.photos/seed/product-55-img-0/600/600;https://picsum.photos/seed/product-55-img-1/600/600;https://picsum.photos/seed/product-55-img-2/600/600,"Описание товара Ноутбук Флагманский Pixel-55. Это отличный выбор, если вы ищете ноутбук. В комплекте 3 фото.",ноутбук;флагман,noutbuk-flagmanskiy-pixel-55
56,Часы Мощный Pixel-56,1471,https://picsum.photos/seed/product-56-img-0/600/600;https://picsum.photos/seed/product-56-img-1/600/600;https://picsum.photos/seed/product-56-img-2/600/600,"Описание товара Часы Мощный Pixel-56. Это отличный выбор, если вы ищете часы. В комплекте 3 фото.",часы;мощный,chasy-moshchnyy-pixel-56
57,Смартфон Стильный Pixel-57,25218,https://picsum.photos/seed/product-57-img-0/600/600;https://picsum.photos/seed/product-57-img-1/600/600;https://picsum.photos/seed/product-57-img-2/600/600,"Описание товара Смартфон Стильный Pixel-57. Это отличный выбор, если вы ищете смартфон. В комплекте 3 фото.",смартфон;стильный,smartfon-stilnyy-pixel-57
58,Чехол Бюджетный Pixel-58,41259,https://picsum.photos/seed/product-58-img-0/600/600;https://picsum.photos/seed/product-58-img-1/600/600,"Описание товара Чехол Бюджетный Pixel-58. Это отличный выбор, если вы ищете чехол. В комплекте 2 фото.",чехол;бюджет,chekhol-byudzhetnyy-pixel-58
59,Смартфон Стильный Pixel-59,43950,https://picsum.photos/seed/product-59-img-0/600/600;https://picsum.photos/seed/product-59-img-1/600/600;https://picsum.photos/seed/product-59-img-2/600/600,"Описание товара Смартфон Стильный Pixel-59. Это отличный выбор, если вы ищете смартфон. В комплекте 3 фото.",смартфон;стильный,smartfon-stilnyy-pixel-59
60,Наушники Бюджетный Pixel-60,29835,https://picsum.photos/seed/product-60-img-0/600/600;https://picsum.photos/seed/product-60-img-1/600/600;https://picsum.photos/seed/product-60-img-2/600/600;https://picsum.photos/seed/product-60-img-3/600/600,"Описание товара Наушники Бюджетный Pixel-60. Это отличный выбор, если вы ищете наушники. В комплекте 4 фото.",наушники;бюджет,naushniki-byudzhetnyy-pixel-60
61,Часы Мощный Pixel-61,45071,https://picsum.photos/seed/product-61-img-0/600/600;https://picsum.photos/seed/product-61-img-1/600/600;https://picsum.photos/seed/product-61-img-2/600/600;https://picsum.photos/seed/product-61-img-3/600/600,"Описание товара Часы Мощный Pixel-61. Это отличный выбор, если вы ищете часы. В комплекте 4 фото.",часы;мощный,chasy-moshchnyy-pixel-61
62,Чехол Красный Pixel-62,34151,https://picsum.photos/seed/product-62-img-0/600/600;https://picsum.photos/seed/product-62-img-1/600/600;https://picsum.photos/seed/product-62-img-2/600/600,"Описание товара Чехол Красный Pixel-62. Это отличный выбор, если вы ищете чехол. В комплекте 3 фото.",чехол;красный,chekhol-krasnyy-pixel-62
63,Чехол Бюджетный Pixel-63,39634,https://picsum.photos/seed/product-63-img-0/600/600;https://picsum.photos/seed/product-63-img-1/600/600;https://picsum.photos/seed/product-63-img-2/600/600,"Описание товара Чехол Бюджетный Pixel-63. Это отличный выбор, если вы ищете чехол. В комплекте 3 фото.",чехол;бюджет,chekhol-byudzhetnyy-pixel-63
64,Смартфон Стильный Pixel-64,3057,https://picsum.photos/seed/product-64-img-0/600/600;https://picsum.photos/seed/product-64-img-1/600/600;https://picsum.photos/seed/product-64-img-2/600/600;https://picsum.photos/seed/product-64-img-3/600/600;https://picsum.photos/seed/product-64-img-4/600/600,"Описание товара Смартфон Стильный Pixel-64. Это отличный выбор, если вы ищете смартфон. В комплекте 5 фото.",смартфон;стильный,smartfon-stilnyy-pixel-64
65,Наушники Быстрый Pixel-65,27838,https://picsum.photos/seed/product-65-img-0/600/600;https://picsum.photos/seed/product-65-img-1/600/600;https://picsum.photos/seed/product-65-img-2/600/600;https://picsum.photos/seed/product-65-img-3/600/600,"Описание товара Наушники Быстрый Pixel-65. Это отличный выбор, если вы ищете наушники. В комплекте 4 фото.",наушники;быстрый,naushniki-bystryy-pixel-65
66,Смартфон Быстрый Pixel-66,22542,https://picsum.photos/seed/product-66-img-0/600/600;https://picsum.photos/seed/product-66-img-1/600/600;https://picsum.photos/seed/product-66-img-2/600/600;https://picsum.photos/seed/product-66-img-3/600/600,"Описание товара Смартфон Быстрый Pixel-66. Это отличный выбор, если вы ищете смартфон. В комплекте 4 фото.",смартфон;быстрый,smartfon-bystryy-pixel-66
67,Наушники Красный Pixel-67,41459,https://picsum.photos/seed/product-67-img-0/600/600;https://picsum.photos/seed/product-67-img-1/600/600;https://picsum.photos/seed/product-67-img-2/600/600;https://picsum.photos/seed/product-67-img-3/600/600,"Описание товара Наушники Красный Pixel-67. Это отличный выбор, если вы ищете наушники. В комплекте 4 фото.",наушники;красный,naushniki-krasnyy-pixel-67
68,Ноутбук Стильный Pixel-68,49993,https://picsum.photos/seed/product-68-img-0/600/600;https://picsum.photos/seed/product-68-img-1/600/600,"Описание товара Ноутбук Стильный Pixel-68. Это отличный выбор, если вы ищете ноутбук. В комплекте 2 фото.",ноутбук;стильный,noutbuk-stilnyy-pixel-68
69,Ноутбук Быстрый Pixel-69,49530,https://picsum.photos/seed/product-69-img-0/600/600;https://picsum.photos/seed/product-69-img-1/600/600;https://picsum.photos/seed/product-69-img-2/600/600;https://picsum.photos/seed/product-69-img-3/600/600,"Описание товара Ноутбук Быстрый Pixel-69. Это отличный выбор, если вы ищете ноутбук. В комплекте 4 фото.",ноутбук;быстрый,noutbuk-bystryy-pixel-69
70,Ноутбук Бюджетный Pixel-70,11893,https://picsum.photos/seed/product-70-img-0/600/600;https://picsum.photos/seed/product-70-img-1/600/600;https://picsum.photos/seed/product-70-img-2/600/600,"Описание товара Ноутбук Бюджетный Pixel-70. Это отличный выбор, если вы ищете ноутбук. В комплекте 3 фото.",ноутбук;бюджет,noutbuk-byudzhetnyy-pixel-70
71,Смартфон Флагманский Pixel-71,16750,https://picsum.photos/seed/product-71-img-0/600/600;https://picsum.photos/seed/product-71-img-1/600/600,"Описание товара Смартфон Флагманский Pixel-71. Это отличный выбор, если вы ищете смартфон. В комплекте 2 фото.",смартфон;флагман,smartfon-flagmanskiy-pixel-71
72,Смартфон Стильный Pixel-72,6879,https://picsum.photos/seed/product-72-img-0/600/600;https://picsum.photos/seed/product-72-img-1/600/600;https://picsum.photos/seed/product-72-img-2/600/600;https://picsum.photos/seed/product-72-img-3/600/600;https://picsum.photos/seed/product-72-img-4/600/600,"Описание товара Смартфон Стильный Pixel-72. Это отличный выбор, если вы ищете смартфон. В комплекте 5 фото.",смартфон;стильный,smartfon-stilnyy-pixel-72
73,Наушники Быстрый Pixel-73,46581,https://picsum.photos/seed/product-73-img-0/600/600;https://picsum.photos/seed/product-73-img-1/600/600;https://picsum.photos/seed/product-73-img-2/600/600;https://picsum.photos/seed/product-73-img-3/600/600;https://picsum.photos/seed/product-73-img-4/600/600,"Описание товара Наушники Быстрый Pixel-73. Это отличный выбор, если вы ищете наушники. В комплекте 5 фото.",наушники;быстрый,naushniki-bystryy-pixel-73
74,Смартфон Бюджетный Pixel-74,17876,https://picsum.photos/seed/product-74-img-0/600/600;https://picsum.photos/seed/product-74-img-1/600/600;https://picsum.photos/seed/product-74-img-2/600/600;https://picsum.photos/seed/product-74-img-3/600/600;https://picsum.photos/seed/product-74-img-4/600/600,"Описание товара Смартфон Бюджетный Pixel-74. Это отличный выбор, если вы ищете смартфон. В комплекте 5 фото.",смартфон;бюджет,smartfon-byudzhetnyy-pixel-74
75,Ноутбук Бюджетный Pixel-75,45192,https://picsum.photos/seed/product-75-img-0/600/600;https://picsum.photos/seed/product-75-img-1/600/600;https://picsum.photos/seed/product-75-img-2/600/600;https://picsum.photos/seed/product-75-img-3/600/600,"Описание товара Ноутбук Бюджетный Pixel-75. Это отличный выбор, если вы ищете ноутбук. В комплекте 4 фото.",ноутбук;бюджет,noutbuk-byudzhetnyy-pixel-75
76,Ноутбук Стильный Pixel-76,13921,https://picsum.photos/seed/product-76-img-0/600/600;https://picsum.photos/seed/product-76-img-1/600/600;https://picsum.photos/seed/product-76-img-2/600/600,"Описание товара Ноутбук Стильный Pixel-76. Это отличный выбор, если вы ищете ноутбук. В комплекте 3 фото.",ноутбук;стильный,noutbuk-stilnyy-pixel-76
77,Наушники Флагманский Pixel-77,48276,https://picsum.photos/seed/product-77-img-0/600/600;https://picsum.photos/seed/product-77-img-1/600/600,"Описание товара Наушники Флагманский Pixel-77. Это отличный выбор, если вы ищете наушники. В комплекте 2 фото.",наушники;флагман,naushniki-flagmanskiy-pixel-77
78,Часы Мощный Pixel-78,30691,https://picsum.photos/seed/product-78-img-0/600/600;https://picsum.photos/seed/product-78-img-1/600/600;https://picsum.photos/seed/product-78-img-2/600/600;https://picsum.photos/seed/product-78-img-3/600/600;https://picsum.photos/seed/product-78-img-4/600/600,"Описание товара Часы Мощный Pixel-78. Это отличный выбор, если вы ищете часы. В комплекте 5 фото.",часы;мощный,chasy-moshchnyy-pixel-78
79,Смартфон Красный Pixel-79,12911,https://picsum.photos/seed/product-79-img-0/600/600;https://picsum.photos/seed/product-79-img-1/600/600,"Описание товара Смартфон Красный Pixel-79. Это отличный выбор, если вы ищете смартфон. В комплекте 2 фото.",смартфон;красный,smartfon-krasnyy-pixel-79
80,Ноутбук Мощный Pixel-80,18672,https://picsum.photos/seed/product-80-img-0/600/600;https://picsum.photos/seed/product-80-img-1/600/600,"Описание товара Ноутбук Мощный Pixel-80. Это отличный выбор, если вы ищете ноутбук. В комплекте 2 фото.",ноутбук;мощный,noutbuk-moshchnyy-pixel-80
81,Смартфон Стильный Pixel-81,41623,https://picsum.photos/seed/product-81-img-0/600/600;https://picsum.photos/seed/product-81-img-1/600/600,"Описание товара Смартфон Стильный Pixel-81. Это отличный выбор, если вы ищете смартфон. В комплекте 2 фото.",смартфон;стильный,smartfon-stilnyy-pixel-81
82,Смартфон Красный Pixel-82,41543,https://picsum.photos/seed/product-82-img-0/600/600;https://picsum.photos/seed/product-82-img-1/600/600;https://picsum.photos/seed/product-82-img-2/600/600,"Описание товара Смартфон Красный Pixel-82. Это отличный выбор, если вы ищете смартфон. В комплекте 3 фото.",смартфон;красный,smartfon-krasnyy-pixel-82
83,Наушники Мощный Pixel-83,13325,https://picsum.photos/seed/product-83-img-0/600/600;https://picsum.photos/seed/product-83-img-1/600/600,"Описание товара Наушники Мощный Pixel-83. Это отличный выбор, если вы ищете наушники. В комплекте 2 фото.",наушники;мощный,naushniki-moshchnyy-pixel-83
84,Наушники Красный Pixel-84,13977,https://picsum.photos/seed/product-84-img-0/600/600;https://picsum.photos/seed/product-84-img-1/600/600;https://picsum.photos/seed/product-84-img-2/600/600,"Описание товара Наушники Красный Pixel-84. Это отличный выбор, если вы ищете наушники. В комплекте 3 фото.",наушники;красный,naushniki-krasnyy-pixel-84
85,Смартфон Мощный Pixel-85,9863,https://picsum.photos/seed/product-85-img-0/600/600;https://picsum.photos/seed/product-85-img-1/600/600,"Описание товара Смартфон Мощный Pixel-85. Это отличный выбор, если вы ищете смартфон. В комплекте 2 фото.",смартфон;мощный,smartfon-moshchnyy-pixel-85
86,Наушники Стильный Pixel-86,23838,https://picsum.photos/seed/product-86-img-0/600/600;https://picsum.photos/seed/product-86-img-1/600/600;https://picsum.photos/seed/product-86-img-2/600/600;https://picsum.photos/seed/product-86-img-3/600/600;https://picsum.photos/seed/product-86-img-4/600/600,"Описание товара Наушники Стильный Pixel-86. Это отличный выбор, если вы ищете наушники. В комплекте 5 фото.",наушники;стильный,naushniki-stilnyy-pixel-86
87,Ноутбук Флагманский Pixel-87,39041,https://picsum.photos/seed/product-87-img-0/600/600;https://picsum.photos/seed/product-87-img-1/600/600;https://picsum.photos/seed/product-87-img-2/600/600;https://picsum.photos/seed/product-87-img-3/600/600,"Описание товара Ноутбук Флагманский Pixel-87. Это отличный выбор, если вы ищете ноутбук. В комплекте 4 фото.",ноутбук;флагман,noutbuk-flagmanskiy-pixel-87
88,Наушники Мощный Pixel-88,46138,https://picsum.photos/seed/product-88-img-0/600/600;https://picsum.photos/seed/product-88-img-1/600/600;https://picsum.photos/seed/product-88-img-2/600/600;https://picsum.photos/seed/product-88-img-3/600/600;https://picsum.photos/seed/product-88-img-4/600/600,"Описание товара Наушники Мощный Pixel-88. Это отличный выбор, если вы ищете наушники. В комплекте 5 фото.",наушники;мощный,naushniki-moshchnyy-pixel-88
89,Смартфон Быстрый Pixel-89,40808,https://picsum.photos/seed/product-89-img-0/600/600;https://picsum.photos/seed/product-89-img-1/600/600,"Описание товара Смартфон Быстрый Pixel-89. Это отличный выбор, если вы ищете смартфон. В комплекте 2 фото.",смартфон;быстрый,smartfon-bystryy-pixel-89
90,Ноутбук Красный Pixel-90,9145,https://picsum.photos/seed/product-90-img-0/600/600;https://picsum.photos/seed/product-90-img-1/600/600;https://picsum.photos/seed/product-90-img-2/600/600;https://picsum.photos/seed/product-90-img-3/600/600,"Описание товара Ноутбук Красный Pixel-90. Это отличный выбор, если вы ищете ноутбук. В комплекте 4 фото.",ноутбук;красный,noutbuk-krasnyy-pixel-90
91,Ноутбук Стильный Pixel-91,29963,https://picsum.photos/seed/product-91-img-0/600/600;https://picsum.photos/seed/product-91-img-1/600/600;https://picsum.photos/seed/product-91-img-2/600/600;https://picsum.photos/seed/product-91-img-3/600/600,"Описание товара Ноутбук Стильный Pixel-91. Это отличный выбор, если вы ищете ноутбук. В комплекте 4 фото.",ноутбук;стильный,noutbuk-stilnyy-pixel-91
92,Ноутбук Быстрый Pixel-92,34482,https://picsum.photos/seed/product-92-img-0/600/600;https://picsum.photos/seed/product-92-img-1/600/600;https://picsum.photos/seed/product-92-img-2/600/600;https://picsum.photos/seed/product-92-img-3/600/600,"Описание товара Ноутбук Быстрый Pixel-92. Это отличный выбор, если вы ищете ноутбук. В комплекте 4 фото.",ноутбук;быстрый,noutbuk-bystryy-pixel-92
93,Часы Мощный Pixel-93,5110,https://picsum.photos/seed/product-93-img-0/600/600;https://picsum.photos/seed/product-93-img-1/600/600;https://picsum.photos/seed/product-93-img-2/600/600;https://picsum.photos/seed/product-93-img-3/600/600,"Описание товара Часы Мощный Pixel-93. Это отличный выбор, если вы ищете часы. В комплекте 4 фото.",часы;мощный,chasy-moshchnyy-pixel-93
94,Смартфон Быстрый Pixel-94,49627,https://picsum.photos/seed/product-94-img-0/600/600;https://picsum.photos/seed/product-94-img-1/600/600;https://picsum.photos/seed/product-94-img-2/600/600,"Описание товара Смартфон Быстрый Pixel-94. Это отличный выбор, если вы ищете смартфон. В комплекте 3 фото.",смартфон;быстрый,smartfon-bystryy-pixel-94
95,Наушники Бюджетный Pixel-95,34955,https://picsum.photos/seed/product-95-img-0/600/600;https://picsum.photos/seed/product-95-img-1/600/600;https://picsum.photos/seed/product-95-img-2/600/600,"Описание товара Наушники Бюджетный Pixel-95. Это отличный выбор, если вы ищете наушники. В комплекте 3 фото.",наушники;бюджет,naushniki-byudzhetnyy-pixel-95
96,Чехол Стильный Pixel-96,5169,https://picsum.photos/seed/product-96-img-0/600/600;https://picsum.photos/seed/product-96-img-1/600/600;https://picsum.photos/seed/product-96-img-2/600/600;https://picsum.photos/seed/product-96-img-3/600/600;https://picsum.photos/seed/product-96-img-4/600/600,"Описание товара Чехол Стильный Pixel-96. Это отличный выбор, если вы ищете чехол. В комплекте 5 фото.",чехол;стильный,chekhol-stilnyy-pixel-96
97,Часы Мощный Pixel-97,46180,https://picsum.photos/seed/product-97-img-0/600/600;https://picsum.photos/seed/product-97-img-1/600/600;https://picsum.photos/seed/product-97-img-2/600/600,"Описание товара Часы Мощный Pixel-97. Это отличный выбор, если вы ищете часы. В комплекте 3 фото.",часы;мощный,chasy-moshchnyy-pixel-97
98,Наушники Флагманский Pixel-98,27573,https://picsum.photos/seed/product-98-img-0/600/600;https://picsum.photos/seed/product-98-img-1/600/600;https://picsum.photos/seed/product-98-img-2/600/600;https://picsum.photos/seed/product-98-img-3/600/600;https://picsum.photos/seed/product-98-img-4/600/600,"Описание товара Наушники Флагманский Pixel-98. Это отличный выбор, если вы ищете наушники. В комплекте 5 фото.",наушники;флагман,naushniki-flagmanskiy-pixel-98
99,Наушники Стильный Pixel-99,26065,https://picsum.photos/seed/product-99-img-0/600/600;https://picsum.photos/seed/product-99-img-1/600/600;https://picsum.photos/seed/product-99-img-2/600/600,"Описание товара Наушники Стильный Pixel-99. Это отличный выбор, если вы ищете наушники. В комплекте 3 фото.",наушники;стильный,naushniki-stilnyy-pixel-99
100,Чехол Стильный Pixel-100,21541,https://picsum.photos/seed/product-100-img-0/600/600;https://picsum.photos/seed/product-100-img-1/600/600;https://picsum.photos/seed/product-100-img-2/600/600;https://picsum.photos/seed/product-100-img-3/600/600;https://picsum.photos/seed/product-100-img-4/600/600,"Описание товара Чехол Стильный Pixel-100. Это отличный выбор, если вы ищете чехол. В комплекте 5 фото.",чехол;стильный,chekhol-stilnyy-pixel-100
101,Чехол Быстрый Pixel-101,46565,https://picsum.photos/seed/product-101-img-0/600/600;https://picsum.photos/seed/product-101-img-1/600/600;https://picsum.photos/seed/product-101-img-2/600/600;https://picsum.photos/seed/product-101-img-3/600/600;https://picsum.photos/seed/product-101-img-4/600/600,"Описание товара Чехол Быстрый Pixel-101. Это отличный выбор, если вы ищете чехол. В комплекте 5 фото.",чехол;быстрый,chekhol-bystryy-pixel-101
102,Ноутбук Стильный Pixel-102,33803,https://picsum.photos/seed/product-102-img-0/600/600;https://picsum.photos/seed/product-102-img-1/600/600;https://picsum.photos/seed/product-102-img-2/600/600;https://picsum.photos/seed/product-102-img-3/600/600,"Описание товара Ноутбук Стильный Pixel-102. Это отличный выбор, если вы ищете ноутбук. В комплекте 4 фото.",ноутбук;стильный,noutbuk-stilnyy-pixel-102
103,Смартфон Стильный Pixel-103,7603,https://picsum.photos/seed/product-103-img-0/600/600;https://picsum.photos/seed/product-103-img-1/600/600;https://picsum.photos/seed/product-103-img-2/600/600,"Описание товара Смартфон Стильный Pixel-103. Это отличный выбор, если вы ищете смартфон. В комплекте 3 фото.",смартфон;стильный,smartfon-stilnyy-pixel-103
104,Смартфон Красный Pixel-104,27381,https://picsum.photos/seed/product-104-img-0/600/600;https://picsum.photos/seed/product-104-img-1/600/600;https://picsum.photos/seed/product-104-img-2/600/600;https://picsum.photos/seed/product-104-img-3/600/600;https://picsum.photos/seed/product-104-img-4/600/600,"Описание товара Смартфон Красный Pixel-104. Это отличный выбор, если вы ищете смартфон. В комплекте 5 фото.",смартфон;красный,smartfon-krasnyy-pixel-104
105,Чехол Красный Pixel-105,11288,https://picsum.photos/seed/product-105-img-0/600/600;https://picsum.photos/seed/product-105-img-1/600/600;https://picsum.photos/seed/product-105-img-2/600/600;https://picsum.photos/seed/product-105-img-3/600/600;https://picsum.photos/seed/product-105-img-4/600/600,"Описание товара Чехол Красный Pixel-105. Это отличный выбор, если вы ищете чехол. В комплекте 5 фото.",чехол;красный,chekhol-krasnyy-pixel-105
106,Часы Красный Pixel-106,39338,https://picsum.photos/seed/product-106-img-0/600/600;https://picsum.photos/seed/product-106-img-1/600/600;https://picsum.photos/seed/product-106-img-2/600/600;https://picsum.photos/seed/product-106-img-3/600/600,"Описание товара Часы Красный Pixel-106. Это отличный выбор, если вы ищете часы. В комплекте 4 фото.",часы;красный,chasy-krasnyy-pixel-106
107,Чехол Бюджетный Pixel-107,953,https://picsum.photos/seed/product-107-img-0/600/600;https://picsum.photos/seed/product-107-img-1/600/600;https://picsum.photos/seed/product-107-img-2/600/600;https://picsum.photos/seed/product-107-img-3/600/600,"Описание товара Чехол Бюджетный Pixel-107. Это отличный выбор, если вы ищете чехол. В комплекте 4 фото.",чехол;бюджет,chekhol-byudzhetnyy-pixel-107
108,Чехол Флагманский Pixel-108,28380,https://picsum.photos/seed/product-108-img-0/600/600;https://picsum.photos/seed/product-108-img-1/600/600;https://picsum.photos/seed/product-108-img-2/600/600;https://picsum.photos/seed/product-108-img-3/600/600,"Описание товара Чехол Флагманский Pixel-108. Это отличный выбор, если вы ищете чехол. В комплекте 4 фото.",чехол;флагман,chekhol-flagmanskiy-pixel-108
109,Наушники Мощный Pixel-109,8099,https://picsum.photos/seed/product-109-img-0/600/600;https://picsum.photos/seed/product-109-img-1/600/600;https://picsum.photos/seed/product-109-img-2/600/600;https://picsum.photos/seed/product-109-img-3/600/600,"Описание товара Наушники Мощный Pixel-109. Это отличный выбор, если вы ищете наушники. В комплекте 4 фото.",наушники;мощный,naushniki-moshchnyy-pixel-109
110,Наушники Бюджетный Pixel-110,31927,https://picsum.photos/seed/product-110-img-0/600/600;https://picsum.photos/seed/product-110-img-1/600/600;https://picsum.photos/seed/product-110-img-2/600/600;https://picsum.photos/seed/product-110-img-3/600/600;https://picsum.photos/seed/product-110-img-4/600/600,"Описание товара Наушники Бюджетный Pixel-110. Это отличный выбор, если вы ищете наушники. В комплекте 5 фото.",наушники;бюджет,naushniki-byudzhetnyy-pixel-110
111,Часы Красный Pixel-111,12168,https://picsum.photos/seed/product-111-img-0/600/600;https://picsum.photos/seed/product-111-img-1/600/600;https://picsum.photos/seed/product-111-img-2/600/600;https://picsum.photos/seed/product-111-img-3/600/600;https://picsum.photos/seed/product-111-img-4/600/600,"Описание товара Часы Красный Pixel-111. Это отличный выбор, если вы ищете часы. В комплекте 5 фото.",часы;красный,chasy-krasnyy-pixel-111
112,Чехол Красный Pixel-112,36597,https://picsum.photos/seed/product-112-img-0/600/600;https://picsum.photos/seed/product-112-img-1/600/600,"Описание товара Чехол Красный Pixel-112. Это отличный выбор, если вы ищете чехол. В комплекте 2 фото.",чехол;красный,chekhol-krasnyy-pixel-112
113,Ноутбук Красный Pixel-113,6611,https://picsum.photos/seed/product-113-img-0/600/600;https://picsum.photos/seed/product-113-img-1/600/600;https://picsum.photos/seed/product-113-img-2/600/600;https://picsum.photos/seed/product-113-img-3/600/600;https://picsum.photos/seed/product-113-img-4/600/600,"Описание товара Ноутбук Красный Pixel-113. Это отличный выбор, если вы ищете ноутбук. В комплекте 5 фото.",ноутбук;красный,noutbuk-krasnyy-pixel-113
114,Смартфон Стильный Pixel-114,30174,https://picsum.photos/seed/product-114-img-0/600/600;https://picsum.photos/seed/product-114-img-1/600/600;https://picsum.photos/seed/product-114-img-2/600/600,"Описание товара Смартфон Стильный Pixel-114. Это отличный выбор, если вы ищете смартфон. В комплекте 3 фото.",смартфон;стильный,smartfon-stilnyy-pixel-114
115,Часы Красный Pixel-115,35239,https://picsum.photos/seed/product-115-img-0/600/600;https://picsum.photos/seed/product-115-img-1/600/600;https://picsum.photos/seed/product-115-img-2/600/600;https://picsum.photos/seed/product-115-img-3/600/600,"Описание товара Часы Красный Pixel-115. Это отличный выбор, если вы ищете часы. В комплекте 4 фото.",часы;красный,chasy-krasnyy-pixel-115
116,Смартфон Бюджетный Pixel-116,33518,https://picsum.photos/seed/product-116-img-0/600/600;https://picsum.photos/seed/product-116-img-1/600/600;https://picsum.photos/seed/product-116-img-2/600/600,"Описание товара Смартфон Бюджетный Pixel-116. Это отличный выбор, если вы ищете смартфон. В комплекте 3 фото.",смартфон;бюджет,smartfon-byudzhetnyy-pixel-116
117,Часы Красный Pixel-117,46694,https://picsum.photos/seed/product-117-img-0/600/600;https://picsum.photos/seed/product-117-img-1/600/600,"Описание товара Часы Красный Pixel-117. Это отличный выбор, если вы ищете часы. В комплекте 2 фото.",часы;красный,chasy-krasnyy-pixel-117
118,Смартфон Бюджетный Pixel-118,46726,https://picsum.photos/seed/product-118-img-0/600/600;https://picsum.photos/seed/product-118-img-1/600/600;https://picsum.photos/seed/product-118-img-2/600/600;https://picsum.photos/seed/product-118-img-3/600/600;https://picsum.photos/seed/product-118-img-4/600/600,"Описание товара Смартфон Бюджетный Pixel-118. Это отличный выбор, если вы ищете смартфон. В комплекте 5 фото.",смартфон;бюджет,smartfon-byudzhetnyy-pixel-118
119,Ноутбук Флагманский Pixel-119,34289,https://picsum.photos/seed/product-119-img-0/600/600;https://picsum.photos/seed/product-119-img-1/600/600;https://picsum.photos/seed/product-119-img-2/600/600;https://picsum.photos/seed/product-119-img-3/600/600,"Описание товара Ноутбук Флагманский Pixel-119. Это отличный выбор, если вы ищете ноутбук. В комплекте 4 фото.",ноутбук;флагман,noutbuk-flagmanskiy-pixel-119
120,Смартфон Бюджетный Pixel-120,9216,https://picsum.photos/seed/product-120-img-0/600/600;https://picsum.photos/seed/product-120-img-1/600/600;https://picsum.photos/seed/product-120-img-2/600/600,"Описание товара Смартфон Бюджетный Pixel-120. Это отличный выбор, если вы ищете смартфон. В комплекте 3 фото.",смартфон;бюджет,smartfon-byudzhetnyy-pixel-120
121,Чехол Бюджетный Pixel-121,18383,https://picsum.photos/seed/product-121-img-0/600/600;https://picsum.photos/seed/product-121-img-1/600/600;https://picsum.photos/seed/product-121-img-2/600/600;https://picsum.photos/seed/product-121-img-3/600/600,"Описание товара Чехол Бюджетный Pixel-121. Это отличный выбор, если вы ищете чехол. В комплекте 4 фото.",чехол;бюджет,chekhol-byudzhetnyy-pixel-121
122,Ноутбук Быстрый Pixel-122,34847,https://picsum.photos/seed/product-122-img-0/600/600;https://picsum.photos/seed/product-122-img-1/600/600;https://picsum.photos/seed/product-122-img-2/600/600,"Описание товара Ноутбук Быстрый Pixel-122. Это отличный выбор, если вы ищете ноутбук. В комплекте 3 фото.",ноутбук;быстрый,noutbuk-bystryy-pixel-122
123,Смартфон Бюджетный Pixel-123,3544,https://picsum.photos/seed/product-123-img-0/600/600;https://picsum.photos/seed/product-123-img-1/600/600;https://picsum.photos/seed/product-123-img-2/600/600;https://picsum.photos/seed/product-123-img-3/600/600,"Описание товара Смартфон Бюджетный Pixel-123. Это отличный выбор, если вы ищете смартфон. В комплекте 4 фото.",смартфон;бюджет,smartfon-byudzhetnyy-pixel-123
124,Чехол Быстрый Pixel-124,35520,https://picsum.photos/seed/product-124-img-0/600/600;https://picsum.photos/seed/product-124-img-1/600/600;https://picsum.photos/seed/product-124-img-2/600/600;https://picsum.photos/seed/product-124-img-3/600/600,"Описание товара Чехол Быстрый Pixel-124. Это отличный выбор, если вы ищете чехол. В комплекте 4 фото.",чехол;быстрый,chekhol-bystryy-pixel-124
125,Часы Стильный Pixel-125,29952,https://picsum.photos/seed/product-125-img-0/600/600;https://picsum.photos/seed/product-125-img-1/600/600;https://picsum.photos/seed/product-125-img-2/600/600;https://picsum.photos/seed/product-125-img-3/600/600;https://picsum.photos/seed/product-125-img-4/600/600,"Описание товара Часы Стильный Pixel-125. Это отличный выбор, если вы ищете часы. В комплекте 5 фото.",часы;стильный,chasy-stilnyy-pixel-125
126,Часы Флагманский Pixel-126,26523,https://picsum.photos/seed/product-126-img-0/600/600;https://picsum.photos/seed/product-126-img-1/600/600;https://picsum.photos/seed/product-126-img-2/600/600;https://picsum.photos/seed/product-126-img-3/600/600;https://picsum.photos/seed/product-126-img-4/600/600,"Описание товара Часы Флагманский Pixel-126. Это отличный выбор, если вы ищете часы. В комплекте 5 фото.",часы;флагман,chasy-flagmanskiy-pixel-126
127,Смартфон Флагманский Pixel-127,8079,https://picsum.photos/seed/product-127-img-0/600/600;https://picsum.photos/seed/product-127-img-1/600/600;https://picsum.photos/seed/product-127-img-2/600/600;https://picsum.photos/seed/product-127-img-3/600/600;https://picsum.photos/seed/product-127-img-4/600/600,"Описание товара Смартфон Флагманский Pixel-127. Это отличный выбор, если вы ищете смартфон. В комплекте 5 фото.",смартфон;флагман,smartfon-flagmanskiy-pixel-127
128,Наушники Бюджетный Pixel-128,14114,https://picsum.photos/seed/product-128-img-0/600/600;https://picsum.photos/seed/product-128-img-1/600/600;https://picsum.photos/seed/product-128-img-2/600/600;https://picsum.photos/seed/product-128-img-3/600/600,"Описание товара Наушники Бюджетный Pixel-128. Это отличный выбор, если вы ищете наушники. В комплекте 4 фото.",наушники;бюджет,naushniki-byudzhetnyy-pixel-128
129,Смартфон Стильный Pixel-129,7948,https://picsum.photos/seed/product-129-img-0/600/600;https://picsum.photos/seed/product-129-img-1/600/600;https://picsum.photos/seed/product-129-img-2/600/600,"Описание товара Смартфон Стильный Pixel-129. Это отличный выбор, если вы ищете смартфон. В комплекте 3 фото.",смартфон;стильный,smartfon-stilnyy-pixel-129
130,Смартфон Бюджетный Pixel-130,1532,https://picsum.photos/seed/product-130-img-0/600/600;https://picsum.photos/seed/product-130-img-1/600/600;https://picsum.photos/seed/product-130-img-2/600/600,"Описание товара Смартфон Бюджетный Pixel-130. Это отличный выбор, если вы ищете смартфон. В комплекте 3 фото.",смартфон;бюджет,smartfon-byudzhetnyy-pixel-130
131,Наушники Красный Pixel-131,34312,https://picsum.photos/seed/product-131-img-0/600/600;https://picsum.photos/seed/product-131-img-1/600/600,"Описание товара Наушники Красный Pixel-131. Это отличный выбор, если вы ищете наушники. В комплекте 2 фото.",наушники;красный,naushniki-krasnyy-pixel-131
132,Часы Мощный Pixel-132,39736,https://picsum.photos/seed/product-132-img-0/600/600;https://picsum.photos/seed/product-132-img-1/600/600;https://picsum.photos/seed/product-132-img-2/600/600;https://picsum.photos/seed/product-132-img-3/600/600;https://picsum.photos/seed/product-132-img-4/600/600,"Описание товара Часы Мощный Pixel-132. Это отличный выбор, если вы ищете часы. В комплекте 5 фото.",часы;мощный,chasy-moshchnyy-pixel-132
133,Часы Флагманский Pixel-133,13578,https://picsum.photos/seed/product-133-img-0/600/600;https://picsum.photos/seed/product-133-img-1/600/600;https://picsum.photos/seed/product-133-img-2/600/600;https://picsum.photos/seed/product-133-img-3/600/600;https://picsum.photos/seed/product-133-img-4/600/600,"Описание товара Часы Флагманский Pixel-133. Это отличный выбор, если вы ищете часы. В комплекте 5 фото.",часы;флагман,chasy-flagmanskiy-pixel-133
134,Смартфон Бюджетный Pixel-134,7865,https://picsum.photos/seed/product-134-img-0/600/600;https://picsum.photos/seed/product-134-img-1/600/600,"Описание товара Смартфон Бюджетный Pixel-134. Это отличный выбор, если вы ищете смартфон. В комплекте 2 фото.",смартфон;бюджет,smartfon-byudzhetnyy-pixel-134
135,Часы Стильный Pixel-135,9444,https://picsum.photos/seed/product-135-img-0/600/600;https://picsum.photos/seed/product-135-img-1/600/600;https://picsum.photos/seed/product-135-img-2/600/600;https://picsum.photos/seed/product-135-img-3/600/600,"Описание товара Часы Стильный Pixel-135. Это отличный выбор, если вы ищете часы. В комплекте 4 фото.",часы;стильный,chasy-stilnyy-pixel-135
136,Ноутбук Флагманский Pixel-136,18931,https://picsum.photos/seed/product-136-img-0/600/600;https://picsum.photos/seed/product-136-img-1/600/600;https://picsum.photos/seed/product-136-img-2/600/600,"Описание товара Ноутбук Флагманский Pixel-136. Это отличный выбор, если вы ищете ноутбук. В комплекте 3 фото.",ноутбук;флагман,noutbuk-flagmanskiy-pixel-136
137,Наушники Мощный Pixel-137,18462,https://picsum.photos/seed/product-137-img-0/600/600;https://picsum.photos/seed/product-137-img-1/600/600;https://picsum.photos/seed/product-137-img-2/600/600;https://picsum.photos/seed/product-137-img-3/600/600,"Описание товара Наушники Мощный Pixel-137. Это отличный выбор, если вы ищете наушники. В комплекте 4 фото.",наушники;мощный,naushniki-moshchnyy-pixel-137
138,Ноутбук Быстрый Pixel-138,26115,https://picsum.photos/seed/product-138-img-0/600/600;https://picsum.photos/seed/product-138-img-1/600/600;https://picsum.photos/seed/product-138-img-2/600/600;https://picsum.photos/seed/product-138-img-3/600/600,"Описание товара Ноутбук Быстрый Pixel-138. Это отличный выбор, если вы ищете ноутбук. В комплекте 4 фото.",ноутбук;быстрый,noutbuk-bystryy-pixel-138
139,Ноутбук Стильный Pixel-139,38652,https://picsum.photos/seed/product-139-img-0/600/600;https://picsum.photos/seed/product-139-img-1/600/600;https://picsum.photos/seed/product-139-img-2/600/600;https://picsum.photos/seed/product-139-img-3/600/600,"Описание товара Ноутбук Стильный Pixel-139. Это отличный выбор, если вы ищете ноутбук. В комплекте 4 фото.",ноутбук;стильный,noutbuk-stilnyy-pixel-139
140,Чехол Стильный Pixel-140,18171,https://picsum.photos/seed/product-140-img-0/600/600;https://picsum.photos/seed/product-140-img-1/600/600;https://picsum.photos/seed/product-140-img-2/600/600,"Описание товара Чехол Стильный Pixel-140. Это отличный выбор, если вы ищете чехол. В комплекте 3 фото.",чехол;стильный,chekhol-stilnyy-pixel-140
141,Ноутбук Красный Pixel-141,29100,https://picsum.photos/seed/product-141-img-0/600/600;https://picsum.photos/seed/product-141-img-1/600/600,"Описание товара Ноутбук Красный Pixel-141. Это отличный выбор, если вы ищете ноутбук. В комплекте 2 фото.",ноутбук;красный,noutbuk-krasnyy-pixel-141
142,Наушники Красный Pixel-142,48455,https://picsum.photos/seed/product-142-img-0/600/600;https://picsum.photos/seed/product-142-img-1/600/600,"Описание товара Наушники Красный Pixel-142. Это отличный выбор, если вы ищете наушники. В комплекте 2 фото.",наушники;красный,naushniki-krasnyy-pixel-142
143,Часы Бюджетный Pixel-143,18447,https://picsum.photos/seed/product-143-img-0/600/600;https://picsum.photos/seed/product-143-img-1/600/600;https://picsum.photos/seed/product-143-img-2/600/600,"Описание товара Часы Бюджетный Pixel-143. Это отличный выбор, если вы ищете часы. В комплекте 3 фото.",часы;бюджет,chasy-byudzhetnyy-pixel-143
144,Наушники Флагманский Pixel-144,24104,https://picsum.photos/seed/product-144-img-0/600/600;https://picsum.photos/seed/product-144-img-1/600/600;https://picsum.photos/seed/product-144-img-2/600/600,"Описание товара Наушники Флагманский Pixel-144. Это отличный выбор, если вы ищете наушники. В комплекте 3 фото.",наушники;флагман,naushniki-flagmanskiy-pixel-144
145,Часы Мощный Pixel-145,22322,https://picsum.photos/seed/product-145-img-0/600/600;https://picsum.photos/seed/product-145-img-1/600/600;https://picsum.photos/seed/product-145-img-2/600/600;https://picsum.photos/seed/product-145-img-3/600/600,"Описание товара Часы Мощный Pixel-145. Это отличный выбор, если вы ищете часы. В комплекте 4 фото.",часы;мощный,chasy-moshchnyy-pixel-145
146,Смартфон Флагманский Pixel-146,13081,https://picsum.photos/seed/product-146-img-0/600/600;https://picsum.photos/seed/product-146-img-1/600/600;https://picsum.photos/seed/product-146-img-2/600/600;https://picsum.photos/seed/product-146-img-3/600/600;https://picsum.photos/seed/product-146-img-4/600/600,"Описание товара Смартфон Флагманский Pixel-146. Это отличный выбор, если вы ищете смартфон. В комплекте 5 фото.",смартфон;флагман,smartfon-flagmanskiy-pixel-146
147,Смартфон Бюджетный Pixel-147,15142,https://picsum.photos/seed/product-147-img-0/600/600;https://picsum.photos/seed/product-147-img-1/600/600,"Описание товара Смартфон Бюджетный Pixel-147. Это отличный выбор, если вы ищете смартфон. В комплекте 2 фото.",смартфон;бюджет,smartfon-byudzhetnyy-pixel-147
148,Чехол Быстрый Pixel-148,41508,https://picsum.photos/seed/product-148-img-0/600/600;https://picsum.photos/seed/product-148-img-1/600/600;https://picsum.photos/seed/product-148-img-2/600/600,"Описание товара Чехол Быстрый Pixel-148. Это отличный выбор, если вы ищете чехол. В комплекте 3 фото.",чехол;быстрый,chekhol-bystryy-pixel-148
149,Ноутбук Красный Pixel-149,40300,https://picsum.photos/seed/product-149-img-0/600/600;https://picsum.photos/seed/product-149-img-1/600/600;https://picsum.photos/seed/product-149-img-2/600/600,"Описание товара Ноутбук Красный Pixel-149. Это отличный выбор, если вы ищете ноутбук. В комплекте 3 фото.",ноутбук;красный,noutbuk-krasnyy-pixel-149
150,Смартфон Мощный Pixel-150,829,https://picsum.photos/seed/product-150-img-0/600/600;https://picsum.photos/seed/product-150-img-1/600/600,"Описание товара Смартфон Мощный Pixel-150. Это отличный выбор, если вы ищете смартфон. В комплекте 2 фото.",смартфон;мощный,smartfon-moshchnyy-pixel-150
151,Чехол Флагманский Pixel-151,19592,https://picsum.photos/seed/product-151-img-0/600/600;https://picsum.photos/seed/product-151-img-1/600/600;https://picsum.photos/seed/product-151-img-2/600/600;https://picsum.photos/seed/product-151-img-3/600/600;https://picsum.photos/seed/product-151-img-4/600/600,"Описание товара Чехол Флагманский Pixel-151. Это отличный выбор, если вы ищете чехол. В комплекте 5 фото.",чехол;флагман,chekhol-flagmanskiy-pixel-151
152,Наушники Бюджетный Pixel-152,48638,https://picsum.photos/seed/product-152-img-0/600/600;https://picsum.photos/seed/product-152-img-1/600/600,"Описание товара Наушники Бюджетный Pixel-152. Это отличный выбор, если вы ищете наушники. В комплекте 2 фото.",наушники;бюджет,naushniki-byudzhetnyy-pixel-152
153,Наушники Бюджетный Pixel-153,5965,https://picsum.photos/seed/product-153-img-0/600/600;https://picsum.photos/seed/product-153-img-1/600/600;https://picsum.photos/seed/product-153-img-2/600/600;https://picsum.photos/seed/product-153-img-3/600/600;https://picsum.photos/seed/product-153-img-4/600/600,"Описание товара Наушники Бюджетный Pixel-153. Это отличный выбор, если вы ищете наушники. В комплекте 5 фото.",наушники;бюджет,naushniki-byudzhetnyy-pixel-153
154,Смартфон Стильный Pixel-154,14088,https://picsum.photos/seed/product-154-img-0/600/600;https://picsum.photos/seed/product-154-img-1/600/600;https://picsum.photos/seed/product-154-img-2/600/600;https://picsum.photos/seed/product-154-img-3/600/600;https://picsum.photos/seed/product-154-img-4/600/600,"Описание товара Смартфон Стильный Pixel-154. Это отличный выбор, если вы ищете смартфон. В комплекте 5 фото.",смартфон;стильный,smartfon-stilnyy-pixel-154
155,Чехол Флагманский Pixel-155,41593,https://picsum.photos/seed/product-155-img-0/600/600;https://picsum.photos/seed/product-155-img-1/600/600;https://picsum.photos/seed/product-155-img-2/600/600,"Описание товара Чехол Флагманский Pixel-155. Это отличный выбор, если вы ищете чехол. В комплекте 3 фото.",чехол;флагман,chekhol-flagmanskiy-pixel-155
156,Наушники Быстрый Pixel-156,36709,https://picsum.photos/seed/product-156-img-0/600/600;https://picsum.photos/seed/product-156-img-1/600/600,"Описание товара Наушники Быстрый Pixel-156. Это отличный выбор, если вы ищете наушники. В комплекте 2 фото.",наушники;быстрый,naushniki-bystryy-pixel-156
157,Чехол Бюджетный Pixel-157,16812,https://picsum.photos/seed/product-157-img-0/600/600;https://picsum.photos/seed/product-157-img-1/600/600,"Описание товара Чехол Бюджетный Pixel-157. Это отличный выбор, если вы ищете чехол. В комплекте 2 фото.",чехол;бюджет,chekhol-byudzhetnyy-pixel-157
158,Наушники Быстрый Pixel-158,47894,https://picsum.photos/seed/product-158-img-0/600/600;https://picsum.photos/seed/product-158-img-1/600/600,"Описание товара Наушники Быстрый Pixel-158. Это отличный выбор, если вы ищете наушники. В комплекте 2 фото.",наушники;быстрый,naushniki-bystryy-pixel-158
159,Ноутбук Бюджетный Pixel-159,6440,https://picsum.photos/seed/product-159-img-0/600/600;https://picsum.photos/seed/product-159-img-1/600/600;https://picsum.photos/seed/product-159-img-2/600/600;https://picsum.photos/seed/product-159-img-3/600/600,"Описание товара Ноутбук Бюджетный Pixel-159. Это отличный выбор, если вы ищете ноутбук. В комплекте 4 фото.",ноутбук;бюджет,noutbuk-byudzhetnyy-pixel-159
160,Чехол Бюджетный Pixel-160,45822,https://picsum.photos/seed/product-160-img-0/600/600;https://picsum.photos/seed/product-160-img-1/600/600;https://picsum.photos/seed/product-160-img-2/600/600,"Описание товара Чехол Бюджетный Pixel-160. Это отличный выбор, если вы ищете чехол. В комплекте 3 фото.",чехол;бюджет,chekhol-byudzhetnyy-pixel-160
161,Чехол Красный Pixel-161,11602,https://picsum.photos/seed/product-161-img-0/600/600;https://picsum.photos/seed/product-161-img-1/600/600;https://picsum.photos/seed/product-161-img-2/600/600;https://picsum.photos/seed/product-161-img-3/600/600,"Описание товара Чехол Красный Pixel-161. Это отличный выбор, если вы ищете чехол. В комплекте 4 фото.",чехол;красный,chekhol-krasnyy-pixel-161
162,Наушники Стильный Pixel-162,17540,https://picsum.photos/seed/product-162-img-0/600/600;https://picsum.photos/seed/product-162-img-1/600/600;https://picsum.photos/seed/product-162-img-2/600/600;https://picsum.photos/seed/product-162-img-3/600/600;https://picsum.photos/seed/product-162-img-4/600/600,"Описание товара Наушники Стильный Pixel-162. Это отличный выбор, если вы ищете наушники. В комплекте 5 фото.",наушники;стильный,naushniki-stilnyy-pixel-162
163,Наушники Красный Pixel-163,31676,https://picsum.photos/seed/product-163-img-0/600/600;https://picsum.photos/seed/product-163-img-1/600/600,"Описание товара Наушники Красный Pixel-163. Это отличный выбор, если вы ищете наушники. В комплекте 2 фото.",наушники;красный,naushniki-krasnyy-pixel-163
164,Часы Быстрый Pixel-164,24307,https://picsum.photos/seed/product-164-img-0/600/600;https://picsum.photos/seed/product-164-img-1/600/600;https://picsum.photos/seed/product-164-img-2/600/600;https://picsum.photos/seed/product-164-img-3/600/600,"Описание товара Часы Быстрый Pixel-164. Это отличный выбор, если вы ищете часы. В комплекте 4 фото.",часы;быстрый,chasy-bystryy-pixel-164
165,Смартфон Быстрый Pixel-165,48823,https://picsum.photos/seed/product-165-img-0/600/600;https://picsum.photos/seed/product-165-img-1/600/600;https://picsum.photos/seed/product-165-img-2/600/600,"Описание товара Смартфон Быстрый Pixel-165. Это отличный выбор, если вы ищете смартфон. В комплекте 3 фото.",смартфон;быстрый,smartfon-bystryy-pixel-165
166,Чехол Бюджетный Pixel-166,36134,https://picsum.photos/seed/product-166-img-0/600/600;https://picsum.photos/seed/product-166-img-1/600/600,"Описание товара Чехол Бюджетный Pixel-166. Это отличный выбор, если вы ищете чехол. В комплекте 2 фото.",чехол;бюджет,chekhol-byudzhetnyy-pixel-166
167,Чехол Бюджетный Pixel-167,41683,https://picsum.photos/seed/product-167-img-0/600/600;https://picsum.photos/seed/product-167-img-1/600/600;https://picsum.photos/seed/product-167-img-2/600/600,"Описание товара Чехол Бюджетный Pixel-167. Это отличный выбор, если вы ищете чехол. В комплекте 3 фото.",чехол;бюджет,chekhol-byudzhetnyy-pixel-167
168,Часы Стильный Pixel-168,16247,https://picsum.photos/seed/product-168-img-0/600/600;https://picsum.photos/seed/product-168-img-1/600/600;https://picsum.photos/seed/product-168-img-2/600/600;https://picsum.photos/seed/product-168-img-3/600/600,"Описание товара Часы Стильный Pixel-168. Это отличный выбор, если вы ищете часы. В комплекте 4 фото.",часы;стильный,chasy-stilnyy-pixel-168
169,Чехол Быстрый Pixel-169,38479,https://picsum.photos/seed/product-169-img-0/600/600;https://picsum.photos/seed/product-169-img-1/600/600,"Описание товара Чехол Быстрый Pixel-169. Это отличный выбор, если вы ищете чехол. В комплекте 2 фото.",чехол;быстрый,chekhol-bystryy-pixel-169
170,Часы Мощный Pixel-170,48809,https://picsum.photos/seed/product-170-img-0/600/600;https://picsum.photos/seed/product-170-img-1/600/600;https://picsum.photos/seed/product-170-img-2/600/600;https://picsum.photos/seed/product-170-img-3/600/600;https://picsum.photos/seed/product-170-img-4/600/600,"Описание товара Часы Мощный Pixel-170. Это отличный выбор, если вы ищете часы. В комплекте 5 фото.",часы;мощный,chasy-moshchnyy-pixel-170
171,Смартфон Красный Pixel-171,4155,https://picsum.photos/seed/product-171-img-0/600/600;https://picsum.photos/seed/product-171-img-1/600/600;https://picsum.photos/seed/product-171-img-2/600/600,"Описание товара Смартфон Красный Pixel-171. Это отличный выбор, если вы ищете смартфон. В комплекте 3 фото.",смартфон;красный,smartfon-krasnyy-pixel-171
172,Чехол Флагманский Pixel-172,47381,https://picsum.photos/seed/product-172-img-0/600/600;https://picsum.photos/seed/product-172-img-1/600/600;https://picsum.photos/seed/product-172-img-2/600/600,"Описание товара Чехол Флагманский Pixel-172. Это отличный выбор, если вы ищете чехол. В комплекте 3 фото.",чехол;флагман,chekhol-flagmanskiy-pixel-172
173,Наушники Флагманский Pixel-173,41305,https://picsum.photos/seed/product-173-img-0/600/600;https://picsum.photos/seed/product-173-img-1/600/600;https://picsum.photos/seed/product-173-img-2/600/600,"Описание товара Наушники Флагманский Pixel-173. Это отличный выбор, если вы ищете наушники. В комплекте 3 фото.",наушники;флагман,naushniki-flagmanskiy-pixel-173
174,Наушники Мощный Pixel-174,16907,https://picsum.photos/seed/product-174-img-0/600/600;https://picsum.photos/seed/product-174-img-1/600/600;https://picsum.photos/seed/product-174-img-2/600/600;https://picsum.photos/seed/product-174-img-3/600/600;https://picsum.photos/seed/product-174-img-4/600/600,"Описание товара Наушники Мощный Pixel-174. Это отличный выбор, если вы ищете наушники. В комплекте 5 фото.",наушники;мощный,naushniki-moshchnyy-pixel-174
175,Смартфон Мощный Pixel-175,44678,https://picsum.photos/seed/product-175-img-0/600/600;https://picsum.photos/seed/product-175-img-1/600/600;https://picsum.photos/seed/product-175-img-2/600/600;https://picsum.photos/seed/product-175-img-3/600/600;https://picsum.photos/seed/product-175-img-4/600/600,"Описание товара Смартфон Мощный Pixel-175. Это отличный выбор, если вы ищете смартфон. В комплекте 5 фото.",смартфон;мощный,smartfon-moshchnyy-pixel-175
176,Чехол Красный Pixel-176,39795,https://picsum.photos/seed/product-176-img-0/600/600;https://picsum.photos/seed/product-176-img-1/600/600;https://picsum.photos/seed/product-176-img-2/600/600,"Описание товара Чехол Красный Pixel-176. Это отличный выбор, если вы ищете чехол. В комплекте 3 фото.",чехол;красный,chekhol-krasnyy-pixel-176
177,Наушники Быстрый Pixel-177,43467,https://picsum.photos/seed/product-177-img-0/600/600;https://picsum.photos/seed/product-177-img-1/600/600;https://picsum.photos/seed/product-177-img-2/600/600,"Описание товара Наушники Быстрый Pixel-177. Это отличный выбор, если вы ищете наушники. В комплекте 3 фото.",наушники;быстрый,naushniki-bystryy-pixel-177
178,Чехол Флагманский Pixel-178,33334,https://picsum.photos/seed/product-178-img-0/600/600;https://picsum.photos/seed/product-178-img-1/600/600;https://picsum.photos/seed/product-178-img-2/600/600;https://picsum.photos/seed/product-178-img-3/600/600;https://picsum.photos/seed/product-178-img-4/600/600,"Описание товара Чехол Флагманский Pixel-178. Это отличный выбор, если вы ищете чехол. В комплекте 5 фото.",чехол;флагман,chekhol-flagmanskiy-pixel-178
179,Наушники Мощный Pixel-179,48730,https://picsum.photos/seed/product-179-img-0/600/600;https://picsum.photos/seed/product-179-img-1/600/600;https://picsum.photos/seed/product-179-img-2/600/600;https://picsum.photos/seed/product-179-img-3/600/600,"Описание товара Наушники Мощный Pixel-179. Это отличный выбор, если вы ищете наушники. В комплекте 4 фото.",наушники;мощный,naushniki-moshchnyy-pixel-179
180,Чехол Мощный Pixel-180,1254,https://picsum.photos/seed/product-180-img-0/600/600;https://picsum.photos/seed/product-180-img-1/600/600;https://picsum.photos/seed/product-180-img-2/600/600,"Описание товара Чехол Мощный Pixel-180. Это отличный выбор, если вы ищете чехол. В комплекте 3 фото.",чехол;мощный,chekhol-moshchnyy-pixel-180
181,Наушники Быстрый Pixel-181,19290,https://picsum.photos/seed/product-181-img-0/600/600;https://picsum.photos/seed/product-181-img-1/600/600;https://picsum.photos/seed/product-181-img-2/600/600;https://picsum.photos/seed/product-181-img-3/600/600;https://picsum.photos/seed/product-181-img-4/600/600,"Описание товара Наушники Быстрый Pixel-181. Это отличный выбор, если вы ищете наушники. В комплекте 5 фото.",наушники;быстрый,naushniki-bystryy-pixel-181
182,Часы Красный Pixel-182,48835,https://picsum.photos/seed/product-182-img-0/600/600;https://picsum.photos/seed/product-182-img-1/600/600;https://picsum.photos/seed/product-182-img-2/600/600;https://picsum.photos/seed/product-182-img-3/600/600,"Описание товара Часы Красный Pixel-182. Это отличный выбор, если вы ищете часы. В комплекте 4 фото.",часы;красный,chasy-krasnyy-pixel-182
183,Смартфон Бюджетный Pixel-183,21012,https://picsum.photos/seed/product-183-img-0/600/600;https://picsum.photos/seed/product-183-img-1/600/600,"Описание товара Смартфон Бюджетный Pixel-183. Это отличный выбор, если вы ищете смартфон. В комплекте 2 фото.",смартфон;бюджет,smartfon-byudzhetnyy-pixel-183
184,Смартфон Мощный Pixel-184,25610,https://picsum.photos/seed/product-184-img-0/600/600;https://picsum.photos/seed/product-184-img-1/600/600;https://picsum.photos/seed/product-184-img-2/600/600;https://picsum.photos/seed/product-184-img-3/600/600,"Описание товара Смартфон Мощный Pixel-184. Это отличный выбор, если вы ищете смартфон. В комплекте 4 фото.",смартфон;мощный,smartfon-moshchnyy-pixel-184
185,Наушники Флагманский Pixel-185,33923,https://picsum.photos/seed/product-185-img-0/600/600;https://picsum.photos/seed/product-185-img-1/600/600;https://picsum.photos/seed/product-185-img-2/600/600;https://picsum.photos/seed/product-185-img-3/600/600;https://picsum.photos/seed/product-185-img-4/600/600,"Описание товара Наушники Флагманский Pixel-185. Это отличный выбор, если вы ищете наушники. В комплекте 5 фото.",наушники;флагман,naushniki-flagmanskiy-pixel-185
186,Часы Флагманский Pixel-186,15334,https://picsum.photos/seed/product-186-img-0/600/600;https://picsum.photos/seed/product-186-img-1/600/600;https://picsum.photos/seed/product-186-img-2/600/600,"Описание товара Часы Флагманский Pixel-186. Это отличный выбор, если вы ищете часы. В комплекте 3 фото.",часы;флагман,chasy-flagmanskiy-pixel-186
187,Часы Стильный Pixel-187,19318,https://picsum.photos/seed/product-187-img-0/600/600;https://picsum.photos/seed/product-187-img-1/600/600;https://picsum.photos/seed/product-187-img-2/600/600,"Описание товара Часы Стильный Pixel-187. Это отличный выбор, если вы ищете часы. В комплекте 3 фото.",часы;стильный,chasy-stilnyy-pixel-187
188,Часы Мощный Pixel-188,11528,https://picsum.photos/seed/product-188-img-0/600/600;https://picsum.photos/seed/product-188-img-1/600/600;https://picsum.photos/seed/product-188-img-2/600/600;https://picsum.photos/seed/product-188-img-3/600/600,"Описание товара Часы Мощный Pixel-188. Это отличный выбор, если вы ищете часы. В комплекте 4 фото.",часы;мощный,chasy-moshchnyy-pixel-188
189,Часы Флагманский Pixel-189,45572,https://picsum.photos/seed/product-189-img-0/600/600;https://picsum.photos/seed/product-189-img-1/600/600,"Описание товара Часы Флагманский Pixel-189. Это отличный выбор, если вы ищете часы. В комплекте 2 фото.",часы;флагман,chasy-flagmanskiy-pixel-189
190,Часы Стильный Pixel-190,31333,https://picsum.photos/seed/product-190-img-0/600/600;https://picsum.photos/seed/product-190-img-1/600/600;https://picsum.photos/seed/product-190-img-2/600/600,"Описание товара Часы Стильный Pixel-190. Это отличный выбор, если вы ищете часы. В комплекте 3 фото.",часы;стильный,chasy-stilnyy-pixel-190
191,Чехол Стильный Pixel-191,37831,https://picsum.photos/seed/product-191-img-0/600/600;https://picsum.photos/seed/product-191-img-1/600/600;https://picsum.photos/seed/product-191-img-2/600/600;https://picsum.photos/seed/product-191-img-3/600/600;https://picsum.photos/seed/product-191-img-4/600/600,"Описание товара Чехол Стильный Pixel-191. Это отличный выбор, если вы ищете чехол. В комплекте 5 фото.",чехол;стильный,chekhol-stilnyy-pixel-191
192,Наушники Быстрый Pixel-192,20645,https://picsum.photos/seed/product-192-img-0/600/600;https://picsum.photos/seed/product-192-img-1/600/600;https://picsum.photos/seed/product-192-img-2/600/600,"Описание товара Наушники Быстрый Pixel-192. Это отличный выбор, если вы ищете наушники. В комплекте 3 фото.",наушники;быстрый,naushniki-bystryy-pixel-192
193,Наушники Стильный Pixel-193,22886,https://picsum.photos/seed/product-193-img-0/600/600;https://picsum.photos/seed/product-193-img-1/600/600;https://picsum.photos/seed/product-193-img-2/600/600;https://picsum.photos/seed/product-193-img-3/600/600,"Описание товара Наушники Стильный Pixel-193. Это отличный выбор, если вы ищете наушники. В комплекте 4 фото.",наушники;стильный,naushniki-stilnyy-pixel-193
194,Чехол Красный Pixel-194,12602,https://picsum.photos/seed/product-194-img-0/600/600;https://picsum.photos/seed/product-194-img-1/600/600,"Описание товара Чехол Красный Pixel-194. Это отличный выбор, если вы ищете чехол. В комплекте 2 фото.",чехол;красный,chekhol-krasnyy-pixel-194
195,Ноутбук Красный Pixel-195,45354,https://picsum.photos/seed/product-195-img-0/600/600;https://picsum.photos/seed/product-195-img-1/600/600;https://picsum.photos/seed/product-195-img-2/600/600,"Описание товара Ноутбук Красный Pixel-195. Это отличный выбор, если вы ищете ноутбук. В комплекте 3 фото.",ноутбук;красный,noutbuk-krasnyy-pixel-195
196,Ноутбук Бюджетный Pixel-196,12838,https://picsum.photos/seed/product-196-img-0/600/600;https://picsum.photos/seed/product-196-img-1/600/600,"Описание товара Ноутбук Бюджетный Pixel-196. Это отличный выбор, если вы ищете ноутбук. В комплекте 2 фото.",ноутбук;бюджет,noutbuk-byudzhetnyy-pixel-196
197,Ноутбук Стильный Pixel-197,26314,https://picsum.photos/seed/product-197-img-0/600/600;https://picsum.photos/seed/product-197-img-1/600/600;https://picsum.photos/seed/product-197-img-2/600/600,"Описание товара Ноутбук Стильный Pixel-197. Это отличный выбор, если вы ищете ноутбук. В комплекте 3 фото.",ноутбук;стильный,noutbuk-stilnyy-pixel-197
198,Смартфон Мощный Pixel-198,22870,https://picsum.photos/seed/product-198-img-0/600/600;https://picsum.photos/seed/product-198-img-1/600/600;https://picsum.photos/seed/product-198-img-2/600/600;https://picsum.photos/seed/product-198-img-3/600/600;https://picsum.photos/seed/product-198-img-4/600/600,"Описание товара Смартфон Мощный Pixel-198. Это отличный выбор, если вы ищете смартфон. В комплекте 5 фото.",смартфон;мощный,smartfon-moshchnyy-pixel-198
199,Наушники Флагманский Pixel-199,44440,https://picsum.photos/seed/product-199-img-0/600/600;https://picsum.photos/seed/product-199-img-1/600/600;https://picsum.photos/seed/product-199-img-2/600/600,"Описание товара Наушники Флагманский Pixel-199. Это отличный выбор, если вы ищете наушники. В комплекте 3 фото.",наушники;флагман,naushniki-flagmanskiy-pixel-199
200,Ноутбук Стильный Pixel-200,27375,https://picsum.photos/seed/product-200-img-0/600/600;https://picsum.photos/seed/product-200-img-1/600/600;https://picsum.photos/seed/product-200-img-2/600/600,"Описание товара Ноутбук Стильный Pixel-200. Это отличный выбор, если вы ищете ноутбук. В комплекте 3 фото.",ноутбук;стильный,noutbuk-stilnyy-pixel-200
201,Часы Красный Pixel-201,3979,https://picsum.photos/seed/product-201-img-0/600/600;https://picsum.photos/seed/product-201-img-1/600/600,"Описание товара Часы Красный Pixel-201. Это отличный выбор, если вы ищете часы. В комплекте 2 фото.",часы;красный,chasy-krasnyy-pixel-201
202,Чехол Быстрый Pixel-202,731,https://picsum.photos/seed/product-202-img-0/600/600;https://picsum.photos/seed/product-202-img-1/600/600,"Описание товара Чехол Быстрый Pixel-202. Это отличный выбор, если вы ищете чехол. В комплекте 2 фото.",чехол;быстрый,chekhol-bystryy-pixel-202
203,Чехол Мощный Pixel-203,47748,https://picsum.photos/seed/product-203-img-0/600/600;https://picsum.photos/seed/product-203-img-1/600/600,"Описание товара Чехол Мощный Pixel-203. Это отличный выбор, если вы ищете чехол. В комплекте 2 фото.",чехол;мощный,chekhol-moshchnyy-pixel-203
204,Чехол Флагманский Pixel-204,30725,https://picsum.photos/seed/product-204-img-0/600/600;https://picsum.photos/seed/product-204-img-1/600/600;https://picsum.photos/seed/product-204-img-2/600/600;https://picsum.photos/seed/product-204-img-3/600/600;https://picsum.photos/seed/product-204-img-4/600/600,"Описание товара Чехол Флагманский Pixel-204. Это отличный выбор, если вы ищете чехол. В комплекте 5 фото.",чехол;флагман,chekhol-flagmanskiy-pixel-204
205,Смартфон Мощный Pixel-205,31393,https://picsum.photos/seed/product-205-img-0/600/600;https://picsum.photos/seed/product-205-img-1/600/600;https://picsum.photos/seed/product-205-img-2/600/600,"Описание товара Смартфон Мощный Pixel-205. Это отличный выбор, если вы ищете смартфон. В комплекте 3 фото.",смартфон;мощный,smartfon-moshchnyy-pixel-205
206,Смартфон Красный Pixel-206,18735,https://picsum.photos/seed/product-206-img-0/600/600;https://picsum.photos/seed/product-206-img-1/600/600,"Описание товара Смартфон Красный Pixel-206. Это отличный выбор, если вы ищете смартфон. В комплекте 2 фото.",смартфон;красный,smartfon-krasnyy-pixel-206
207,Ноутбук Красный Pixel-207,45420,https://picsum.photos/seed/product-207-img-0/600/600;https://picsum.photos/seed/product-207-img-1/600/600;https://picsum.photos/seed/product-207-img-2/600/600,"Описание товара Ноутбук Красный Pixel-207. Это отличный выбор, если вы ищете ноутбук. В комплекте 3 фото.",ноутбук;красный,noutbuk-krasnyy-pixel-207
208,Смартфон Мощный Pixel-208,14303,https://picsum.photos/seed/product-208-img-0/600/600;https://picsum.photos/seed/product-208-img-1/600/600,"Описание товара Смартфон Мощный Pixel-208. Это отличный выбор, если вы ищете смартфон. В комплекте 2 фото.",смартфон;мощный,smartfon-moshchnyy-pixel-208
209,Часы Флагманский Pixel-209,16451,https://picsum.photos/seed/product-209-img-0/600/600;https://picsum.photos/seed/product-209-img-1/600/600;https://picsum.photos/seed/product-209-img-2/600/600;https://picsum.photos/seed/product-209-img-3/600/600,"Описание товара Часы Флагманский Pixel-209. Это отличный выбор, если вы ищете часы. В комплекте 4 фото.",часы;флагман,chasy-flagmanskiy-pixel-209
210,Смартфон Мощный Pixel-210,45186,https://picsum.photos/seed/product-210-img-0/600/600;https://picsum.photos/seed/product-210-img-1/600/600;https://picsum.photos/seed/product-210-img-2/600/600;https://picsum.photos/seed/product-210-img-3/600/600;https://picsum.photos/seed/product-210-img-4/600/600,"Описание товара Смартфон Мощный Pixel-210. Это отличный выбор, если вы ищете смартфон. В комплекте 5 фото.",смартфон;мощный,smartfon-moshchnyy-pixel-210
211,Смартфон Красный Pixel-211,9764,https://picsum.photos/seed/product-211-img-0/600/600;https://picsum.photos/seed/product-211-img-1/600/600;https://picsum.photos/seed/product-211-img-2/600/600,"Описание товара Смартфон Красный Pixel-211. Это отличный выбор, если вы ищете смартфон. В комплекте 3 фото.",смартфон;красный,smartfon-krasnyy-pixel-211
212,Ноутбук Красный Pixel-212,29782,https://picsum.photos/seed/product-212-img-0/600/600;https://picsum.photos/seed/product-212-img-1/600/600;https://picsum.photos/seed/product-212-img-2/600/600,"Описание товара Ноутбук Красный Pixel-212. Это отличный выбор, если вы ищете ноутбук. В комплекте 3 фото.",ноутбук;красный,noutbuk-krasnyy-pixel-212
213,Смартфон Красный Pixel-213,925,https://picsum.photos/seed/product-213-img-0/600/600;https://picsum.photos/seed/product-213-img-1/600/600;https://picsum.photos/seed/product-213-img-2/600/600;https://picsum.photos/seed/product-213-img-3/600/600,"Описание товара Смартфон Красный Pixel-213. Это отличный выбор, если вы ищете смартфон. В комплекте 4 фото.",смартфон;красный,smartfon-krasnyy-pixel-213
214,Смартфон Быстрый Pixel-214,45214,https://picsum.photos/seed/product-214-img-0/600/600;https://picsum.photos/seed/product-214-img-1/600/600;https://picsum.photos/seed/product-214-img-2/600/600;https://picsum.photos/seed/product-214-img-3/600/600;https://picsum.photos/seed/product-214-img-4/600/600,"Описание товара Смартфон Быстрый Pixel-214. Это отличный выбор, если вы ищете смартфон. В комплекте 5 фото.",смартфон;быстрый,smartfon-bystryy-pixel-214
215,Ноутбук Красный Pixel-215,8210,https://picsum.photos/seed/product-215-img-0/600/600;https://picsum.photos/seed/product-215-img-1/600/600;https://picsum.photos/seed/product-215-img-2/600/600;https://picsum.photos/seed/product-215-img-3/600/600,"Описание товара Ноутбук Красный Pixel-215. Это отличный выбор, если вы ищете ноутбук. В комплекте 4 фото.",ноутбук;красный,noutbuk-krasnyy-pixel-215
216,Часы Бюджетный Pixel-216,27591,https://picsum.photos/seed/product-216-img-0/600/600;https://picsum.photos/seed/product-216-img-1/600/600;https://picsum.photos/seed/product-216-img-2/600/600,"Описание товара Часы Бюджетный Pixel-216. Это отличный выбор, если вы ищете часы. В комплекте 3 фото.",часы;бюджет,chasy-byudzhetnyy-pixel-216
217,Ноутбук Мощный Pixel-217,27242,https://picsum.photos/seed/product-217-img-0/600/600;https://picsum.photos/seed/product-217-img-1/600/600;https://picsum.photos/seed/product-217-img-2/600/600,"Описание товара Ноутбук Мощный Pixel-217. Это отличный выбор, если вы ищете ноутбук. В комплекте 3 фото.",ноутбук;мощный,noutbuk-moshchnyy-pixel-217
218,Часы Флагманский Pixel-218,29040,https://picsum.photos/seed/product-218-img-0/600/600;https://picsum.photos/seed/product-218-img-1/600/600,"Описание товара Часы Флагманский Pixel-218. Это отличный выбор, если вы ищете часы. В комплекте 2 фото.",часы;флагман,chasy-flagmanskiy-pixel-218
219,Часы Стильный Pixel-219,31723,https://picsum.photos/seed/product-219-img-0/600/600;https://picsum.photos/seed/product-219-img-1/600/600;https://picsum.photos/seed/product-219-img-2/600/600;https://picsum.photos/seed/product-219-img-3/600/600;https://picsum.photos/seed/product-219-img-4/600/600,"Описание товара Часы Стильный Pixel-219. Это отличный выбор, если вы ищете часы. В комплекте 5 фото.",часы;стильный,chasy-stilnyy-pixel-219
220,Ноутбук Флагманский Pixel-220,39179,https://picsum.photos/seed/product-220-img-0/600/600;https://picsum.photos/seed/product-220-img-1/600/600,"Описание товара Ноутбук Флагманский Pixel-220. Это отличный выбор, если вы ищете ноутбук. В комплекте 2 фото.",ноутбук;флагман,noutbuk-flagmanskiy-pixel-220
221,Ноутбук Бюджетный Pixel-221,34700,https://picsum.photos/seed/product-221-img-0/600/600;https://picsum.photos/seed/product-221-img-1/600/600;https://picsum.photos/seed/product-221-img-2/600/600,"Описание товара Ноутбук Бюджетный Pixel-221. Это отличный выбор, если вы ищете ноутбук. В комплекте 3 фото.",ноутбук;бюджет,noutbuk-byudzhetnyy-pixel-221
222,Смартфон Быстрый Pixel-222,9736,https://picsum.photos/seed/product-222-img-0/600/600;https://picsum.photos/seed/product-222-img-1/600/600;https://picsum.photos/seed/product-222-img-2/600/600;https://picsum.photos/seed/product-222-img-3/600/600,"Описание товара Смартфон Быстрый Pixel-222. Это отличный выбор, если вы ищете смартфон. В комплекте 4 фото.",смартфон;быстрый,smartfon-bystryy-pixel-222
223,Ноутбук Стильный Pixel-223,40220,https://picsum.photos/seed/product-223-img-0/600/600;https://picsum.photos/seed/product-223-img-1/600/600;https://picsum.photos/seed/product-223-img-2/600/600,"Описание товара Ноутбук Стильный Pixel-223. Это отличный выбор, если вы ищете ноутбук. В комплекте 3 фото.",ноутбук;стильный,noutbuk-stilnyy-pixel-223
224,Чехол Мощный Pixel-224,12534,https://picsum.photos/seed/product-224-img-0/600/600;https://picsum.photos/seed/product-224-img-1/600/600;https://picsum.photos/seed/product-224-img-2/600/600;https://picsum.photos/seed/product-224-img-3/600/600,"Описание товара Чехол Мощный Pixel-224. Это отличный выбор, если вы ищете чехол. В комплекте 4 фото.",чехол;мощный,chekhol-moshchnyy-pixel-224
225,Часы Быстрый Pixel-225,7553,https://picsum.photos/seed/product-225-img-0/600/600;https://picsum.photos/seed/product-225-img-1/600/600,"Описание товара Часы Быстрый Pixel-225. Это отличный выбор, если вы ищете часы. В комплекте 2 фото.",часы;быстрый,chasy-bystryy-pixel-225
226,Часы Мощный Pixel-226,3609,https://picsum.photos/seed/product-226-img-0/600/600;https://picsum.photos/seed/product-226-img-1/600/600,"Описание товара Часы Мощный Pixel-226. Это отличный выбор, если вы ищете часы. В комплекте 2 фото.",часы;мощный,chasy-moshchnyy-pixel-226
227,Чехол Флагманский Pixel-227,18578,https://picsum.photos/seed/product-227-img-0/600/600;https://picsum.photos/seed/product-227-img-1/600/600;https://picsum.photos/seed/product-227-img-2/600/600,"Описание товара Чехол Флагманский Pixel-227. Это отличный выбор, если вы ищете чехол. В комплекте 3 фото.",чехол;флагман,chekhol-flagmanskiy-pixel-227
228,Смартфон Быстрый Pixel-228,19133,https://picsum.photos/seed/product-228-img-0/600/600;https://picsum.photos/seed/product-228-img-1/600/600;https://picsum.photos/seed/product-228-img-2/600/600;https://picsum.photos/seed/product-228-img-3/600/600;https://picsum.photos/seed/product-228-img-4/600/600,"Описание товара Смартфон Быстрый Pixel-228. Это отличный выбор, если вы ищете смартфон. В комплекте 5 фото.",смартфон;быстрый,smartfon-bystryy-pixel-228
229,Смартфон Мощный Pixel-229,31620,https://picsum.photos/seed/product-229-img-0/600/600;https://picsum.photos/seed/product-229-img-1/600/600,"Описание товара Смартфон Мощный Pixel-229. Это отличный выбор, если вы ищете смартфон. В комплекте 2 фото.",смартфон;мощный,smartfon-moshchnyy-pixel-229
230,Смартфон Красный Pixel-230,21239,https://picsum.photos/seed/product-230-img-0/600/600;https://picsum.photos/seed/product-230-img-1/600/600;https://picsum.photos/seed/product-230-img-2/600/600;https://picsum.photos/seed/product-230-img-3/600/600;https://picsum.photos/seed/product-230-img-4/600/600,"Описание товара Смартфон Красный Pixel-230. Это отличный выбор, если вы ищете смартфон. В комплекте 5 фото.",смартфон;красный,smartfon-krasnyy-pixel-230
231,Ноутбук Флагманский Pixel-231,32829,https://picsum.photos/seed/product-231-img-0/600/600;https://picsum.photos/seed/product-231-img-1/600/600;https://picsum.photos/seed/product-231-img-2/600/600;https://picsum.photos/seed/product-231-img-3/600/600;https://picsum.photos/seed/product-231-img-4/600/600,"Описание товара Ноутбук Флагманский Pixel-231. Это отличный выбор, если вы ищете ноутбук. В комплекте 5 фото.",ноутбук;флагман,noutbuk-flagmanskiy-pixel-231
232,Чехол Флагманский Pixel-232,14406,https://picsum.photos/seed/product-232-img-0/600/600;https://picsum.photos/seed/product-232-img-1/600/600,"Описание товара Чехол Флагманский Pixel-232. Это отличный выбор, если вы ищете чехол. В комплекте 2 фото.",чехол;флагман,chekhol-flagmanskiy-pixel-232
233,Часы Бюджетный Pixel-233,47468,https://picsum.photos/seed/product-233-img-0/600/600;https://picsum.photos/seed/product-233-img-1/600/600,"Описание товара Часы Бюджетный Pixel-233. Это отличный выбор, если вы ищете часы. В комплекте 2 фото.",часы;бюджет,chasy-byudzhetnyy-pixel-233
234,Наушники Красный Pixel-234,3545,https://picsum.photos/seed/product-234-img-0/600/600;https://picsum.photos/seed/product-234-img-1/600/600;https://picsum.photos/seed/product-234-img-2/600/600,"Описание товара Наушники Красный Pixel-234. Это отличный выбор, если вы ищете наушники. В комплекте 3 фото.",наушники;красный,naushniki-krasnyy-pixel-234
235,Чехол Флагманский Pixel-235,23500,https://picsum.photos/seed/product-235-img-0/600/600;https://picsum.photos/seed/product-235-img-1/600/600;https://picsum.photos/seed/product-235-img-2/600/600,"Описание товара Чехол Флагманский Pixel-235. Это отличный выбор, если вы ищете чехол. В комплекте 3 фото.",чехол;флагман,chekhol-flagmanskiy-pixel-235
236,Ноутбук Мощный Pixel-236,42358,https://picsum.photos/seed/product-236-img-0/600/600;https://picsum.photos/seed/product-236-img-1/600/600;https://picsum.photos/seed/product-236-img-2/600/600;https://picsum.photos/seed/product-236-img-3/600/600,"Описание товара Ноутбук Мощный Pixel-236. Это отличный выбор, если вы ищете ноутбук. В комплекте 4 фото.",ноутбук;мощный,noutbuk-moshchnyy-pixel-236
237,Чехол Быстрый Pixel-237,12779,https://picsum.photos/seed/product-237-img-0/600/600;https://picsum.photos/seed/product-237-img-1/600/600;https://picsum.photos/seed/product-237-img-2/600/600;https://picsum.photos/seed/product-237-img-3/600/600;https://picsum.photos/seed/product-237-img-4/600/600,"Описание товара Чехол Быстрый Pixel-237. Это отличный выбор, если вы ищете чехол. В комплекте 5 фото.",чехол;быстрый,chekhol-bystryy-pixel-237
238,Ноутбук Бюджетный Pixel-238,29064,https://picsum.photos/seed/product-238-img-0/600/600;https://picsum.photos/seed/product-238-img-1/600/600;https://picsum.photos/seed/product-238-img-2/600/600,"Описание товара Ноутбук Бюджетный Pixel-238. Это отличный выбор, если вы ищете ноутбук. В комплекте 3 фото.",ноутбук;бюджет,noutbuk-byudzhetnyy-pixel-238
239,Смартфон Стильный Pixel-239,2137,https://picsum.photos/seed/product-239-img-0/600/600;https://picsum.photos/seed/product-239-img-1/600/600;https://picsum.photos/seed/product-239-img-2/600/600,"Описание товара Смартфон Стильный Pixel-239. Это отличный выбор, если вы ищете смартфон. В комплекте 3 фото.",смартфон;стильный,smartfon-stilnyy-pixel-239
240,Наушники Флагманский Pixel-240,12733,https://picsum.photos/seed/product-240-img-0/600/600;https://picsum.photos/seed/product-240-img-1/600/600,"Описание товара Наушники Флагманский Pixel-240. Это отличный выбор, если вы ищете наушники. В комплекте 2 фото.",наушники;флагман,naushniki-flagmanskiy-pixel-240
241,Чехол Бюджетный Pixel-241,34460,https://picsum.photos/seed/product-241-img-0/600/600;https://picsum.photos/seed/product-241-img-1/600/600;https://picsum.photos/seed/product-241-img-2/600/600;https://picsum.photos/seed/product-241-img-3/600/600;https://picsum.photos/seed/product-241-img-4/600/600,"Описание товара Чехол Бюджетный Pixel-241. Это отличный выбор, если вы ищете чехол. В комплекте 5 фото.",чехол;бюджет,chekhol-byudzhetnyy-pixel-241
242,Чехол Быстрый Pixel-242,20015,https://picsum.photos/seed/product-242-img-0/600/600;https://picsum.photos/seed/product-242-img-1/600/600;https://picsum.photos/seed/product-242-img-2/600/600;https://picsum.photos/seed/product-242-img-3/600/600;https://picsum.photos/seed/product-242-img-4/600/600,"Описание товара Чехол Быстрый Pixel-242. Это отличный выбор, если вы ищете чехол. В комплекте 5 фото.",чехол;быстрый,chekhol-bystryy-pixel-242
243,Чехол Флагманский Pixel-243,46792,https://picsum.photos/seed/product-243-img-0/600/600;https://picsum.photos/seed/product-243-img-1/600/600;https://picsum.photos/seed/product-243-img-2/600/600;https://picsum.photos/seed/product-243-img-3/600/600,"Описание товара Чехол Флагманский Pixel-243. Это отличный выбор, если вы ищете чехол. В комплекте 4 фото.",чехол;флагман,chekhol-flagmanskiy-pixel-243
244,Чехол Стильный Pixel-244,15670,https://picsum.photos/seed/product-244-img-0/600/600;https://picsum.photos/seed/product-244-img-1/600/600;https://picsum.photos/seed/product-244-img-2/600/600;https://picsum.photos/seed/product-244-img-3/600/600;https://picsum.photos/seed/product-244-img-4/600/600,"Описание товара Чехол Стильный Pixel-244. Это отличный выбор, если вы ищете чехол. В комплекте 5 фото.",чехол;стильный,chekhol-stilnyy-pixel-244
245,Смартфон Мощный Pixel-245,18164,https://picsum.photos/seed/product-245-img-0/600/600;https://picsum.photos/seed/product-245-img-1/600/600;https://picsum.photos/seed/product-245-img-2/600/600,"Описание товара Смартфон Мощный Pixel-245. Это отличный выбор, если вы ищете смартфон. В комплекте 3 фото.",смартфон;мощный,smartfon-moshchnyy-pixel-245
246,Ноутбук Быстрый Pixel-246,19714,https://picsum.photos/seed/product-246-img-0/600/600;https://picsum.photos/seed/product-246-img-1/600/600;https://picsum.photos/seed/product-246-img-2/600/600;https://picsum.photos/seed/product-246-img-3/600/600;https://picsum.photos/seed/product-246-img-4/600/600,"Описание товара Ноутбук Быстрый Pixel-246. Это отличный выбор, если вы ищете ноутбук. В комплекте 5 фото.",ноутбук;быстрый,noutbuk-bystryy-pixel-246
247,Смартфон Флагманский Pixel-247,649,https://picsum.photos/seed/product-247-img-0/600/600;https://picsum.photos/seed/product-247-img-1/600/600,"Описание товара Смартфон Флагманский Pixel-247. Это отличный выбор, если вы ищете смартфон. В комплекте 2 фото.",смартфон;флагман,smartfon-flagmanskiy-pixel-247
248,Чехол Флагманский Pixel-248,42991,https://picsum.photos/seed/product-248-img-0/600/600;https://picsum.photos/seed/product-248-img-1/600/600;https://picsum.photos/seed/product-248-img-2/600/600;https://picsum.photos/seed/product-248-img-3/600/600;https://picsum.photos/seed/product-248-img-4/600/600,"Описание товара Чехол Флагманский Pixel-248. Это отличный выбор, если вы ищете чехол. В комплекте 5 фото.",чехол;флагман,chekhol-flagmanskiy-pixel-248
249,Чехол Стильный Pixel-249,3766,https://picsum.photos/seed/product-249-img-0/600/600;https://picsum.photos/seed/product-249-img-1/600/600;https://picsum.photos/seed/product-249-img-2/600/600;https://picsum.photos/seed/product-249-img-3/600/600,"Описание товара Чехол Стильный Pixel-249. Это отличный выбор, если вы ищете чехол. В комплекте 4 фото.",чехол;стильный,chekhol-stilnyy-pixel-249
250,Смартфон Бюджетный Pixel-250,46058,https://picsum.photos/seed/product-250-img-0/600/600;https://picsum.photos/seed/product-250-img-1/600/600,"Описание товара Смартфон Бюджетный Pixel-250. Это отличный выбор, если вы ищете смартфон. В комплекте 2 фото.",смартфон;бюджет,smartfon-byudzhetnyy-pixel-250
251,Часы Стильный Pixel-251,33704,https://picsum.photos/seed/product-251-img-0/600/600;https://picsum.photos/seed/product-251-img-1/600/600,"Описание товара Часы Стильный Pixel-251. Это отличный выбор, если вы ищете часы. В комплекте 2 фото.",часы;стильный,chasy-stilnyy-pixel-251
252,Наушники Красный Pixel-252,21669,https://picsum.photos/seed/product-252-img-0/600/600;https://picsum.photos/seed/product-252-img-1/600/600;https://picsum.photos/seed/product-252-img-2/600/600;https://picsum.photos/seed/product-252-img-3/600/600;https://picsum.photos/seed/product-252-img-4/600/600,"Описание товара Наушники Красный Pixel-252. Это отличный выбор, если вы ищете наушники. В комплекте 5 фото.",наушники;красный,naushniki-krasnyy-pixel-252
253,Чехол Бюджетный Pixel-253,45128,https://picsum.photos/seed/product-253-img-0/600/600;https://picsum.photos/seed/product-253-img-1/600/600;https://picsum.photos/seed/product-253-img-2/600/600;https://picsum.photos/seed/product-253-img-3/600/600;https://picsum.photos/seed/product-253-img-4/600/600,"Описание товара Чехол Бюджетный Pixel-253. Это отличный выбор, если вы ищете чехол. В комплекте 5 фото.",чехол;бюджет,chekhol-byudzhetnyy-pixel-253
254,Наушники Стильный Pixel-254,36315,https://picsum.photos/seed/product-254-img-0/600/600;https://picsum.photos/seed/product-254-img-1/600/600;https://picsum.photos/seed/product-254-img-2/600/600;https://picsum.photos/seed/product-254-img-3/600/600,"Описание товара Наушники Стильный Pixel-254. Это отличный выбор, если вы ищете наушники. В комплекте 4 фото.",наушники;стильный,naushniki-stilnyy-pixel-254
255,Чехол Стильный Pixel-255,29547,https://picsum.photos/seed/product-255-img-0/600/600;https://picsum.photos/seed/product-255-img-1/600/600;https://picsum.photos/seed/product-255-img-2/600/600,"Описание товара Чехол Стильный Pixel-255. Это отличный выбор, если вы ищете чехол. В комплекте 3 фото.",чехол;стильный,chekhol-stilnyy-pixel-255
256,Часы Бюджетный Pixel-256,28183,https://picsum.photos/seed/product-256-img-0/600/600;https://picsum.photos/seed/product-256-img-1/600/600;https://picsum.photos/seed/product-256-img-2/600/600;https://picsum.photos/seed/product-256-img-3/600/600;https://picsum.photos/seed/product-256-img-4/600/600,"Описание товара Часы Бюджетный Pixel-256. Это отличный выбор, если вы ищете часы. В комплекте 5 фото.",часы;бюджет,chasy-byudzhetnyy-pixel-256
257,Смартфон Флагманский Pixel-257,7994,https://picsum.photos/seed/product-257-img-0/600/600;https://picsum.photos/seed/product-257-img-1/600/600;https://picsum.photos/seed/product-257-img-2/600/600;https://picsum.photos/seed/product-257-img-3/600/600,"Описание товара Смартфон Флагманский Pixel-257. Это отличный выбор, если вы ищете смартфон. В комплекте 4 фото.",смартфон;флагман,smartfon-flagmanskiy-pixel-257
258,Часы Красный Pixel-258,13300,https://picsum.photos/seed/product-258-img-0/600/600;https://picsum.photos/seed/product-258-img-1/600/600;https://picsum.photos/seed/product-258-img-2/600/600;https://picsum.photos/seed/product-258-img-3/600/600,"Описание товара Часы Красный Pixel-258. Это отличный выбор, если вы ищете часы. В комплекте 4 фото.",часы;красный,chasy-krasnyy-pixel-258
259,Ноутбук Бюджетный Pixel-259,4741,https://picsum.photos/seed/product-259-img-0/600/600;https://picsum.photos/seed/product-259-img-1/600/600;https://picsum.photos/seed/product-259-img-2/600/600,"Описание товара Ноутбук Бюджетный Pixel-259. Это отличный выбор, если вы ищете ноутбук. В комплекте 3 фото.",ноутбук;бюджет,noutbuk-byudzhetnyy-pixel-259
260,Наушники Красный Pixel-260,37725,https://picsum.photos/seed/product-260-img-0/600/600;https://picsum.photos/seed/product-260-img-1/600/600;https://picsum.photos/seed/product-260-img-2/600/600,"Описание товара Наушники Красный Pixel-260. Это отличный выбор, если вы ищете наушники. В комплекте 3 фото.",наушники;красный,naushniki-krasnyy-pixel-260
261,Ноутбук Мощный Pixel-261,1314,https://picsum.photos/seed/product-261-img-0/600/600;https://picsum.photos/seed/product-261-img-1/600/600,"Описание товара Ноутбук Мощный Pixel-261. Это отличный выбор, если вы ищете ноутбук. В комплекте 2 фото.",ноутбук;мощный,noutbuk-moshchnyy-pixel-261
262,Ноутбук Флагманский Pixel-262,42957,https://picsum.photos/seed/product-262-img-0/600/600;https://picsum.photos/seed/product-262-img-1/600/600;https://picsum.photos/seed/product-262-img-2/600/600;https://picsum.photos/seed/product-262-img-3/600/600;https://picsum.photos/seed/product-262-img-4/600/600,"Описание товара Ноутбук Флагманский Pixel-262. Это отличный выбор, если вы ищете ноутбук. В комплекте 5 фото.",ноутбук;флагман,noutbuk-flagmanskiy-pixel-262
263,Наушники Бюджетный Pixel-263,36673,https://picsum.photos/seed/product-263-img-0/600/600;https://picsum.photos/seed/product-263-img-1/600/600;https://picsum.photos/seed/product-263-img-2/600/600;https://picsum.photos/seed/product-263-img-3/600/600;https://picsum.photos/seed/product-263-img-4/600/600,"Описание товара Наушники Бюджетный Pixel-263. Это отличный выбор, если вы ищете наушники. В комплекте 5 фото.",наушники;бюджет,naushniki-byudzhetnyy-pixel-263
264,Ноутбук Флагманский Pixel-264,38517,https://picsum.photos/seed/product-264-img-0/600/600;https://picsum.photos/seed/product-264-img-1/600/600;https://picsum.photos/seed/product-264-img-2/600/600;https://picsum.photos/seed/product-264-img-3/600/600;https://picsum.photos/seed/product-264-img-4/600/600,"Описание товара Ноутбук Флагманский Pixel-264. Это отличный выбор, если вы ищете ноутбук. В комплекте 5 фото.",ноутбук;флагман,noutbuk-flagmanskiy-pixel-264
265,Часы Мощный Pixel-265,36904,https://picsum.photos/seed/product-265-img-0/600/600;https://picsum.photos/seed/product-265-img-1/600/600;https://picsum.photos/seed/product-265-img-2/600/600;https://picsum.photos/seed/product-265-img-3/600/600,"Описание товара Часы Мощный Pixel-265. Это отличный выбор, если вы ищете часы. В комплекте 4 фото.",часы;мощный,chasy-moshchnyy-pixel-265
266,Наушники Бюджетный Pixel-266,13840,https://picsum.photos/seed/product-266-img-0/600/600;https://picsum.photos/seed/product-266-img-1/600/600,"Описание товара Наушники Бюджетный Pixel-266. Это отличный выбор, если вы ищете наушники. В комплекте 2 фото.",наушники;бюджет,naushniki-byudzhetnyy-pixel-266
267,Часы Стильный Pixel-267,22936,https://picsum.photos/seed/product-267-img-0/600/600;https://picsum.photos/seed/product-267-img-1/600/600;https://picsum.photos/seed/product-267-img-2/600/600;https://picsum.photos/seed/product-267-img-3/600/600;https://picsum.photos/seed/product-267-img-4/600/600,"Описание товара Часы Стильный Pixel-267. Это отличный выбор, если вы ищете часы. В комплекте 5 фото.",часы;стильный,chasy-stilnyy-pixel-267
268,Часы Стильный Pixel-268,47838,https://picsum.photos/seed/product-268-img-0/600/600;https://picsum.photos/seed/product-268-img-1/600/600,"Описание товара Часы Стильный Pixel-268. Это отличный выбор, если вы ищете часы. В комплекте 2 фото.",часы;стильный,chasy-stilnyy-pixel-268
269,Чехол Быстрый Pixel-269,13623,https://picsum.photos/seed/product-269-img-0/600/600;https://picsum.photos/seed/product-269-img-1/600/600;https://picsum.photos/seed/product-269-img-2/600/600,"Описание товара Чехол Быстрый Pixel-269. Это отличный выбор, если вы ищете чехол. В комплекте 3 фото.",чехол;быстрый,chekhol-bystryy-pixel-269
270,Чехол Красный Pixel-270,12918,https://picsum.photos/seed/product-270-img-0/600/600;https://picsum.photos/seed/product-270-img-1/600/600;https://picsum.photos/seed/product-270-img-2/600/600;https://picsum.photos/seed/product-270-img-3/600/600,"Описание товара Чехол Красный Pixel-270. Это отличный выбор, если вы ищете чехол. В комплекте 4 фото.",чехол;красный,chekhol-krasnyy-pixel-270
271,Наушники Флагманский Pixel-271,969,https://picsum.photos/seed/product-271-img-0/600/600;https://picsum.photos/seed/product-271-img-1/600/600;https://picsum.photos/seed/product-271-img-2/600/600,"Описание товара Наушники Флагманский Pixel-271. Это отличный выбор, если вы ищете наушники. В комплекте 3 фото.",наушники;флагман,naushniki-flagmanskiy-pixel-271
272,Смартфон Быстрый Pixel-272,42927,https://picsum.photos/seed/product-272-img-0/600/600;https://picsum.photos/seed/product-272-img-1/600/600;https://picsum.photos/seed/product-272-img-2/600/600;https://picsum.photos/seed/product-272-img-3/600/600,"Описание товара Смартфон Быстрый Pixel-272. Это отличный выбор, если вы ищете смартфон. В комплекте 4 фото.",смартфон;быстрый,smartfon-bystryy-pixel-272
273,Наушники Бюджетный Pixel-273,35933,https://picsum.photos/seed/product-273-img-0/600/600;https://picsum.photos/seed/product-273-img-1/600/600;https://picsum.photos/seed/product-273-img-2/600/600;https://picsum.photos/seed/product-273-img-3/600/600,"Описание товара Наушники Бюджетный Pixel-273. Это отличный выбор, если вы ищете наушники. В комплекте 4 фото.",наушники;бюджет,naushniki-byudzhetnyy-pixel-273
274,Чехол Флагманский Pixel-274,40758,https://picsum.photos/seed/product-274-img-0/600/600;https://picsum.photos/seed/product-274-img-1/600/600;https://picsum.photos/seed/product-274-img-2/600/600;https://picsum.photos/seed/product-274-img-3/600/600;https://picsum.photos/seed/product-274-img-4/600/600,"Описание товара Чехол Флагманский Pixel-274. Это отличный выбор, если вы ищете чехол. В комплекте 5 фото.",чехол;флагман,chekhol-flagmanskiy-pixel-274
275,Часы Красный Pixel-275,25057,https://picsum.photos/seed/product-275-img-0/600/600;https://picsum.photos/seed/product-275-img-1/600/600;https://picsum.photos/seed/product-275-img-2/600/600,"Описание товара Часы Красный Pixel-275. Это отличный выбор, если вы ищете часы. В комплекте 3 фото.",часы;красный,chasy-krasnyy-pixel-275
276,Наушники Красный Pixel-276,8201,https://picsum.photos/seed/product-276-img-0/600/600;https://picsum.photos/seed/product-276-img-1/600/600;https://picsum.photos/seed/product-276-img-2/600/600;https://picsum.photos/seed/product-276-img-3/600/600,"Описание товара Наушники Красный Pixel-276. Это отличный выбор, если вы ищете наушники. В комплекте 4 фото.",наушники;красный,naushniki-krasnyy-pixel-276
277,Наушники Быстрый Pixel-277,8280,https://picsum.photos/seed/product-277-img-0/600/600;https://picsum.photos/seed/product-277-img-1/600/600,"Описание товара Наушники Быстрый Pixel-277. Это отличный выбор, если вы ищете наушники. В комплекте 2 фото.",наушники;быстрый,naushniki-bystryy-pixel-277
278,Наушники Флагманский Pixel-278,24190,https://picsum.photos/seed/product-278-img-0/600/600;https://picsum.photos/seed/product-278-img-1/600/600,"Описание товара Наушники Флагманский Pixel-278. Это отличный выбор, если вы ищете наушники. В комплекте 2 фото.",наушники;флагман,naushniki-flagmanskiy-pixel-278
279,Чехол Быстрый Pixel-279,35447,https://picsum.photos/seed/product-279-img-0/600/600;https://picsum.photos/seed/product-279-img-1/600/600;https://picsum.photos/seed/product-279-img-2/600/600,"Описание товара Чехол Быстрый Pixel-279. Это отличный выбор, если вы ищете чехол. В комплекте 3 фото.",чехол;быстрый,chekhol-bystryy-pixel-279
280,Смартфон Бюджетный Pixel-280,27138,https://picsum.photos/seed/product-280-img-0/600/600;https://picsum.photos/seed/product-280-img-1/600/600;https://picsum.photos/seed/product-280-img-2/600/600;https://picsum.photos/seed/product-280-img-3/600/600;https://picsum.photos/seed/product-280-img-4/600/600,"Описание товара Смартфон Бюджетный Pixel-280. Это отличный выбор, если вы ищете смартфон. В комплекте 5 фото.",смартфон;бюджет,smartfon-byudzhetnyy-pixel-280
281,Часы Быстрый Pixel-281,14618,https://picsum.photos/seed/product-281-img-0/600/600;https://picsum.photos/seed/product-281-img-1/600/600;https://picsum.photos/seed/product-281-img-2/600/600,"Описание товара Часы Быстрый Pixel-281. Это отличный выбор, если вы ищете часы. В комплекте 3 фото.",часы;быстрый,chasy-bystryy-pixel-281
282,Чехол Стильный Pixel-282,5268,https://picsum.photos/seed/product-282-img-0/600/600;https://picsum.photos/seed/product-282-img-1/600/600;https://picsum.photos/seed/product-282-img-2/600/600;https://picsum.photos/seed/product-282-img-3/600/600;https://picsum.photos/seed/product-282-img-4/600/600,"Описание товара Чехол Стильный Pixel-282. Это отличный выбор, если вы ищете чехол. В комплекте 5 фото.",чехол;стильный,chekhol-stilnyy-pixel-282
283,Смартфон Быстрый Pixel-283,29427,https://picsum.photos/seed/product-283-img-0/600/600;https://picsum.photos/seed/product-283-img-1/600/600;https://picsum.photos/seed/product-283-img-2/600/600,"Описание товара Смартфон Быстрый Pixel-283. Это отличный выбор, если вы ищете смартфон. В комплекте 3 фото.",смартфон;быстрый,smartfon-bystryy-pixel-283
284,Ноутбук Флагманский Pixel-284,36983,https://picsum.photos/seed/product-284-img-0/600/600;https://picsum.photos/seed/product-284-img-1/600/600;https://picsum.photos/seed/product-284-img-2/600/600,"Описание товара Ноутбук Флагманский Pixel-284. Это отличный выбор, если вы ищете ноутбук. В комплекте 3 фото.",ноутбук;флагман,noutbuk-flagmanskiy-pixel-284
285,Ноутбук Стильный Pixel-285,28615,https://picsum.photos/seed/product-285-img-0/600/600;https://picsum.photos/seed/product-285-img-1/600/600;https://picsum.photos/seed/product-285-img-2/600/600;https://picsum.photos/seed/product-285-img-3/600/600;https://picsum.photos/seed/product-285-img-4/600/600,"Описание товара Ноутбук Стильный Pixel-285. Это отличный выбор, если вы ищете ноутбук. В комплекте 5 фото.",ноутбук;стильный,noutbuk-stilnyy-pixel-285
286,Часы Красный Pixel-286,47019,https://picsum.photos/seed/product-286-img-0/600/600;https://picsum.photos/seed/product-286-img-1/600/600;https://picsum.photos/seed/product-286-img-2/600/600;https://picsum.photos/seed/product-286-img-3/600/600,"Описание товара Часы Красный Pixel-286. Это отличный выбор, если вы ищете часы. В комплекте 4 фото.",часы;красный,chasy-krasnyy-pixel-286
287,Ноутбук Флагманский Pixel-287,25233,https://picsum.photos/seed/product-287-img-0/600/600;https://picsum.photos/seed/product-287-img-1/600/600,"Описание товара Ноутбук Флагманский Pixel-287. Это отличный выбор, если вы ищете ноутбук. В комплекте 2 фото.",ноутбук;флагман,noutbuk-flagmanskiy-pixel-287
288,Часы Красный Pixel-288,32364,https://picsum.photos/seed/product-288-img-0/600/600;https://picsum.photos/seed/product-288-img-1/600/600;https://picsum.photos/seed/product-288-img-2/600/600;https://picsum.photos/seed/product-288-img-3/600/600,"Описание товара Часы Красный Pixel-288. Это отличный выбор, если вы ищете часы. В комплекте 4 фото.",часы;красный,chasy-krasnyy-pixel-288
289,Чехол Флагманский Pixel-289,2431,https://picsum.photos/seed/product-289-img-0/600/600;https://picsum.photos/seed/product-289-img-1/600/600;https://picsum.photos/seed/product-289-img-2/600/600;https://picsum.photos/seed/product-289-img-3/600/600;https://picsum.photos/seed/product-289-img-4/600/600,"Описание товара Чехол Флагманский Pixel-289. Это отличный выбор, если вы ищете чехол. В комплекте 5 фото.",чехол;флагман,chekhol-flagmanskiy-pixel-289
290,Смартфон Флагманский Pixel-290,44134,https://picsum.photos/seed/product-290-img-0/600/600;https://picsum.photos/seed/product-290-img-1/600/600;https://picsum.photos/seed/product-290-img-2/600/600;https://picsum.photos/seed/product-290-img-3/600/600,"Описание товара Смартфон Флагманский Pixel-290. Это отличный выбор, если вы ищете смартфон. В комплекте 4 фото.",смартфон;флагман,smartfon-flagmanskiy-pixel-290
291,Ноутбук Красный Pixel-291,44517,https://picsum.photos/seed/product-291-img-0/600/600;https://picsum.photos/seed/product-291-img-1/600/600,"Описание товара Ноутбук Красный Pixel-291. Это отличный выбор, если вы ищете ноутбук. В комплекте 2 фото.",ноутбук;красный,noutbuk-krasnyy-pixel-291
292,Часы Быстрый Pixel-292,32692,https://picsum.photos/seed/product-292-img-0/600/600;https://picsum.photos/seed/product-292-img-1/600/600;https://picsum.photos/seed/product-292-img-2/600/600;https://picsum.photos/seed/product-292-img-3/600/600,"Описание товара Часы Быстрый Pixel-292. Это отличный выбор, если вы ищете часы. В комплекте 4 фото.",часы;быстрый,chasy-bystryy-pixel-292
293,Ноутбук Мощный Pixel-293,10911,https://picsum.photos/seed/product-293-img-0/600/600;https://picsum.photos/seed/product-293-img-1/600/600;https://picsum.photos/seed/product-293-img-2/600/600;https://picsum.photos/seed/product-293-img-3/600/600;https://picsum.photos/seed/product-293-img-4/600/600,"Описание товара Ноутбук Мощный Pixel-293. Это отличный выбор, если вы ищете ноутбук. В комплекте 5 фото.",ноутбук;мощный,noutbuk-moshchnyy-pixel-293
294,Ноутбук Красный Pixel-294,29014,https://picsum.photos/seed/product-294-img-0/600/600;https://picsum.photos/seed/product-294-img-1/600/600;https://picsum.photos/seed/product-294-img-2/600/600,"Описание товара Ноутбук Красный Pixel-294. Это отличный выбор, если вы ищете ноутбук. В комплекте 3 фото.",ноутбук;красный,noutbuk-krasnyy-pixel-294
295,Наушники Мощный Pixel-295,3606,https://picsum.photos/seed/product-295-img-0/600/600;https://picsum.photos/seed/product-295-img-1/600/600;https://picsum.photos/seed/product-295-img-2/600/600;https://picsum.photos/seed/product-295-img-3/600/600;https://picsum.photos/seed/product-295-img-4/600/600,"Описание товара Наушники Мощный Pixel-295. Это отличный выбор, если вы ищете наушники. В комплекте 5 фото.",наушники;мощный,naushniki-moshchnyy-pixel-295
296,Часы Стильный Pixel-296,29949,https://picsum.photos/seed/product-296-img-0/600/600;https://picsum.photos/seed/product-296-img-1/600/600;https://picsum.photos/seed/product-296-img-2/600/600;https://picsum.photos/seed/product-296-img-3/600/600,"Описание товара Часы Стильный Pixel-296. Это отличный выбор, если вы ищете часы. В комплекте 4 фото.",часы;стильный,chasy-stilnyy-pixel-296
297,Ноутбук Мощный Pixel-297,42261,https://picsum.photos/seed/product-297-img-0/600/600;https://picsum.photos/seed/product-297-img-1/600/600;https://picsum.photos/seed/product-297-img-2/600/600;https://picsum.photos/seed/product-297-img-3/600/600,"Описание товара Ноутбук Мощный Pixel-297. Это отличный выбор, если вы ищете ноутбук. В комплекте 4 фото.",ноутбук;мощный,noutbuk-moshchnyy-pixel-297
298,Смартфон Быстрый Pixel-298,34348,https://picsum.photos/seed/product-298-img-0/600/600;https://picsum.photos/seed/product-298-img-1/600/600;https://picsum.photos/seed/product-298-img-2/600/600;https://picsum.photos/seed/product-298-img-3/600/600,"Описание товара Смартфон Быстрый Pixel-298. Это отличный выбор, если вы ищете смартфон. В комплекте 4 фото.",смартфон;быстрый,smartfon-bystryy-pixel-298
299,Чехол Быстрый Pixel-299,25306,https://picsum.photos/seed/product-299-img-0/600/600;https://picsum.photos/seed/product-299-img-1/600/600;https://picsum.photos/seed/product-299-img-2/600/600;https://picsum.photos/seed/product-299-img-3/600/600;https://picsum.photos/seed/product-299-img-4/600/600,"Описание товара Чехол Быстрый Pixel-299. Это отличный выбор, если вы ищете чехол. В комплекте 5 фото.",чехол;быстрый,chekhol-bystryy-pixel-299
300,Чехол Мощный Pixel-300,36819,https://picsum.photos/seed/product-300-img-0/600/600;https://picsum.photos/seed/product-300-img-1/600/600;https://picsum.photos/seed/product-300-img-2/600/600;https://picsum.photos/seed/product-300-img-3/600/600;https://picsum.photos/seed/product-300-img-4/600/600,"Описание товара Чехол Мощный Pixel-300. Это отличный выбор, если вы ищете чехол. В комплекте 5 фото.",чехол;мощный,chekhol-moshchnyy-pixel-300
301,Часы Красный Pixel-301,6876,https://picsum.photos/seed/product-301-img-0/600/600;https://picsum.photos/seed/product-301-img-1/600/600;https://picsum.photos/seed/product-301-img-2/600/600,"Описание товара Часы Красный Pixel-301. Это отличный выбор, если вы ищете часы. В комплекте 3 фото.",часы;красный,chasy-krasnyy-pixel-301
302,Наушники Стильный Pixel-302,25559,https://picsum.photos/seed/product-302-img-0/600/600;https://picsum.photos/seed/product-302-img-1/600/600;https://picsum.photos/seed/product-302-img-2/600/600;https://picsum.photos/seed/product-302-img-3/600/600;https://picsum.photos/seed/product-302-img-4/600/600,"Описание товара Наушники Стильный Pixel-302. Это отличный выбор, если вы ищете наушники. В комплекте 5 фото.",наушники;стильный,naushniki-stilnyy-pixel-302
303,Ноутбук Флагманский Pixel-303,29387,https://picsum.photos/seed/product-303-img-0/600/600;https://picsum.photos/seed/product-303-img-1/600/600;https://picsum.photos/seed/product-303-img-2/600/600;https://picsum.photos/seed/product-303-img-3/600/600,"Описание товара Ноутбук Флагманский Pixel-303. Это отличный выбор, если вы ищете ноутбук. В комплекте 4 фото.",ноутбук;флагман,noutbuk-flagmanskiy-pixel-303
304,Ноутбук Быстрый Pixel-304,28362,https://picsum.photos/seed/product-304-img-0/600/600;https://picsum.photos/seed/product-304-img-1/600/600,"Описание товара Ноутбук Быстрый Pixel-304. Это отличный выбор, если вы ищете ноутбук. В комплекте 2 фото.",ноутбук;быстрый,noutbuk-bystryy-pixel-304
305,Чехол Быстрый Pixel-305,16617,https://picsum.photos/seed/product-305-img-0/600/600;https://picsum.photos/seed/product-305-img-1/600/600;https://picsum.photos/seed/product-305-img-2/600/600;https://picsum.photos/seed/product-305-img-3/600/600;https://picsum.photos/seed/product-305-img-4/600/600,"Описание товара Чехол Быстрый Pixel-305. Это отличный выбор, если вы ищете чехол. В комплекте 5 фото.",чехол;быстрый,chekhol-bystryy-pixel-305
306,Чехол Бюджетный Pixel-306,8820,https://picsum.photos/seed/product-306-img-0/600/600;https://picsum.photos/seed/product-306-img-1/600/600;https://picsum.photos/seed/product-306-img-2/600/600;https://picsum.photos/seed/product-306-img-3/600/600,"Описание товара Чехол Бюджетный Pixel-306. Это отличный выбор, если вы ищете чехол. В комплекте 4 фото.",чехол;бюджет,chekhol-byudzhetnyy-pixel-306
307,Чехол Мощный Pixel-307,44187,https://picsum.photos/seed/product-307-img-0/600/600;https://picsum.photos/seed/product-307-img-1/600/600;https://picsum.photos/seed/product-307-img-2/600/600,"Описание товара Чехол Мощный Pixel-307. Это отличный выбор, если вы ищете чехол. В комплекте 3 фото.",чехол;мощный,chekhol-moshchnyy-pixel-307
308,Смартфон Быстрый Pixel-308,9657,https://picsum.photos/seed/product-308-img-0/600/600;https://picsum.photos/seed/product-308-img-1/600/600;https://picsum.photos/seed/product-308-img-2/600/600;https://picsum.photos/seed/product-308-img-3/600/600,"Описание товара Смартфон Быстрый Pixel-308. Это отличный выбор, если вы ищете смартфон. В комплекте 4 фото.",смартфон;быстрый,smartfon-bystryy-pixel-308
309,Смартфон Бюджетный Pixel-309,23060,https://picsum.photos/seed/product-309-img-0/600/600;https://picsum.photos/seed/product-309-img-1/600/600;https://picsum.photos/seed/product-309-img-2/600/600,"Описание товара Смартфон Бюджетный Pixel-309. Это отличный выбор, если вы ищете смартфон. В комплекте 3 фото.",смартфон;бюджет,smartfon-byudzhetnyy-pixel-309
310,Часы Стильный Pixel-310,21963,https://picsum.photos/seed/product-310-img-0/600/600;https://picsum.photos/seed/product-310-img-1/600/600;https://picsum.photos/seed/product-310-img-2/600/600;https://picsum.photos/seed/product-310-img-3/600/600;https://picsum.photos/seed/product-310-img-4/600/600,"Описание товара Часы Стильный Pixel-310. Это отличный выбор, если вы ищете часы. В комплекте 5 фото.",часы;стильный,chasy-stilnyy-pixel-310
311,Ноутбук Флагманский Pixel-311,7564,https://picsum.photos/seed/product-311-img-0/600/600;https://picsum.photos/seed/product-311-img-1/600/600;https://picsum.photos/seed/product-311-img-2/600/600;https://picsum.photos/seed/product-311-img-3/600/600,"Описание товара Ноутбук Флагманский Pixel-311. Это отличный выбор, если вы ищете ноутбук. В комплекте 4 фото.",ноутбук;флагман,noutbuk-flagmanskiy-pixel-311
312,Смартфон Флагманский Pixel-312,39620,https://picsum.photos/seed/product-312-img-0/600/600;https://picsum.photos/seed/product-312-img-1/600/600;https://picsum.photos/seed/product-312-img-2/600/600,"Описание товара Смартфон Флагманский Pixel-312. Это отличный выбор, если вы ищете смартфон. В комплекте 3 фото.",смартфон;флагман,smartfon-flagmanskiy-pixel-312
313,Смартфон Флагманский Pixel-313,4149,https://picsum.photos/seed/product-313-img-0/600/600;https://picsum.photos/seed/product-313-img-1/600/600;https://picsum.photos/seed/product-313-img-2/600/600,"Описание товара Смартфон Флагманский Pixel-313. Это отличный выбор, если вы ищете смартфон. В комплекте 3 фото.",смартфон;флагман,smartfon-flagmanskiy-pixel-313
314,Смартфон Мощный Pixel-314,39428,https://picsum.photos/seed/product-314-img-0/600/600;https://picsum.photos/seed/product-314-img-1/600/600;https://picsum.photos/seed/product-314-img-2/600/600;https://picsum.photos/seed/product-314-img-3/600/600;https://picsum.photos/seed/product-314-img-4/600/600,"Описание товара Смартфон Мощный Pixel-314. Это отличный выбор, если вы ищете смартфон. В комплекте 5 фото.",смартфон;мощный,smartfon-moshchnyy-pixel-314
315,Чехол Мощный Pixel-315,33100,https://picsum.photos/seed/product-315-img-0/600/600;https://picsum.photos/seed/product-315-img-1/600/600;https://picsum.photos/seed/product-315-img-2/600/600,"Описание товара Чехол Мощный Pixel-315. Это отличный выбор, если вы ищете чехол. В комплекте 3 фото.",чехол;мощный,chekhol-moshchnyy-pixel-315
316,Смартфон Мощный Pixel-316,13365,https://picsum.photos/seed/product-316-img-0/600/600;https://picsum.photos/seed/product-316-img-1/600/600;https://picsum.photos/seed/product-316-img-2/600/600,"Описание товара Смартфон Мощный Pixel-316. Это отличный выбор, если вы ищете смартфон. В комплекте 3 фото.",смартфон;мощный,smartfon-moshchnyy-pixel-316
317,Ноутбук Стильный Pixel-317,46444,https://picsum.photos/seed/product-317-img-0/600/600;https://picsum.photos/seed/product-317-img-1/600/600;https://picsum.photos/seed/product-317-img-2/600/600;https://picsum.photos/seed/product-317-img-3/600/600,"Описание товара Ноутбук Стильный Pixel-317. Это отличный выбор, если вы ищете ноутбук. В комплекте 4 фото.",ноутбук;стильный,noutbuk-stilnyy-pixel-317
318,Наушники Быстрый Pixel-318,32522,https://picsum.photos/seed/product-318-img-0/600/600;https://picsum.photos/seed/product-318-img-1/600/600;https://picsum.photos/seed/product-318-img-2/600/600,"Описание товара Наушники Быстрый Pixel-318. Это отличный выбор, если вы ищете наушники. В комплекте 3 фото.",наушники;быстрый,naushniki-bystryy-pixel-318
319,Смартфон Стильный Pixel-319,372,https://picsum.photos/seed/product-319-img-0/600/600;https://picsum.photos/seed/product-319-img-1/600/600;https://picsum.photos/seed/product-319-img-2/600/600;https://picsum.photos/seed/product-319-img-3/600/600;https://picsum.photos/seed/product-319-img-4/600/600,"Описание товара Смартфон Стильный Pixel-319. Это отличный выбор, если вы ищете смартфон. В комплекте 5 фото.",смартфон;стильный,smartfon-stilnyy-pixel-319
320,Смартфон Быстрый Pixel-320,44478,https://picsum.photos/seed/product-320-img-0/600/600;https://picsum.photos/seed/product-320-img-1/600/600;https://picsum.photos/seed/product-320-img-2/600/600;https://picsum.photos/seed/product-320-img-3/600/600;https://picsum.photos/seed/product-320-img-4/600/600,"Описание товара Смартфон Быстрый Pixel-320. Это отличный выбор, если вы ищете смартфон. В комплекте 5 фото.",смартфон;быстрый,smartfon-bystryy-pixel-320
321,Чехол Быстрый Pixel-321,13525,https://picsum.photos/seed/product-321-img-0/600/600;https://picsum.photos/seed/product-321-img-1/600/600;https://picsum.photos/seed/product-321-img-2/600/600;https://picsum.photos/seed/product-321-img-3/600/600,"Описание товара Чехол Быстрый Pixel-321. Это отличный выбор, если вы ищете чехол. В комплекте 4 фото.",чехол;быстрый,chekhol-bystryy-pixel-321
322,Смартфон Стильный Pixel-322,24115,https://picsum.photos/seed/product-322-img-0/600/600;https://picsum.photos/seed/product-322-img-1/600/600,"Описание товара Смартфон Стильный Pixel-322. Это отличный выбор, если вы ищете смартфон. В комплекте 2 фото.",смартфон;стильный,smartfon-stilnyy-pixel-322
323,Наушники Бюджетный Pixel-323,31253,https://picsum.photos/seed/product-323-img-0/600/600;https://picsum.photos/seed/product-323-img-1/600/600;https://picsum.photos/seed/product-323-img-2/600/600;https://picsum.photos/seed/product-323-img-3/600/600,"Описание товара Наушники Бюджетный Pixel-323. Это отличный выбор, если вы ищете наушники. В комплекте 4 фото.",наушники;бюджет,naushniki-byudzhetnyy-pixel-323
324,Чехол Бюджетный Pixel-324,5095,https://picsum.photos/seed/product-324-img-0/600/600;https://picsum.photos/seed/product-324-img-1/600/600,"Описание товара Чехол Бюджетный Pixel-324. Это отличный выбор, если вы ищете чехол. В комплекте 2 фото.",чехол;бюджет,chekhol-byudzhetnyy-pixel-324
325,Наушники Флагманский Pixel-325,1056,https://picsum.photos/seed/product-325-img-0/600/600;https://picsum.photos/seed/product-325-img-1/600/600;https://picsum.photos/seed/product-325-img-2/600/600,"Описание товара Наушники Флагманский Pixel-325. Это отличный выбор, если вы ищете наушники. В комплекте 3 фото.",наушники;флагман,naushniki-flagmanskiy-pixel-325
326,Чехол Стильный Pixel-326,31167,https://picsum.photos/seed/product-326-img-0/600/600;https://picsum.photos/seed/product-326-img-1/600/600,"Описание товара Чехол Стильный Pixel-326. Это отличный выбор, если вы ищете чехол. В комплекте 2 фото.",чехол;стильный,chekhol-stilnyy-pixel-326
327,Наушники Мощный Pixel-327,335,https://picsum.photos/seed/product-327-img-0/600/600;https://picsum.photos/seed/product-327-img-1/600/600;https://picsum.photos/seed/product-327-img-2/600/600;https://picsum.photos/seed/product-327-img-3/600/600;https://picsum.photos/seed/product-327-img-4/600/600,"Описание товара Наушники Мощный Pixel-327. Это отличный выбор, если вы ищете наушники. В комплекте 5 фото.",наушники;мощный,naushniki-moshchnyy-pixel-327
328,Чехол Быстрый Pixel-328,29184,https://picsum.photos/seed/product-328-img-0/600/600;https://picsum.photos/seed/product-328-img-1/600/600;https://picsum.photos/seed/product-328-img-2/600/600;https://picsum.photos/seed/product-328-img-3/600/600;https://picsum.photos/seed/product-328-img-4/600/600,"Описание товара Чехол Быстрый Pixel-328. Это отличный выбор, если вы ищете чехол. В комплекте 5 фото.",чехол;быстрый,chekhol-bystryy-pixel-328
329,Часы Флагманский Pixel-329,18649,https://picsum.photos/seed/product-329-img-0/600/600;https://picsum.photos/seed/product-329-img-1/600/600;https://picsum.photos/seed/product-329-img-2/600/600,"Описание товара Часы Флагманский Pixel-329. Это отличный выбор, если вы ищете часы. В комплекте 3 фото.",часы;флагман,chasy-flagmanskiy-pixel-329
330,Наушники Мощный Pixel-330,24861,https://picsum.photos/seed/product-330-img-0/600/600;https://picsum.photos/seed/product-330-img-1/600/600;https://picsum.photos/seed/product-330-img-2/600/600;https://picsum.photos/seed/product-330-img-3/600/600;https://picsum.photos/seed/product-330-img-4/600/600,"Описание товара Наушники Мощный Pixel-330. Это отличный выбор, если вы ищете наушники. В комплекте 5 фото.",наушники;мощный,naushniki-moshchnyy-pixel-330
331,Чехол Быстрый Pixel-331,20473,https://picsum.photos/seed/product-331-img-0/600/600;https://picsum.photos/seed/product-331-img-1/600/600,"Описание товара Чехол Быстрый Pixel-331. Это отличный выбор, если вы ищете чехол. В комплекте 2 фото.",чехол;быстрый,chekhol-bystryy-pixel-331
332,Чехол Быстрый Pixel-332,23497,https://picsum.photos/seed/product-332-img-0/600/600;https://picsum.photos/seed/product-332-img-1/600/600,"Описание товара Чехол Быстрый Pixel-332. Это отличный выбор, если вы ищете чехол. В комплекте 2 фото.",чехол;быстрый,chekhol-bystryy-pixel-332
333,Ноутбук Флагманский Pixel-333,26506,https://picsum.photos/seed/product-333-img-0/600/600;https://picsum.photos/seed/product-333-img-1/600/600;https://picsum.photos/seed/product-333-img-2/600/600;https://picsum.photos/seed/product-333-img-3/600/600,"Описание товара Ноутбук Флагманский Pixel-333. Это отличный выбор, если вы ищете ноутбук. В комплекте 4 фото.",ноутбук;флагман,noutbuk-flagmanskiy-pixel-333
334,Смартфон Флагманский Pixel-334,7437,https://picsum.photos/seed/product-334-img-0/600/600;https://picsum.photos/seed/product-334-img-1/600/600;https://picsum.photos/seed/product-334-img-2/600/600,"Описание товара Смартфон Флагманский Pixel-334. Это отличный выбор, если вы ищете смартфон. В комплекте 3 фото.",смартфон;флагман,smartfon-flagmanskiy-pixel-334
335,Ноутбук Быстрый Pixel-335,45879,https://picsum.photos/seed/product-335-img-0/600/600;https://picsum.photos/seed/product-335-img-1/600/600;https://picsum.photos/seed/product-335-img-2/600/600;https://picsum.photos/seed/product-335-img-3/600/600,"Описание товара Ноутбук Быстрый Pixel-335. Это отличный выбор, если вы ищете ноутбук. В комплекте 4 фото.",ноутбук;быстрый,noutbuk-bystryy-pixel-335
336,Ноутбук Мощный Pixel-336,731,https://picsum.photos/seed/product-336-img-0/600/600;https://picsum.photos/seed/product-336-img-1/600/600,"Описание товара Ноутбук Мощный Pixel-336. Это отличный выбор, если вы ищете ноутбук. В комплекте 2 фото.",ноутбук;мощный,noutbuk-moshchnyy-pixel-336
337,Ноутбук Красный Pixel-337,10412,https://picsum.photos/seed/product-337-img-0/600/600;https://picsum.photos/seed/product-337-img-1/600/600;https://picsum.photos/seed/product-337-img-2/600/600;https://picsum.photos/seed/product-337-img-3/600/600,"Описание товара Ноутбук Красный Pixel-337. Это отличный выбор, если вы ищете ноутбук. В комплекте 4 фото.",ноутбук;красный,noutbuk-krasnyy-pixel-337
338,Наушники Красный Pixel-338,42926,https://picsum.photos/seed/product-338-img-0/600/600;https://picsum.photos/seed/product-338-img-1/600/600;https://picsum.photos/seed/product-338-img-2/600/600,"Описание товара Наушники Красный Pixel-338. Это отличный выбор, если вы ищете наушники. В комплекте 3 фото.",наушники;красный,naushniki-krasnyy-pixel-338
339,Смартфон Бюджетный Pixel-339,26148,https://picsum.photos/seed/product-339-img-0/600/600;https://picsum.photos/seed/product-339-img-1/600/600,"Описание товара Смартфон Бюджетный Pixel-339. Это отличный выбор, если вы ищете смартфон. В комплекте 2 фото.",смартфон;бюджет,smartfon-byudzhetnyy-pixel-339
340,Смартфон Мощный Pixel-340,6339,https://picsum.photos/seed/product-340-img-0/600/600;https://picsum.photos/seed/product-340-img-1/600/600;https://picsum.photos/seed/product-340-img-2/600/600,"Описание товара Смартфон Мощный Pixel-340. Это отличный выбор, если вы ищете смартфон. В комплекте 3 фото.",смартфон;мощный,smartfon-moshchnyy-pixel-340
341,Смартфон Стильный Pixel-341,26111,https://picsum.photos/seed/product-341-img-0/600/600;https://picsum.photos/seed/product-341-img-1/600/600;https://picsum.photos/seed/product-341-img-2/600/600;https://picsum.photos/seed/product-341-img-3/600/600;https://picsum.photos/seed/product-341-img-4/600/600,"Описание товара Смартфон Стильный Pixel-341. Это отличный выбор, если вы ищете смартфон. В комплекте 5 фото.",смартфон;стильный,smartfon-stilnyy-pixel-341
342,Чехол Бюджетный Pixel-342,26612,https://picsum.photos/seed/product-342-img-0/600/600;https://picsum.photos/seed/product-342-img-1/600/600;https://picsum.photos/seed/product-342-img-2/600/600,"Описание товара Чехол Бюджетный Pixel-342. Это отличный выбор, если вы ищете чехол. В комплекте 3 фото.",чехол;бюджет,chekhol-byudzhetnyy-pixel-342
343,Наушники Быстрый Pixel-343,19189,https://picsum.photos/seed/product-343-img-0/600/600;https://picsum.photos/seed/product-343-img-1/600/600;https://picsum.photos/seed/product-343-img-2/600/600,"Описание товара Наушники Быстрый Pixel-343. Это отличный выбор, если вы ищете наушники. В комплекте 3 фото.",наушники;быстрый,naushniki-bystryy-pixel-343
344,Ноутбук Быстрый Pixel-344,24517,https://picsum.photos/seed/product-344-img-0/600/600;https://picsum.photos/seed/product-344-img-1/600/600;https://picsum.photos/seed/product-344-img-2/600/600;https://picsum.photos/seed/product-344-img-3/600/600;https://picsum.photos/seed/product-344-img-4/600/600,"Описание товара Ноутбук Быстрый Pixel-344. Это отличный выбор, если вы ищете ноутбук. В комплекте 5 фото.",ноутбук;быстрый,noutbuk-bystryy-pixel-344
345,Смартфон Флагманский Pixel-345,33049,https://picsum.photos/seed/product-345-img-0/600/600;https://picsum.photos/seed/product-345-img-1/600/600,"Описание товара Смартфон Флагманский Pixel-345. Это отличный выбор, если вы ищете смартфон. В комплекте 2 фото.",смартфон;флагман,smartfon-flagmanskiy-pixel-345
346,Чехол Флагманский Pixel-346,15047,https://picsum.photos/seed/product-346-img-0/600/600;https://picsum.photos/seed/product-346-img-1/600/600;https://picsum.photos/seed/product-346-img-2/600/600,"Описание товара Чехол Флагманский Pixel-346. Это отличный выбор, если вы ищете чехол. В комплекте 3 фото.",чехол;флагман,chekhol-flagmanskiy-pixel-346
347,Ноутбук Быстрый Pixel-347,26951,https://picsum.photos/seed/product-347-img-0/600/600;https://picsum.photos/seed/product-347-img-1/600/600,"Описание товара Ноутбук Быстрый Pixel-347. Это отличный выбор, если вы ищете ноутбук. В комплекте 2 фото.",ноутбук;быстрый,noutbuk-bystryy-pixel-347
348,Часы Флагманский Pixel-348,48821,https://picsum.photos/seed/product-348-img-0/600/600;https://picsum.photos/seed/product-348-img-1/600/600,"Описание товара Часы Флагманский Pixel-348. Это отличный выбор, если вы ищете часы. В комплекте 2 фото.",часы;флагман,chasy-flagmanskiy-pixel-348
349,Наушники Стильный Pixel-349,22003,https://picsum.photos/seed/product-349-img-0/600/600;https://picsum.photos/seed/product-349-img-1/600/600,"Описание товара Наушники Стильный Pixel-349. Это отличный выбор, если вы ищете наушники. В комплекте 2 фото.",наушники;стильный,naushniki-stilnyy-pixel-349
350,Чехол Бюджетный Pixel-350,21750,https://picsum.photos/seed/product-350-img-0/600/600;https://picsum.photos/seed/product-350-img-1/600/600;https://picsum.photos/seed/product-350-img-2/600/600;https://picsum.photos/seed/product-350-img-3/600/600;https://picsum.photos/seed/product-350-img-4/600/600,"Описание товара Чехол Бюджетный Pixel-350. Это отличный выбор, если вы ищете чехол. В комплекте 5 фото.",чехол;бюджет,chekhol-byudzhetnyy-pixel-350
351,Ноутбук Стильный Pixel-351,41172,https://picsum.photos/seed/product-351-img-0/600/600;https://picsum.photos/seed/product-351-img-1/600/600;https://picsum.photos/seed/product-351-img-2/600/600,"Описание товара Ноутбук Стильный Pixel-351. Это отличный выбор, если вы ищете ноутбук. В комплекте 3 фото.",ноутбук;стильный,noutbuk-stilnyy-pixel-351
352,Чехол Флагманский Pixel-352,11561,https://picsum.photos/seed/product-352-img-0/600/600;https://picsum.photos/seed/product-352-img-1/600/600,"Описание товара Чехол Флагманский Pixel-352. Это отличный выбор, если вы ищете чехол. В комплекте 2 фото.",чехол;флагман,chekhol-flagmanskiy-pixel-352
353,Наушники Быстрый Pixel-353,32012,https://picsum.photos/seed/product-353-img-0/600/600;https://picsum.photos/seed/product-353-img-1/600/600;https://picsum.photos/seed/product-353-img-2/600/600;https://picsum.photos/seed/product-353-img-3/600/600;https://picsum.photos/seed/product-353-img-4/600/600,"Описание товара Наушники Быстрый Pixel-353. Это отличный выбор, если вы ищете наушники. В комплекте 5 фото.",наушники;быстрый,naushniki-bystryy-pixel-353
354,Часы Мощный Pixel-354,13555,https://picsum.photos/seed/product-354-img-0/600/600;https://picsum.photos/seed/product-354-img-1/600/600;https://picsum.photos/seed/product-354-img-2/600/600,"Описание товара Часы Мощный Pixel-354. Это отличный выбор, если вы ищете часы. В комплекте 3 фото.",часы;мощный,chasy-moshchnyy-pixel-354
355,Ноутбук Красный Pixel-355,40773,https://picsum.photos/seed/product-355-img-0/600/600;https://picsum.photos/seed/product-355-img-1/600/600;https://picsum.photos/seed/product-355-img-2/600/600;https://picsum.photos/seed/product-355-img-3/600/600;https://picsum.photos/seed/product-355-img-4/600/600,"Описание товара Ноутбук Красный Pixel-355. Это отличный выбор, если вы ищете ноутбук. В комплекте 5 фото.",ноутбук;красный,noutbuk-krasnyy-pixel-355
356,Ноутбук Красный Pixel-356,8392,https://picsum.photos/seed/product-356-img-0/600/600;https://picsum.photos/seed/product-356-img-1/600/600;https://picsum.photos/seed/product-356-img-2/600/600;https://picsum.photos/seed/product-356-img-3/600/600;https://picsum.photos/seed/product-356-img-4/600/600,"Описание товара Ноутбук Красный Pixel-356. Это отличный выбор, если вы ищете ноутбук. В комплекте 5 фото.",ноутбук;красный,noutbuk-krasnyy-pixel-356
357,Наушники Быстрый Pixel-357,31175,https://picsum.photos/seed/product-357-img-0/600/600;https://picsum.photos/seed/product-357-img-1/600/600,"Описание товара Наушники Быстрый Pixel-357. Это отличный выбор, если вы ищете наушники. В комплекте 2 фото.",наушники;быстрый,naushniki-bystryy-pixel-357
358,Ноутбук Флагманский Pixel-358,46404,https://picsum.photos/seed/product-358-img-0/600/600;https://picsum.photos/seed/product-358-img-1/600/600;https://picsum.photos/seed/product-358-img-2/600/600;https://picsum.photos/seed/product-358-img-3/600/600;https://picsum.photos/seed/product-358-img-4/600/600,"Описание товара Ноутбук Флагманский Pixel-358. Это отличный выбор, если вы ищете ноутбук. В комплекте 5 фото.",ноутбук;флагман,noutbuk-flagmanskiy-pixel-358
359,Часы Мощный Pixel-359,7027,https://picsum.photos/seed/product-359-img-0/600/600;https://picsum.photos/seed/product-359-img-1/600/600;https://picsum.photos/seed/product-359-img-2/600/600,"Описание товара Часы Мощный Pixel-359. Это отличный выбор, если вы ищете часы. В комплекте 3 фото.",часы;мощный,chasy-moshchnyy-pixel-359
360,Часы Мощный Pixel-360,44388,https://picsum.photos/seed/product-360-img-0/600/600;https://picsum.photos/seed/product-360-img-1/600/600;https://picsum.photos/seed/product-360-img-2/600/600;https://picsum.photos/seed/product-360-img-3/600/600;https://picsum.photos/seed/product-360-img-4/600/600,"Описание товара Часы Мощный Pixel-360. Это отличный выбор, если вы ищете часы. В комплекте 5 фото.",часы;мощный,chasy-moshchnyy-pixel-360
361,Чехол Мощный Pixel-361,24397,https://picsum.photos/seed/product-361-img-0/600/600;https://picsum.photos/seed/product-361-img-1/600/600,"Описание товара Чехол Мощный Pixel-361. Это отличный выбор, если вы ищете чехол. В комплекте 2 фото.",чехол;мощный,chekhol-moshchnyy-pixel-361
362,Смартфон Стильный Pixel-362,35629,https://picsum.photos/seed/product-362-img-0/600/600;https://picsum.photos/seed/product-362-img-1/600/600;https://picsum.photos/seed/product-362-img-2/600/600;https://picsum.photos/seed/product-362-img-3/600/600;https://picsum.photos/seed/product-362-img-4/600/600,"Описание товара Смартфон Стильный Pixel-362. Это отличный выбор, если вы ищете смартфон. В комплекте 5 фото.",смартфон;стильный,smartfon-stilnyy-pixel-362
363,Наушники Быстрый Pixel-363,46897,https://picsum.photos/seed/product-363-img-0/600/600;https://picsum.photos/seed/product-363-img-1/600/600,"Описание товара Наушники Быстрый Pixel-363. Это отличный выбор, если вы ищете наушники. В комплекте 2 фото.",наушники;быстрый,naushniki-bystryy-pixel-363
364,Чехол Бюджетный Pixel-364,19301,https://picsum.photos/seed/product-364-img-0/600/600;https://picsum.photos/seed/product-364-img-1/600/600;https://picsum.photos/seed/product-364-img-2/600/600;https://picsum.photos/seed/product-364-img-3/600/600,"Описание товара Чехол Бюджетный Pixel-364. Это отличный выбор, если вы ищете чехол. В комплекте 4 фото.",чехол;бюджет,chekhol-byudzhetnyy-pixel-364
365,Часы Мощный Pixel-365,29182,https://picsum.photos/seed/product-365-img-0/600/600;https://picsum.photos/seed/product-365-img-1/600/600,"Описание товара Часы Мощный Pixel-365. Это отличный выбор, если вы ищете часы. В комплекте 2 фото.",часы;мощный,chasy-moshchnyy-pixel-365
366,Ноутбук Флагманский Pixel-366,32559,https://picsum.photos/seed/product-366-img-0/600/600;https://picsum.photos/seed/product-366-img-1/600/600;https://picsum.photos/seed/product-366-img-2/600/600;https://picsum.photos/seed/product-366-img-3/600/600,"Описание товара Ноутбук Флагманский Pixel-366. Это отличный выбор, если вы ищете ноутбук. В комплекте 4 фото.",ноутбук;флагман,noutbuk-flagmanskiy-pixel-366
367,Чехол Красный Pixel-367,38486,https://picsum.photos/seed/product-367-img-0/600/600;https://picsum.photos/seed/product-367-img-1/600/600;https://picsum.photos/seed/product-367-img-2/600/600;https://picsum.photos/seed/product-367-img-3/600/600,"Описание товара Чехол Красный Pixel-367. Это отличный выбор, если вы ищете чехол. В комплекте 4 фото.",чехол;красный,chekhol-krasnyy-pixel-367
368,Часы Быстрый Pixel-368,6357,https://picsum.photos/seed/product-368-img-0/600/600;https://picsum.photos/seed/product-368-img-1/600/600;https://picsum.photos/seed/product-368-img-2/600/600;https://picsum.photos/seed/product-368-img-3/600/600,"Описание товара Часы Быстрый Pixel-368. Это отличный выбор, если вы ищете часы. В комплекте 4 фото.",часы;быстрый,chasy-bystryy-pixel-368
369,Часы Быстрый Pixel-369,32846,https://picsum.photos/seed/product-369-img-0/600/600;https://picsum.photos/seed/product-369-img-1/600/600;https://picsum.photos/seed/product-369-img-2/600/600;https://picsum.photos/seed/product-369-img-3/600/600;https://picsum.photos/seed/product-369-img-4/600/600,"Описание товара Часы Быстрый Pixel-369. Это отличный выбор, если вы ищете часы. В комплекте 5 фото.",часы;быстрый,chasy-bystryy-pixel-369
370,Чехол Флагманский Pixel-370,18395,https://picsum.photos/seed/product-370-img-0/600/600;https://picsum.photos/seed/product-370-img-1/600/600,"Описание товара Чехол Флагманский Pixel-370. Это отличный выбор, если вы ищете чехол. В комплекте 2 фото.",чехол;флагман,chekhol-flagmanskiy-pixel-370
371,Смартфон Мощный Pixel-371,43172,https://picsum.photos/seed/product-371-img-0/600/600;https://picsum.photos/seed/product-371-img-1/600/600;https://picsum.photos/seed/product-371-img-2/600/600,"Описание товара Смартфон Мощный Pixel-371. Это отличный выбор, если вы ищете смартфон. В комплекте 3 фото.",смартфон;мощный,smartfon-moshchnyy-pixel-371
372,Чехол Быстрый Pixel-372,7474,https://picsum.photos/seed/product-372-img-0/600/600;https://picsum.photos/seed/product-372-img-1/600/600;https://picsum.photos/seed/product-372-img-2/600/600;https://picsum.photos/seed/product-372-img-3/600/600;https://picsum.photos/seed/product-372-img-4/600/600,"Описание товара Чехол Быстрый Pixel-372. Это отличный выбор, если вы ищете чехол. В комплекте 5 фото.",чехол;быстрый,chekhol-bystryy-pixel-372
373,Ноутбук Мощный Pixel-373,20394,https://picsum.photos/seed/product-373-img-0/600/600;https://picsum.photos/seed/product-373-img-1/600/600,"Описание товара Ноутбук Мощный Pixel-373. Это отличный выбор, если вы ищете ноутбук. В комплекте 2 фото.",ноутбук;мощный,noutbuk-moshchnyy-pixel-373
374,Ноутбук Стильный Pixel-374,41761,https://picsum.photos/seed/product-374-img-0/600/600;https://picsum.photos/seed/product-374-img-1/600/600;https://picsum.photos/seed/product-374-img-2/600/600;https://picsum.photos/seed/product-374-img-3/600/600;https://picsum.photos/seed/product-374-img-4/600/600,"Описание товара Ноутбук Стильный Pixel-374. Это отличный выбор, если вы ищете ноутбук. В комплекте 5 фото.",ноутбук;стильный,noutbuk-stilnyy-pixel-374
375,Часы Быстрый Pixel-375,33776,https://picsum.photos/seed/product-375-img-0/600/600;https://picsum.photos/seed/product-375-img-1/600/600;https://picsum.photos/seed/product-375-img-2/600/600;https://picsum.photos/seed/product-375-img-3/600/600,"Описание товара Часы Быстрый Pixel-375. Это отличный выбор, если вы ищете часы. В комплекте 4 фото.",часы;быстрый,chasy-bystryy-pixel-375
376,Часы Стильный Pixel-376,40496,https://picsum.photos/seed/product-376-img-0/600/600;https://picsum.photos/seed/product-376-img-1/600/600;https://picsum.photos/seed/product-376-img-2/600/600,"Описание товара Часы Стильный Pixel-376. Это отличный выбор, если вы ищете часы. В комплекте 3 фото.",часы;стильный,chasy-stilnyy-pixel-376
377,Чехол Стильный Pixel-377,12771,https://picsum.photos/seed/product-377-img-0/600/600;https://picsum.photos/seed/product-377-img-1/600/600;https://picsum.photos/seed/product-377-img-2/600/600;https://picsum.photos/seed/product-377-img-3/600/600;https://picsum.photos/seed/product-377-img-4/600/600,"Описание товара Чехол Стильный Pixel-377. Это отличный выбор, если вы ищете чехол. В комплекте 5 фото.",чехол;стильный,chekhol-stilnyy-pixel-377
378,Наушники Флагманский Pixel-378,13425,https://picsum.photos/seed/product-378-img-0/600/600;https://picsum.photos/seed/product-378-img-1/600/600,"Описание товара Наушники Флагманский Pixel-378. Это отличный выбор, если вы ищете наушники. В комплекте 2 фото.",наушники;флагман,naushniki-flagmanskiy-pixel-378
379,Часы Флагманский Pixel-379,49463,https://picsum.photos/seed/product-379-img-0/600/600;https://picsum.photos/seed/product-379-img-1/600/600,"Описание товара Часы Флагманский Pixel-379. Это отличный выбор, если вы ищете часы. В комплекте 2 фото.",часы;флагман,chasy-flagmanskiy-pixel-379
380,Наушники Стильный Pixel-380,18618,https://picsum.photos/seed/product-380-img-0/600/600;https://picsum.photos/seed/product-380-img-1/600/600;https://picsum.photos/seed/product-380-img-2/600/600,"Описание товара Наушники Стильный Pixel-380. Это отличный выбор, если вы ищете наушники. В комплекте 3 фото.",наушники;стильный,naushniki-stilnyy-pixel-380
381,Чехол Красный Pixel-381,44915,https://picsum.photos/seed/product-381-img-0/600/600;https://picsum.photos/seed/product-381-img-1/600/600;https://picsum.photos/seed/product-381-img-2/600/600;https://picsum.photos/seed/product-381-img-3/600/600;https://picsum.photos/seed/product-381-img-4/600/600,"Описание товара Чехол Красный Pixel-381. Это отличный выбор, если вы ищете чехол. В комплекте 5 фото.",чехол;красный,chekhol-krasnyy-pixel-381
382,Ноутбук Мощный Pixel-382,44394,https://picsum.photos/seed/product-382-img-0/600/600;https://picsum.photos/seed/product-382-img-1/600/600;https://picsum.photos/seed/product-382-img-2/600/600,"Описание товара Ноутбук Мощный Pixel-382. Это отличный выбор, если вы ищете ноутбук. В комплекте 3 фото.",ноутбук;мощный,noutbuk-moshchnyy-pixel-382
383,Ноутбук Красный Pixel-383,12333,https://picsum.photos/seed/product-383-img-0/600/600;https://picsum.photos/seed/product-383-img-1/600/600;https://picsum.photos/seed/product-383-img-2/600/600;https://picsum.photos/seed/product-383-img-3/600/600,"Описание товара Ноутбук Красный Pixel-383. Это отличный выбор, если вы ищете ноутбук. В комплекте 4 фото.",ноутбук;красный,noutbuk-krasnyy-pixel-383
384,Ноутбук Стильный Pixel-384,11563,https://picsum.photos/seed/product-384-img-0/600/600;https://picsum.photos/seed/product-384-img-1/600/600,"Описание товара Ноутбук Стильный Pixel-384. Это отличный выбор, если вы ищете ноутбук. В комплекте 2 фото.",ноутбук;стильный,noutbuk-stilnyy-pixel-384
385,Наушники Мощный Pixel-385,33145,https://picsum.photos/seed/product-385-img-0/600/600;https://picsum.photos/seed/product-385-img-1/600/600;https://picsum.photos/seed/product-385-img-2/600/600;https://picsum.photos/seed/product-385-img-3/600/600,"Описание товара Наушники Мощный Pixel-385. Это отличный выбор, если вы ищете наушники. В комплекте 4 фото.",наушники;мощный,naushniki-moshchnyy-pixel-385
386,Наушники Быстрый Pixel-386,28868,https://picsum.photos/seed/product-386-img-0/600/600;https://picsum.photos/seed/product-386-img-1/600/600,"Описание товара Наушники Быстрый Pixel-386. Это отличный выбор, если вы ищете наушники. В комплекте 2 фото.",наушники;быстрый,naushniki-bystryy-pixel-386
387,Смартфон Флагманский Pixel-387,20175,https://picsum.photos/seed/product-387-img-0/600/600;https://picsum.photos/seed/product-387-img-1/600/600;https://picsum.photos/seed/product-387-img-2/600/600;https://picsum.photos/seed/product-387-img-3/600/600;https://picsum.photos/seed/product-387-img-4/600/600,"Описание товара Смартфон Флагманский Pixel-387. Это отличный выбор, если вы ищете смартфон. В комплекте 5 фото.",смартфон;флагман,smartfon-flagmanskiy-pixel-387
388,Наушники Красный Pixel-388,20107,https://picsum.photos/seed/product-388-img-0/600/600;https://picsum.photos/seed/product-388-img-1/600/600;https://picsum.photos/seed/product-388-img-2/600/600;https://picsum.photos/seed/product-388-img-3/600/600;https://picsum.photos/seed/product-388-img-4/600/600,"Описание товара Наушники Красный Pixel-388. Это отличный выбор, если вы ищете наушники. В комплекте 5 фото.",наушники;красный,naushniki-krasnyy-pixel-388
389,Чехол Флагманский Pixel-389,34776,https://picsum.photos/seed/product-389-img-0/600/600;https://picsum.photos/seed/product-389-img-1/600/600;https://picsum.photos/seed/product-389-img-2/600/600;https://picsum.photos/seed/product-389-img-3/600/600;https://picsum.photos/seed/product-389-img-4/600/600,"Описание товара Чехол Флагманский Pixel-389. Это отличный выбор, если вы ищете чехол. В комплекте 5 фото.",чехол;флагман,chekhol-flagmanskiy-pixel-389
390,Смартфон Бюджетный Pixel-390,32314,https://picsum.photos/seed/product-390-img-0/600/600;https://picsum.photos/seed/product-390-img-1/600/600;https://picsum.photos/seed/product-390-img-2/600/600;https://picsum.photos/seed/product-390-img-3/600/600;https://picsum.photos/seed/product-390-img-4/600/600,"Описание товара Смартфон Бюджетный Pixel-390. Это отличный выбор, если вы ищете смартфон. В комплекте 5 фото.",смартфон;бюджет,smartfon-byudzhetnyy-pixel-390
391,Ноутбук Бюджетный Pixel-391,2710,https://picsum.photos/seed/product-391-img-0/600/600;https://picsum.photos/seed/product-391-img-1/600/600,"Описание товара Ноутбук Бюджетный Pixel-391. Это отличный выбор, если вы ищете ноутбук. В комплекте 2 фото.",ноутбук;бюджет,noutbuk-byudzhetnyy-pixel-391
392,Смартфон Стильный Pixel-392,13857,https://picsum.photos/seed/product-392-img-0/600/600;https://picsum.photos/seed/product-392-img-1/600/600;https://picsum.photos/seed/product-392-img-2/600/600,"Описание товара Смартфон Стильный Pixel-392. Это отличный выбор, если вы ищете смартфон. В комплекте 3 фото.",смартфон;стильный,smartfon-stilnyy-pixel-392
393,Ноутбук Быстрый Pixel-393,21032,https://picsum.photos/seed/product-393-img-0/600/600;https://picsum.photos/seed/product-393-img-1/600/600;https://picsum.photos/seed/product-393-img-2/600/600;https://picsum.photos/seed/product-393-img-3/600/600;https://picsum.photos/seed/product-393-img-4/600/600,"Описание товара Ноутбук Быстрый Pixel-393. Это отличный выбор, если вы ищете ноутбук. В комплекте 5 фото.",ноутбук;быстрый,noutbuk-bystryy-pixel-393
394,Ноутбук Красный Pixel-394,44531,https://picsum.photos/seed/product-394-img-0/600/600;https://picsum.photos/seed/product-394-img-1/600/600;https://picsum.photos/seed/product-394-img-2/600/600,"Описание товара Ноутбук Красный Pixel-394. Это отличный выбор, если вы ищете ноутбук. В комплекте 3 фото.",ноутбук;красный,noutbuk-krasnyy-pixel-394
395,Часы Бюджетный Pixel-395,12923,https://picsum.photos/seed/product-395-img-0/600/600;https://picsum.photos/seed/product-395-img-1/600/600,"Описание товара Часы Бюджетный Pixel-395. Это отличный выбор, если вы ищете часы. В комплекте 2 фото.",часы;бюджет,chasy-byudzhetnyy-pixel-395
396,Наушники Бюджетный Pixel-396,48006,https://picsum.photos/seed/product-396-img-0/600/600;https://picsum.photos/seed/product-396-img-1/600/600;https://picsum.photos/seed/product-396-img-2/600/600,"Описание товара Наушники Бюджетный Pixel-396. Это отличный выбор, если вы ищете наушники. В комплекте 3 фото.",наушники;бюджет,naushniki-byudzhetnyy-pixel-396
397,Чехол Красный Pixel-397,12471,https://picsum.photos/seed/product-397-img-0/600/600;https://picsum.photos/seed/product-397-img-1/600/600;https://picsum.photos/seed/product-397-img-2/600/600,"Описание товара Чехол Красный Pixel-397. Это отличный выбор, если вы ищете чехол. В комплекте 3 фото.",чехол;красный,chekhol-krasnyy-pixel-397
398,Часы Быстрый Pixel-398,47097,https://picsum.photos/seed/product-398-img-0/600/600;https://picsum.photos/seed/product-398-img-1/600/600,"Описание товара Часы Быстрый Pixel-398. Это отличный выбор, если вы ищете часы. В комплекте 2 фото.",часы;быстрый,chasy-bystryy-pixel-398
399,Наушники Бюджетный Pixel-399,19910,https://picsum.photos/seed/product-399-img-0/600/600;https://picsum.photos/seed/product-399-img-1/600/600,"Описание товара Наушники Бюджетный Pixel-399. Это отличный выбор, если вы ищете наушники. В комплекте 2 фото.",наушники;бюджет,naushniki-byudzhetnyy-pixel-399
400,Часы Красный Pixel-400,47392,https://picsum.photos/seed/product-400-img-0/600/600;https://picsum.photos/seed/product-400-img-1/600/600,"Описание товара Часы Красный Pixel-400. Это отличный выбор, если вы ищете часы. В комплекте 2 фото.",часы;красный,chasy-krasnyy-pixel-400
401,Ноутбук Бюджетный Pixel-401,16563,https://picsum.photos/seed/product-401-img-0/600/600;https://picsum.photos/seed/product-401-img-1/600/600;https://picsum.photos/seed/product-401-img-2/600/600,"Описание товара Ноутбук Бюджетный Pixel-401. Это отличный выбор, если вы ищете ноутбук. В комплекте 3 фото.",ноутбук;бюджет,noutbuk-byudzhetnyy-pixel-401
402,Наушники Красный Pixel-402,45739,https://picsum.photos/seed/product-402-img-0/600/600;https://picsum.photos/seed/product-402-img-1/600/600;https://picsum.photos/seed/product-402-img-2/600/600,"Описание товара Наушники Красный Pixel-402. Это отличный выбор, если вы ищете наушники. В комплекте 3 фото.",наушники;красный,naushniki-krasnyy-pixel-402
403,Ноутбук Красный Pixel-403,23822,https://picsum.photos/seed/product-403-img-0/600/600;https://picsum.photos/seed/product-403-img-1/600/600;https://picsum.photos/seed/product-403-img-2/600/600;https://picsum.photos/seed/product-403-img-3/600/600;https://picsum.photos/seed/product-403-img-4/600/600,"Описание товара Ноутбук Красный Pixel-403. Это отличный выбор, если вы ищете ноутбук. В комплекте 5 фото.",ноутбук;красный,noutbuk-krasnyy-pixel-403
404,Наушники Бюджетный Pixel-404,46532,https://picsum.photos/seed/product-404-img-0/600/600;https://picsum.photos/seed/product-404-img-1/600/600;https://picsum.photos/seed/product-404-img-2/600/600,"Описание товара Наушники Бюджетный Pixel-404. Это отличный выбор, если вы ищете наушники. В комплекте 3 фото.",наушники;бюджет,naushniki-byudzhetnyy-pixel-404
405,Часы Мощный Pixel-405,28029,https://picsum.photos/seed/product-405-img-0/600/600;https://picsum.photos/seed/product-405-img-1/600/600,"Описание товара Часы Мощный Pixel-405. Это отличный выбор, если вы ищете часы. В комплекте 2 фото.",часы;мощный,chasy-moshchnyy-pixel-405
406,Наушники Стильный Pixel-406,21577,https://picsum.photos/seed/product-406-img-0/600/600;https://picsum.photos/seed/product-406-img-1/600/600;https://picsum.photos/seed/product-406-img-2/600/600;https://picsum.photos/seed/product-406-img-3/600/600,"Описание товара Наушники Стильный Pixel-406. Это отличный выбор, если вы ищете наушники. В комплекте 4 фото.",наушники;стильный,naushniki-stilnyy-pixel-406
407,Ноутбук Быстрый Pixel-407,40353,https://picsum.photos/seed/product-407-img-0/600/600;https://picsum.photos/seed/product-407-img-1/600/600,"Описание товара Ноутбук Быстрый Pixel-407. Это отличный выбор, если вы ищете ноутбук. В комплекте 2 фото.",ноутбук;быстрый,noutbuk-bystryy-pixel-407
408,Чехол Быстрый Pixel-408,14895,https://picsum.photos/seed/product-408-img-0/600/600;https://picsum.photos/seed/product-408-img-1/600/600,"Описание товара Чехол Быстрый Pixel-408. Это отличный выбор, если вы ищете чехол. В комплекте 2 фото.",чехол;быстрый,chekhol-bystryy-pixel-408
409,Чехол Быстрый Pixel-409,22141,https://picsum.photos/seed/product-409-img-0/600/600;https://picsum.photos/seed/product-409-img-1/600/600;https://picsum.photos/seed/product-409-img-2/600/600,"Описание товара Чехол Быстрый Pixel-409. Это отличный выбор, если вы ищете чехол. В комплекте 3 фото.",чехол;быстрый,chekhol-bystryy-pixel-409
410,Чехол Флагманский Pixel-410,12072,https://picsum.photos/seed/product-410-img-0/600/600;https://picsum.photos/seed/product-410-img-1/600/600;https://picsum.photos/seed/product-410-img-2/600/600;https://picsum.photos/seed/product-410-img-3/600/600,"Описание товара Чехол Флагманский Pixel-410. Это отличный выбор, если вы ищете чехол. В комплекте 4 фото.",чехол;флагман,chekhol-flagmanskiy-pixel-410
411,Чехол Мощный Pixel-411,33341,https://picsum.photos/seed/product-411-img-0/600/600;https://picsum.photos/seed/product-411-img-1/600/600;https://picsum.photos/seed/product-411-img-2/600/600;https://picsum.photos/seed/product-411-img-3/600/600;https://picsum.photos/seed/product-411-img-4/600/600,"Описание товара Чехол Мощный Pixel-411. Это отличный выбор, если вы ищете чехол. В комплекте 5 фото.",чехол;мощный,chekhol-moshchnyy-pixel-411
412,Ноутбук Красный Pixel-412,8138,https://picsum.photos/seed/product-412-img-0/600/600;https://picsum.photos/seed/product-412-img-1/600/600;https://picsum.photos/seed/product-412-img-2/600/600;https://picsum.photos/seed/product-412-img-3/600/600,"Описание товара Ноутбук Красный Pixel-412. Это отличный выбор, если вы ищете ноутбук. В комплекте 4 фото.",ноутбук;красный,noutbuk-krasnyy-pixel-412
413,Наушники Флагманский Pixel-413,865,https://picsum.photos/seed/product-413-img-0/600/600;https://picsum.photos/seed/product-413-img-1/600/600;https://picsum.photos/seed/product-413-img-2/600/600,"Описание товара Наушники Флагманский Pixel-413. Это отличный выбор, если вы ищете наушники. В комплекте 3 фото.",наушники;флагман,naushniki-flagmanskiy-pixel-413
414,Наушники Красный Pixel-414,36041,https://picsum.photos/seed/product-414-img-0/600/600;https://picsum.photos/seed/product-414-img-1/600/600;https://picsum.photos/seed/product-414-img-2/600/600;https://picsum.photos/seed/product-414-img-3/600/600;https://picsum.photos/seed/product-414-img-4/600/600,"Описание товара Наушники Красный Pixel-414. Это отличный выбор, если вы ищете наушники. В комплекте 5 фото.",наушники;красный,naushniki-krasnyy-pixel-414
415,Наушники Красный Pixel-415,9771,https://picsum.photos/seed/product-415-img-0/600/600;https://picsum.photos/seed/product-415-img-1/600/600,"Описание товара Наушники Красный Pixel-415. Это отличный выбор, если вы ищете наушники. В комплекте 2 фото.",наушники;красный,naushniki-krasnyy-pixel-415
416,Ноутбук Красный Pixel-416,49497,https://picsum.photos/seed/product-416-img-0/600/600;https://picsum.photos/seed/product-416-img-1/600/600;https://picsum.photos/seed/product-416-img-2/600/600;https://picsum.photos/seed/product-416-img-3/600/600;https://picsum.photos/seed/product-416-img-4/600/600,"Описание товара Ноутбук Красный Pixel-416. Это отличный выбор, если вы ищете ноутбук. В комплекте 5 фото.",ноутбук;красный,noutbuk-krasnyy-pixel-416
417,Смартфон Стильный Pixel-417,26545,https://picsum.photos/seed/product-417-img-0/600/600;https://picsum.photos/seed/product-417-img-1/600/600,"Описание товара Смартфон Стильный Pixel-417. Это отличный выбор, если вы ищете смартфон. В комплекте 2 фото.",смартфон;стильный,smartfon-stilnyy-pixel-417
418,Наушники Быстрый Pixel-418,3262,https://picsum.photos/seed/product-418-img-0/600/600;https://picsum.photos/seed/product-418-img-1/600/600,"Описание товара Наушники Быстрый Pixel-418. Это отличный выбор, если вы ищете наушники. В комплекте 2 фото.",наушники;быстрый,naushniki-bystryy-pixel-418
419,Смартфон Мощный Pixel-419,5124,https://picsum.photos/seed/product-419-img-0/600/600;https://picsum.photos/seed/product-419-img-1/600/600;https://picsum.photos/seed/product-419-img-2/600/600,"Описание товара Смартфон Мощный Pixel-419. Это отличный выбор, если вы ищете смартфон. В комплекте 3 фото.",смартфон;мощный,smartfon-moshchnyy-pixel-419
420,Ноутбук Быстрый Pixel-420,5398,https://picsum.photos/seed/product-420-img-0/600/600;https://picsum.photos/seed/product-420-img-1/600/600;https://picsum.photos/seed/product-420-img-2/600/600,"Описание товара Ноутбук Быстрый Pixel-420. Это отличный выбор, если вы ищете ноутбук. В комплекте 3 фото.",ноутбук;быстрый,noutbuk-bystryy-pixel-420
421,Чехол Красный Pixel-421,20815,https://picsum.photos/seed/product-421-img-0/600/600;https://picsum.photos/seed/product-421-img-1/600/600,"Описание товара Чехол Красный Pixel-421. Это отличный выбор, если вы ищете чехол. В комплекте 2 фото.",чехол;красный,chekhol-krasnyy-pixel-421
422,Смартфон Флагманский Pixel-422,11725,https://picsum.photos/seed/product-422-img-0/600/600;https://picsum.photos/seed/product-422-img-1/600/600,"Описание товара Смартфон Флагманский Pixel-422. Это отличный выбор, если вы ищете смартфон. В комплекте 2 фото.",смартфон;флагман,smartfon-flagmanskiy-pixel-422
423,Чехол Флагманский Pixel-423,2728,https://picsum.photos/seed/product-423-img-0/600/600;https://picsum.photos/seed/product-423-img-1/600/600;https://picsum.photos/seed/product-423-img-2/600/600,"Описание товара Чехол Флагманский Pixel-423. Это отличный выбор, если вы ищете чехол. В комплекте 3 фото.",чехол;флагман,chekhol-flagmanskiy-pixel-423
424,Ноутбук Красный Pixel-424,11914,https://picsum.photos/seed/product-424-img-0/600/600;https://picsum.photos/seed/product-424-img-1/600/600;https://picsum.photos/seed/product-424-img-2/600/600;https://picsum.photos/seed/product-424-img-3/600/600;https://picsum.photos/seed/product-424-img-4/600/600,"Описание товара Ноутбук Красный Pixel-424. Это отличный выбор, если вы ищете ноутбук. В комплекте 5 фото.",ноутбук;красный,noutbuk-krasnyy-pixel-424
425,Ноутбук Мощный Pixel-425,29340,https://picsum.photos/seed/product-425-img-0/600/600;https://picsum.photos/seed/product-425-img-1/600/600;https://picsum.photos/seed/product-425-img-2/600/600,"Описание товара Ноутбук Мощный Pixel-425. Это отличный выбор, если вы ищете ноутбук. В комплекте 3 фото.",ноутбук;мощный,noutbuk-moshchnyy-pixel-425
426,Часы Быстрый Pixel-426,13463,https://picsum.photos/seed/product-426-img-0/600/600;https://picsum.photos/seed/product-426-img-1/600/600;https://picsum.photos/seed/product-426-img-2/600/600;https://picsum.photos/seed/product-426-img-3/600/600;https://picsum.photos/seed/product-426-img-4/600/600,"Описание товара Часы Быстрый Pixel-426. Это отличный выбор, если вы ищете часы. В комплекте 5 фото.",часы;быстрый,chasy-bystryy-pixel-426
427,Часы Быстрый Pixel-427,47525,https://picsum.photos/seed/product-427-img-0/600/600;https://picsum.photos/seed/product-427-img-1/600/600;https://picsum.photos/seed/product-427-img-2/600/600;https://picsum.photos/seed/product-427-img-3/600/600;https://picsum.photos/seed/product-427-img-4/600/600,"Описание товара Часы Быстрый Pixel-427. Это отличный выбор, если вы ищете часы. В комплекте 5 фото.",часы;быстрый,chasy-bystryy-pixel-427
428,Смартфон Флагманский Pixel-428,7620,https://picsum.photos/seed/product-428-img-0/600/600;https://picsum.photos/seed/product-428-img-1/600/600;https://picsum.photos/seed/product-428-img-2/600/600;https://picsum.photos/seed/product-428-img-3/600/600,"Описание товара Смартфон Флагманский Pixel-428. Это отличный выбор, если вы ищете смартфон. В комплекте 4 фото.",смартфон;флагман,smartfon-flagmanskiy-pixel-428
429,Наушники Бюджетный Pixel-429,49533,https://picsum.photos/seed/product-429-img-0/600/600;https://picsum.photos/seed/product-429-img-1/600/600,"Описание товара Наушники Бюджетный Pixel-429. Это отличный выбор, если вы ищете наушники. В комплекте 2 фото.",наушники;бюджет,naushniki-byudzhetnyy-pixel-429
430,Наушники Флагманский Pixel-430,5017,https://picsum.photos/seed/product-430-img-0/600/600;https://picsum.photos/seed/product-430-img-1/600/600;https://picsum.photos/seed/product-430-img-2/600/600,"Описание товара Наушники Флагманский Pixel-430. Это отличный выбор, если вы ищете наушники. В комплекте 3 фото.",наушники;флагман,naushniki-flagmanskiy-pixel-430
431,Наушники Мощный Pixel-431,35276,https://picsum.photos/seed/product-431-img-0/600/600;https://picsum.photos/seed/product-431-img-1/600/600,"Описание товара Наушники Мощный Pixel-431. Это отличный выбор, если вы ищете наушники. В комплекте 2 фото.",наушники;мощный,naushniki-moshchnyy-pixel-431
432,Часы Мощный Pixel-432,30594,https://picsum.photos/seed/product-432-img-0/600/600;https://picsum.photos/seed/product-432-img-1/600/600,"Описание товара Часы Мощный Pixel-432. Это отличный выбор, если вы ищете часы. В комплекте 2 фото.",часы;мощный,chasy-moshchnyy-pixel-432
433,Ноутбук Стильный Pixel-433,31896,https://picsum.photos/seed/product-433-img-0/600/600;https://picsum.photos/seed/product-433-img-1/600/600;https://picsum.photos/seed/product-433-img-2/600/600;https://picsum.photos/seed/product-433-img-3/600/600,"Описание товара Ноутбук Стильный Pixel-433. Это отличный выбор, если вы ищете ноутбук. В комплекте 4 фото.",ноутбук;стильный,noutbuk-stilnyy-pixel-433
434,Часы Быстрый Pixel-434,34367,https://picsum.photos/seed/product-434-img-0/600/600;https://picsum.photos/seed/product-434-img-1/600/600,"Описание товара Часы Быстрый Pixel-434. Это отличный выбор, если вы ищете часы. В комплекте 2 фото.",часы;быстрый,chasy-bystryy-pixel-434
435,Ноутбук Быстрый Pixel-435,44408,https://picsum.photos/seed/product-435-img-0/600/600;https://picsum.photos/seed/product-435-img-1/600/600,"Описание товара Ноутбук Быстрый Pixel-435. Это отличный выбор, если вы ищете ноутбук. В комплекте 2 фото.",ноутбук;быстрый,noutbuk-bystryy-pixel-435
436,Смартфон Бюджетный Pixel-436,30072,https://picsum.photos/seed/product-436-img-0/600/600;https://picsum.photos/seed/product-436-img-1/600/600;https://picsum.photos/seed/product-436-img-2/600/600,"Описание товара Смартфон Бюджетный Pixel-436. Это отличный выбор, если вы ищете смартфон. В комплекте 3 фото.",смартфон;бюджет,smartfon-byudzhetnyy-pixel-436
437,Смартфон Флагманский Pixel-437,21287,https://picsum.photos/seed/product-437-img-0/600/600;https://picsum.photos/seed/product-437-img-1/600/600;https://picsum.photos/seed/product-437-img-2/600/600;https://picsum.photos/seed/product-437-img-3/600/600;https://picsum.photos/seed/product-437-img-4/600/600,"Описание товара Смартфон Флагманский Pixel-437. Это отличный выбор, если вы ищете смартфон. В комплекте 5 фото.",смартфон;флагман,smartfon-flagmanskiy-pixel-437
438,Часы Красный Pixel-438,26413,https://picsum.photos/seed/product-438-img-0/600/600;https://picsum.photos/seed/product-438-img-1/600/600,"Описание товара Часы Красный Pixel-438. Это отличный выбор, если вы ищете часы. В комплекте 2 фото.",часы;красный,chasy-krasnyy-pixel-438
439,Смартфон Стильный Pixel-439,15424,https://picsum.photos/seed/product-439-img-0/600/600;https://picsum.photos/seed/product-439-img-1/600/600;https://picsum.photos/seed/product-439-img-2/600/600;https://picsum.photos/seed/product-439-img-3/600/600,"Описание товара Смартфон Стильный Pixel-439. Это отличный выбор, если вы ищете смартфон. В комплекте 4 фото.",смартфон;стильный,smartfon-stilnyy-pixel-439
440,Чехол Флагманский Pixel-440,23851,https://picsum.photos/seed/product-440-img-0/600/600;https://picsum.photos/seed/product-440-img-1/600/600,"Описание товара Чехол Флагманский Pixel-440. Это отличный выбор, если вы ищете чехол. В комплекте 2 фото.",чехол;флагман,chekhol-flagmanskiy-pixel-440
441,Ноутбук Бюджетный Pixel-441,6272,https://picsum.photos/seed/product-441-img-0/600/600;https://picsum.photos/seed/product-441-img-1/600/600,"Описание товара Ноутбук Бюджетный Pixel-441. Это отличный выбор, если вы ищете ноутбук. В комплекте 2 фото.",ноутбук;бюджет,noutbuk-byudzhetnyy-pixel-441
442,Часы Красный Pixel-442,28924,https://picsum.photos/seed/product-442-img-0/600/600;https://picsum.photos/seed/product-442-img-1/600/600,"Описание товара Часы Красный Pixel-442. Это отличный выбор, если вы ищете часы. В комплекте 2 фото.",часы;красный,chasy-krasnyy-pixel-442
443,Чехол Бюджетный Pixel-443,2193,https://picsum.photos/seed/product-443-img-0/600/600;https://picsum.photos/seed/product-443-img-1/600/600,"Описание товара Чехол Бюджетный Pixel-443. Это отличный выбор, если вы ищете чехол. В комплекте 2 фото.",чехол;бюджет,chekhol-byudzhetnyy-pixel-443
444,Смартфон Бюджетный Pixel-444,42235,https://picsum.photos/seed/product-444-img-0/600/600;https://picsum.photos/seed/product-444-img-1/600/600,"Описание товара Смартфон Бюджетный Pixel-444. Это отличный выбор, если вы ищете смартфон. В комплекте 2 фото.",смартфон;бюджет,smartfon-byudzhetnyy-pixel-444
445,Часы Мощный Pixel-445,6199,https://picsum.photos/seed/product-445-img-0/600/600;https://picsum.photos/seed/product-445-img-1/600/600;https://picsum.photos/seed/product-445-img-2/600/600;https://picsum.photos/seed/product-445-img-3/600/600;https://picsum.photos/seed/product-445-img-4/600/600,"Описание товара Часы Мощный Pixel-445. Это отличный выбор, если вы ищете часы. В комплекте 5 фото.",часы;мощный,chasy-moshchnyy-pixel-445
446,Наушники Мощный Pixel-446,4525,https://picsum.photos/seed/product-446-img-0/600/600;https://picsum.photos/seed/product-446-img-1/600/600;https://picsum.photos/seed/product-446-img-2/600/600,"Описание товара Наушники Мощный Pixel-446. Это отличный выбор, если вы ищете наушники. В комплекте 3 фото.",наушники;мощный,naushniki-moshchnyy-pixel-446
447,Часы Стильный Pixel-447,11467,https://picsum.photos/seed/product-447-img-0/600/600;https://picsum.photos/seed/product-447-img-1/600/600,"Описание товара Часы Стильный Pixel-447. Это отличный выбор, если вы ищете часы. В комплекте 2 фото.",часы;стильный,chasy-stilnyy-pixel-447
448,Ноутбук Красный Pixel-448,9573,https://picsum.photos/seed/product-448-img-0/600/600;https://picsum.photos/seed/product-448-img-1/600/600;https://picsum.photos/seed/product-448-img-2/600/600;https://picsum.photos/seed/product-448-img-3/600/600;https://picsum.photos/seed/product-448-img-4/600/600,"Описание товара Ноутбук Красный Pixel-448. Это отличный выбор, если вы ищете ноутбук. В комплекте 5 фото.",ноутбук;красный,noutbuk-krasnyy-pixel-448
449,Часы Стильный Pixel-449,49420,https://picsum.photos/seed/product-449-img-0/600/600;https://picsum.photos/seed/product-449-img-1/600/600,"Описание товара Часы Стильный Pixel-449. Это отличный выбор, если вы ищете часы. В комплекте 2 фото.",часы;стильный,chasy-stilnyy-pixel-449
450,Наушники Флагманский Pixel-450,18730,https://picsum.photos/seed/product-450-img-0/600/600;https://picsum.photos/seed/product-450-img-1/600/600;https://picsum.photos/seed/product-450-img-2/600/600;https://picsum.photos/seed/product-450-img-3/600/600;https://picsum.photos/seed/product-450-img-4/600/600,"Описание товара Наушники Флагманский Pixel-450. Это отличный выбор, если вы ищете наушники. В комплекте 5 фото.",наушники;флагман,naushniki-flagmanskiy-pixel-450
451,Часы Мощный Pixel-451,35174,https://picsum.photos/seed/product-451-img-0/600/600;https://picsum.photos/seed/product-451-img-1/600/600;https://picsum.photos/seed/product-451-img-2/600/600;https://picsum.photos/seed/product-451-img-3/600/600;https://picsum.photos/seed/product-451-img-4/600/600,"Описание товара Часы Мощный Pixel-451. Это отличный выбор, если вы ищете часы. В комплекте 5 фото.",часы;мощный,chasy-moshchnyy-pixel-451
452,Наушники Бюджетный Pixel-452,21332,https://picsum.photos/seed/product-452-img-0/600/600;https://picsum.photos/seed/product-452-img-1/600/600,"Описание товара Наушники Бюджетный Pixel-452. Это отличный выбор, если вы ищете наушники. В комплекте 2 фото.",наушники;бюджет,naushniki-byudzhetnyy-pixel-452
453,Часы Красный Pixel-453,21037,https://picsum.photos/seed/product-453-img-0/600/600;https://picsum.photos/seed/product-453-img-1/600/600;https://picsum.photos/seed/product-453-img-2/600/600;https://picsum.photos/seed/product-453-img-3/600/600,"Описание товара Часы Красный Pixel-453. Это отличный выбор, если вы ищете часы. В комплекте 4 фото.",часы;красный,chasy-krasnyy-pixel-453
454,Чехол Стильный Pixel-454,36333,https://picsum.photos/seed/product-454-img-0/600/600;https://picsum.photos/seed/product-454-img-1/600/600;https://picsum.photos/seed/product-454-img-2/600/600;https://picsum.photos/seed/product-454-img-3/600/600,"Описание товара Чехол Стильный Pixel-454. Это отличный выбор, если вы ищете чехол. В комплекте 4 фото.",чехол;стильный,chekhol-stilnyy-pixel-454
455,Смартфон Бюджетный Pixel-455,16426,https://picsum.photos/seed/product-455-img-0/600/600;https://picsum.photos/seed/product-455-img-1/600/600;https://picsum.photos/seed/product-455-img-2/600/600;https://picsum.photos/seed/product-455-img-3/600/600;https://picsum.photos/seed/product-455-img-4/600/600,"Описание товара Смартфон Бюджетный Pixel-455. Это отличный выбор, если вы ищете смартфон. В комплекте 5 фото.",смартфон;бюджет,smartfon-byudzhetnyy-pixel-455
456,Наушники Быстрый Pixel-456,1656,https://picsum.photos/seed/product-456-img-0/600/600;https://picsum.photos/seed/product-456-img-1/600/600,"Описание товара Наушники Быстрый Pixel-456. Это отличный выбор, если вы ищете наушники. В комплекте 2 фото.",наушники;быстрый,naushniki-bystryy-pixel-456
457,Наушники Мощный Pixel-457,16798,https://picsum.photos/seed/product-457-img-0/600/600;https://picsum.photos/seed/product-457-img-1/600/600;https://picsum.photos/seed/product-457-img-2/600/600;https://picsum.photos/seed/product-457-img-3/600/600;https://picsum.photos/seed/product-457-img-4/600/600,"Описание товара Наушники Мощный Pixel-457. Это отличный выбор, если вы ищете наушники. В комплекте 5 фото.",наушники;мощный,naushniki-moshchnyy-pixel-457
458,Ноутбук Мощный Pixel-458,17919,https://picsum.photos/seed/product-458-img-0/600/600;https://picsum.photos/seed/product-458-img-1/600/600;https://picsum.photos/seed/product-458-img-2/600/600,"Описание товара Ноутбук Мощный Pixel-458. Это отличный выбор, если вы ищете ноутбук. В комплекте 3 фото.",ноутбук;мощный,noutbuk-moshchnyy-pixel-458
459,Часы Стильный Pixel-459,1257,https://picsum.photos/seed/product-459-img-0/600/600;https://picsum.photos/seed/product-459-img-1/600/600;https://picsum.photos/seed/product-459-img-2/600/600;https://picsum.photos/seed/product-459-img-3/600/600,"Описание товара Часы Стильный Pixel-459. Это отличный выбор, если вы ищете часы. В комплекте 4 фото.",часы;стильный,chasy-stilnyy-pixel-459
460,Смартфон Бюджетный Pixel-460,32931,https://picsum.photos/seed/product-460-img-0/600/600;https://picsum.photos/seed/product-460-img-1/600/600,"Описание товара Смартфон Бюджетный Pixel-460. Это отличный выбор, если вы ищете смартфон. В комплекте 2 фото.",смартфон;бюджет,smartfon-byudzhetnyy-pixel-460
461,Ноутбук Мощный Pixel-461,36184,https://picsum.photos/seed/product-461-img-0/600/600;https://picsum.photos/seed/product-461-img-1/600/600;https://picsum.photos/seed/product-461-img-2/600/600,"Описание товара Ноутбук Мощный Pixel-461. Это отличный выбор, если вы ищете ноутбук. В комплекте 3 фото.",ноутбук;мощный,noutbuk-moshchnyy-pixel-461
462,Смартфон Флагманский Pixel-462,39480,https://picsum.photos/seed/product-462-img-0/600/600;https://picsum.photos/seed/product-462-img-1/600/600,"Описание товара Смартфон Флагманский Pixel-462. Это отличный выбор, если вы ищете смартфон. В комплекте 2 фото.",смартфон;флагман,smartfon-flagmanskiy-pixel-462
463,Чехол Флагманский Pixel-463,8505,https://picsum.photos/seed/product-463-img-0/600/600;https://picsum.photos/seed/product-463-img-1/600/600;https://picsum.photos/seed/product-463-img-2/600/600;https://picsum.photos/seed/product-463-img-3/600/600,"Описание товара Чехол Флагманский Pixel-463. Это отличный выбор, если вы ищете чехол. В комплекте 4 фото.",чехол;флагман,chekhol-flagmanskiy-pixel-463
464,Чехол Флагманский Pixel-464,1781,https://picsum.photos/seed/product-464-img-0/600/600;https://picsum.photos/seed/product-464-img-1/600/600;https://picsum.photos/seed/product-464-img-2/600/600;https://picsum.photos/seed/product-464-img-3/600/600;https://picsum.photos/seed/product-464-img-4/600/600,"Описание товара Чехол Флагманский Pixel-464. Это отличный выбор, если вы ищете чехол. В комплекте 5 фото.",чехол;флагман,chekhol-flagmanskiy-pixel-464
465,Ноутбук Флагманский Pixel-465,40450,https://picsum.photos/seed/product-465-img-0/600/600;https://picsum.photos/seed/product-465-img-1/600/600;https://picsum.photos/seed/product-465-img-2/600/600;https://picsum.photos/seed/product-465-img-3/600/600,"Описание товара Ноутбук Флагманский Pixel-465. Это отличный выбор, если вы ищете ноутбук. В комплекте 4 фото.",ноутбук;флагман,noutbuk-flagmanskiy-pixel-465
466,Смартфон Флагманский Pixel-466,38016,https://picsum.photos/seed/product-466-img-0/600/600;https://picsum.photos/seed/product-466-img-1/600/600;https://picsum.photos/seed/product-466-img-2/600/600,"Описание товара Смартфон Флагманский Pixel-466. Это отличный выбор, если вы ищете смартфон. В комплекте 3 фото.",смартфон;флагман,smartfon-flagmanskiy-pixel-466
467,Смартфон Флагманский Pixel-467,46951,https://picsum.photos/seed/product-467-img-0/600/600;https://picsum.photos/seed/product-467-img-1/600/600;https://picsum.photos/seed/product-467-img-2/600/600;https://picsum.photos/seed/product-467-img-3/600/600;https://picsum.photos/seed/product-467-img-4/600/600,"Описание товара Смартфон Флагманский Pixel-467. Это отличный выбор, если вы ищете смартфон. В комплекте 5 фото.",смартфон;флагман,smartfon-flagmanskiy-pixel-467
468,Смартфон Флагманский Pixel-468,23922,https://picsum.photos/seed/product-468-img-0/600/600;https://picsum.photos/seed/product-468-img-1/600/600;https://picsum.photos/seed/product-468-img-2/600/600;https://picsum.photos/seed/product-468-img-3/600/600;https://picsum.photos/seed/product-468-img-4/600/600,"Описание товара Смартфон Флагманский Pixel-468. Это отличный выбор, если вы ищете смартфон. В комплекте 5 фото.",смартфон;флагман,smartfon-flagmanskiy-pixel-468
469,Чехол Стильный Pixel-469,27202,https://picsum.photos/seed/product-469-img-0/600/600;https://picsum.photos/seed/product-469-img-1/600/600;https://picsum.photos/seed/product-469-img-2/600/600;https://picsum.photos/seed/product-469-img-3/600/600;https://picsum.photos/seed/product-469-img-4/600/600,"Описание товара Чехол Стильный Pixel-469. Это отличный выбор, если вы ищете чехол. В комплекте 5 фото.",чехол;стильный,chekhol-stilnyy-pixel-469
470,Ноутбук Бюджетный Pixel-470,872,https://picsum.photos/seed/product-470-img-0/600/600;https://picsum.photos/seed/product-470-img-1/600/600,"Описание товара Ноутбук Бюджетный Pixel-470. Это отличный выбор, если вы ищете ноутбук. В комплекте 2 фото.",ноутбук;бюджет,noutbuk-byudzhetnyy-pixel-470
471,Смартфон Красный Pixel-471,35197,https://picsum.photos/seed/product-471-img-0/600/600;https://picsum.photos/seed/product-471-img-1/600/600,"Описание товара Смартфон Красный Pixel-471. Это отличный выбор, если вы ищете смартфон. В комплекте 2 фото.",смартфон;красный,smartfon-krasnyy-pixel-471
472,Ноутбук Мощный Pixel-472,46931,https://picsum.photos/seed/product-472-img-0/600/600;https://picsum.photos/seed/product-472-img-1/600/600;https://picsum.photos/seed/product-472-img-2/600/600;https://picsum.photos/seed/product-472-img-3/600/600,"Описание товара Ноутбук Мощный Pixel-472. Это отличный выбор, если вы ищете ноутбук. В комплекте 4 фото.",ноутбук;мощный,noutbuk-moshchnyy-pixel-472
473,Чехол Стильный Pixel-473,15501,https://picsum.photos/seed/product-473-img-0/600/600;https://picsum.photos/seed/product-473-img-1/600/600;https://picsum.photos/seed/product-473-img-2/600/600;https://picsum.photos/seed/product-473-img-3/600/600,"Описание товара Чехол Стильный Pixel-473. Это отличный выбор, если вы ищете чехол. В комплекте 4 фото.",чехол;стильный,chekhol-stilnyy-pixel-473
474,Ноутбук Стильный Pixel-474,17946,https://picsum.photos/seed/product-474-img-0/600/600;https://picsum.photos/seed/product-474-img-1/600/600,"Описание товара Ноутбук Стильный Pixel-474. Это отличный выбор, если вы ищете ноутбук. В комплекте 2 фото.",ноутбук;стильный,noutbuk-stilnyy-pixel-474
475,Смартфон Стильный Pixel-475,9004,https://picsum.photos/seed/product-475-img-0/600/600;https://picsum.photos/seed/product-475-img-1/600/600;https://picsum.photos/seed/product-475-img-2/600/600;https://picsum.photos/seed/product-475-img-3/600/600,"Описание товара Смартфон Стильный Pixel-475. Это отличный выбор, если вы ищете смартфон. В комплекте 4 фото.",смартфон;стильный,smartfon-stilnyy-pixel-475
476,Чехол Флагманский Pixel-476,49390,https://picsum.photos/seed/product-476-img-0/600/600;https://picsum.photos/seed/product-476-img-1/600/600;https://picsum.photos/seed/product-476-img-2/600/600,"Описание товара Чехол Флагманский Pixel-476. Это отличный выбор, если вы ищете чехол. В комплекте 3 фото.",чехол;флагман,chekhol-flagmanskiy-pixel-476
477,Ноутбук Бюджетный Pixel-477,231,https://picsum.photos/seed/product-477-img-0/600/600;https://picsum.photos/seed/product-477-img-1/600/600,"Описание товара Ноутбук Бюджетный Pixel-477. Это отличный выбор, если вы ищете ноутбук. В комплекте 2 фото.",ноутбук;бюджет,noutbuk-byudzhetnyy-pixel-477
478,Часы Красный Pixel-478,36226,https://picsum.photos/seed/product-478-img-0/600/600;https://picsum.photos/seed/product-478-img-1/600/600,"Описание товара Часы Красный Pixel-478. Это отличный выбор, если вы ищете часы. В комплекте 2 фото.",часы;красный,chasy-krasnyy-pixel-478
479,Смартфон Мощный Pixel-479,13214,https://picsum.photos/seed/product-479-img-0/600/600;https://picsum.photos/seed/product-479-img-1/600/600;https://picsum.photos/seed/product-479-img-2/600/600,"Описание товара Смартфон Мощный Pixel-479. Это отличный выбор, если вы ищете смартфон. В комплекте 3 фото.",смартфон;мощный,smartfon-moshchnyy-pixel-479
480,Наушники Мощный Pixel-480,606,https://picsum.photos/seed/product-480-img-0/600/600;https://picsum.photos/seed/product-480-img-1/600/600;https://picsum.photos/seed/product-480-img-2/600/600;https://picsum.photos/seed/product-480-img-3/600/600;https://picsum.photos/seed/product-480-img-4/600/600,"Описание товара Наушники Мощный Pixel-480. Это отличный выбор, если вы ищете наушники. В комплекте 5 фото.",наушники;мощный,naushniki-moshchnyy-pixel-480
481,Часы Флагманский Pixel-481,11593,https://picsum.photos/seed/product-481-img-0/600/600;https://picsum.photos/seed/product-481-img-1/600/600;https://picsum.photos/seed/product-481-img-2/600/600;https://picsum.photos/seed/product-481-img-3/600/600,"Описание товара Часы Флагманский Pixel-481. Это отличный выбор, если вы ищете часы. В комплекте 4 фото.",часы;флагман,chasy-flagmanskiy-pixel-481
482,Смартфон Мощный Pixel-482,5505,https://picsum.photos/seed/product-482-img-0/600/600;https://picsum.photos/seed/product-482-img-1/600/600;https://picsum.photos/seed/product-482-img-2/600/600;https://picsum.photos/seed/product-482-img-3/600/600;https://picsum.photos/seed/product-482-img-4/600/600,"Описание товара Смартфон Мощный Pixel-482. Это отличный выбор, если вы ищете смартфон. В комплекте 5 фото.",смартфон;мощный,smartfon-moshchnyy-pixel-482
483,Наушники Красный Pixel-483,25795,https://picsum.photos/seed/product-483-img-0/600/600;https://picsum.photos/seed/product-483-img-1/600/600,"Описание товара Наушники Красный Pixel-483. Это отличный выбор, если вы ищете наушники. В комплекте 2 фото.",наушники;красный,naushniki-krasnyy-pixel-483
484,Ноутбук Мощный Pixel-484,37959,https://picsum.photos/seed/product-484-img-0/600/600;https://picsum.photos/seed/product-484-img-1/600/600;https://picsum.photos/seed/product-484-img-2/600/600;https://picsum.photos/seed/product-484-img-3/600/600;https://picsum.photos/seed/product-484-img-4/600/600,"Описание товара Ноутбук Мощный Pixel-484. Это отличный выбор, если вы ищете ноутбук. В комплекте 5 фото.",ноутбук;мощный,noutbuk-moshchnyy-pixel-484
485,Ноутбук Красный Pixel-485,29038,https://picsum.photos/seed/product-485-img-0/600/600;https://picsum.photos/seed/product-485-img-1/600/600,"Описание товара Ноутбук Красный Pixel-485. Это отличный выбор, если вы ищете ноутбук. В комплекте 2 фото.",ноутбук;красный,noutbuk-krasnyy-pixel-485
486,Ноутбук Красный Pixel-486,39209,https://picsum.photos/seed/product-486-img-0/600/600;https://picsum.photos/seed/product-486-img-1/600/600,"Описание товара Ноутбук Красный Pixel-486. Это отличный выбор, если вы ищете ноутбук. В комплекте 2 фото.",ноутбук;красный,noutbuk-krasnyy-pixel-486
487,Наушники Стильный Pixel-487,26017,https://picsum.photos/seed/product-487-img-0/600/600;https://picsum.photos/seed/product-487-img-1/600/600;https://picsum.photos/seed/product-487-img-2/600/600,"Описание товара Наушники Стильный Pixel-487. Это отличный выбор, если вы ищете наушники. В комплекте 3 фото.",наушники;стильный,naushniki-stilnyy-pixel-487
488,Часы Быстрый Pixel-488,37602,https://picsum.photos/seed/product-488-img-0/600/600;https://picsum.photos/seed/product-488-img-1/600/600;https://picsum.photos/seed/product-488-img-2/600/600;https://picsum.photos/seed/product-488-img-3/600/600,"Описание товара Часы Быстрый Pixel-488. Это отличный выбор, если вы ищете часы. В комплекте 4 фото.",часы;быстрый,chasy-bystryy-pixel-488
489,Смартфон Флагманский Pixel-489,17599,https://picsum.photos/seed/product-489-img-0/600/600;https://picsum.photos/seed/product-489-img-1/600/600;https://picsum.photos/seed/product-489-img-2/600/600;https://picsum.photos/seed/product-489-img-3/600/600,"Описание товара Смартфон Флагманский Pixel-489. Это отличный выбор, если вы ищете смартфон. В комплекте 4 фото.",смартфон;флагман,smartfon-flagmanskiy-pixel-489
490,Часы Быстрый Pixel-490,48501,https://picsum.photos/seed/product-490-img-0/600/600;https://picsum.photos/seed/product-490-img-1/600/600;https://picsum.photos/seed/product-490-img-2/600/600;https://picsum.photos/seed/product-490-img-3/600/600,"Описание товара Часы Быстрый Pixel-490. Это отличный выбор, если вы ищете часы. В комплекте 4 фото.",часы;быстрый,chasy-bystryy-pixel-490
491,Смартфон Красный Pixel-491,2438,https://picsum.photos/seed/product-491-img-0/600/600;https://picsum.photos/seed/product-491-img-1/600/600;https://picsum.photos/seed/product-491-img-2/600/600,"Описание товара Смартфон Красный Pixel-491. Это отличный выбор, если вы ищете смартфон. В комплекте 3 фото.",смартфон;красный,smartfon-krasnyy-pixel-491
492,Наушники Флагманский Pixel-492,14627,https://picsum.photos/seed/product-492-img-0/600/600;https://picsum.photos/seed/product-492-img-1/600/600;https://picsum.photos/seed/product-492-img-2/600/600,"Описание товара Наушники Флагманский Pixel-492. Это отличный выбор, если вы ищете наушники. В комплекте 3 фото.",наушники;флагман,naushniki-flagmanskiy-pixel-492
493,Ноутбук Флагманский Pixel-493,9701,https://picsum.photos/seed/product-493-img-0/600/600;https://picsum.photos/seed/product-493-img-1/600/600;https://picsum.photos/seed/product-493-img-2/600/600;https://picsum.photos/seed/product-493-img-3/600/600;https://picsum.photos/seed/product-493-img-4/600/600,"Описание товара Ноутбук Флагманский Pixel-493. Это отличный выбор, если вы ищете ноутбук. В комплекте 5 фото.",ноутбук;флагман,noutbuk-flagmanskiy-pixel-493
494,Чехол Бюджетный Pixel-494,2394,https://picsum.photos/seed/product-494-img-0/600/600;https://picsum.photos/seed/product-494-img-1/600/600;https://picsum.photos/seed/product-494-img-2/600/600;https://picsum.photos/seed/product-494-img-3/600/600;https://picsum.photos/seed/product-494-img-4/600/600,"Описание товара Чехол Бюджетный Pixel-494. Это отличный выбор, если вы ищете чехол. В комплекте 5 фото.",чехол;бюджет,chekhol-byudzhetnyy-pixel-494
495,Часы Мощный Pixel-495,18388,https://picsum.photos/seed/product-495-img-0/600/600;https://picsum.photos/seed/product-495-img-1/600/600;https://picsum.photos/seed/product-495-img-2/600/600;https://picsum.photos/seed/product-495-img-3/600/600;https://picsum.photos/seed/product-495-img-4/600/600,"Описание товара Часы Мощный Pixel-495. Это отличный выбор, если вы ищете часы. В комплекте 5 фото.",часы;мощный,chasy-moshchnyy-pixel-495
496,Наушники Флагманский Pixel-496,36880,https://picsum.photos/seed/product-496-img-0/600/600;https://picsum.photos/seed/product-496-img-1/600/600,"Описание товара Наушники Флагманский Pixel-496. Это отличный выбор, если вы ищете наушники. В комплекте 2 фото.",наушники;флагман,naushniki-flagmanskiy-pixel-496
497,Часы Бюджетный Pixel-497,8642,https://picsum.photos/seed/product-497-img-0/600/600;https://picsum.photos/seed/product-497-img-1/600/600,"Описание товара Часы Бюджетный Pixel-497. Это отличный выбор, если вы ищете часы. В комплекте 2 фото.",часы;бюджет,chasy-byudzhetnyy-pixel-497
498,Часы Красный Pixel-498,21108,https://picsum.photos/seed/product-498-img-0/600/600;https://picsum.photos/seed/product-498-img-1/600/600;https://picsum.photos/seed/product-498-img-2/600/600,"Описание товара Часы Красный Pixel-498. Это отличный выбор, если вы ищете часы. В комплекте 3 фото.",часы;красный,chasy-krasnyy-pixel-498
499,Наушники Бюджетный Pixel-499,8568,https://picsum.photos/seed/product-499-img-0/600/600;https://picsum.photos/seed/product-499-img-1/600/600,"Описание товара Наушники Бюджетный Pixel-499. Это отличный выбор, если вы ищете наушники. В комплекте 2 фото.",наушники;бюджет,naushniki-byudzhetnyy-pixel-499
500,Чехол Красный Pixel-500,39911,https://picsum.photos/seed/product-500-img-0/600/600;https://picsum.photos/seed/product-500-img-1/600/600;https://picsum.photos/seed/product-500-img-2/600/600,"Описание товара Чехол Красный Pixel-500. Это отличный выбор, если вы ищете чехол. В комплекте 3 фото.",чехол;красный,chekhol-krasnyy-pixel-500
501,Часы Бюджетный Pixel-501,40891,https://picsum.photos/seed/product-501-img-0/600/600;https://picsum.photos/seed/product-501-img-1/600/600,"Описание товара Часы Бюджетный Pixel-501. Это отличный выбор, если вы ищете часы. В комплекте 2 фото.",часы;бюджет,chasy-byudzhetnyy-pixel-501
502,Ноутбук Красный Pixel-502,3846,https://picsum.photos/seed/product-502-img-0/600/600;https://picsum.photos/seed/product-502-img-1/600/600,"Описание товара Ноутбук Красный Pixel-502. Это отличный выбор, если вы ищете ноутбук. В комплекте 2 фото.",ноутбук;красный,noutbuk-krasnyy-pixel-502
503,Наушники Бюджетный Pixel-503,7549,https://picsum.photos/seed/product-503-img-0/600/600;https://picsum.photos/seed/product-503-img-1/600/600,"Описание товара Наушники Бюджетный Pixel-503. Это отличный выбор, если вы ищете наушники. В комплекте 2 фото.",наушники;бюджет,naushniki-byudzhetnyy-pixel-503
504,Смартфон Флагманский Pixel-504,47661,https://picsum.photos/seed/product-504-img-0/600/600;https://picsum.photos/seed/product-504-img-1/600/600;https://picsum.photos/seed/product-504-img-2/600/600;https://picsum.photos/seed/product-504-img-3/600/600,"Описание товара Смартфон Флагманский Pixel-504. Это отличный выбор, если вы ищете смартфон. В комплекте 4 фото.",смартфон;флагман,smartfon-flagmanskiy-pixel-504
505,Чехол Красный Pixel-505,25392,https://picsum.photos/seed/product-505-img-0/600/600;https://picsum.photos/seed/product-505-img-1/600/600;https://picsum.photos/seed/product-505-img-2/600/600;https://picsum.photos/seed/product-505-img-3/600/600,"Описание товара Чехол Красный Pixel-505. Это отличный выбор, если вы ищете чехол. В комплекте 4 фото.",чехол;красный,chekhol-krasnyy-pixel-505
506,Наушники Бюджетный Pixel-506,945,https://picsum.photos/seed/product-506-img-0/600/600;https://picsum.photos/seed/product-506-img-1/600/600,"Описание товара Наушники Бюджетный Pixel-506. Это отличный выбор, если вы ищете наушники. В комплекте 2 фото.",наушники;бюджет,naushniki-byudzhetnyy-pixel-506
507,Ноутбук Красный Pixel-507,36808,https://picsum.photos/seed/product-507-img-0/600/600;https://picsum.photos/seed/product-507-img-1/600/600;https://picsum.photos/seed/product-507-img-2/600/600;https://picsum.photos/seed/product-507-img-3/600/600;https://picsum.photos/seed/product-507-img-4/600/600,"Описание товара Ноутбук Красный Pixel-507. Это отличный выбор, если вы ищете ноутбук. В комплекте 5 фото.",ноутбук;красный,noutbuk-krasnyy-pixel-507
508,Смартфон Бюджетный Pixel-508,29065,https://picsum.photos/seed/product-508-img-0/600/600;https://picsum.photos/seed/product-508-img-1/600/600;https://picsum.photos/seed/product-508-img-2/600/600,"Описание товара Смартфон Бюджетный Pixel-508. Это отличный выбор, если вы ищете смартфон. В комплекте 3 фото.",смартфон;бюджет,smartfon-byudzhetnyy-pixel-508
509,Наушники Стильный Pixel-509,43635,https://picsum.photos/seed/product-509-img-0/600/600;https://picsum.photos/seed/product-509-img-1/600/600,"Описание товара Наушники Стильный Pixel-509. Это отличный выбор, если вы ищете наушники. В комплекте 2 фото.",наушники;стильный,naushniki-stilnyy-pixel-509
510,Ноутбук Быстрый Pixel-510,22901,https://picsum.photos/seed/product-510-img-0/600/600;https://picsum.photos/seed/product-510-img-1/600/600,"Описание товара Ноутбук Быстрый Pixel-510. Это отличный выбор, если вы ищете ноутбук. В комплекте 2 фото.",ноутбук;быстрый,noutbuk-bystryy-pixel-510
511,Смартфон Красный Pixel-511,4694,https://picsum.photos/seed/product-511-img-0/600/600;https://picsum.photos/seed/product-511-img-1/600/600;https://picsum.photos/seed/product-511-img-2/600/600,"Описание товара Смартфон Красный Pixel-511. Это отличный выбор, если вы ищете смартфон. В комплекте 3 фото.",смартфон;красный,smartfon-krasnyy-pixel-511
512,Наушники Флагманский Pixel-512,38415,https://picsum.photos/seed/product-512-img-0/600/600;https://picsum.photos/seed/product-512-img-1/600/600;https://picsum.photos/seed/product-512-img-2/600/600;https://picsum.photos/seed/product-512-img-3/600/600,"Описание товара Наушники Флагманский Pixel-512. Это отличный выбор, если вы ищете наушники. В комплекте 4 фото.",наушники;флагман,naushniki-flagmanskiy-pixel-512
513,Чехол Флагманский Pixel-513,12615,https://picsum.photos/seed/product-513-img-0/600/600;https://picsum.photos/seed/product-513-img-1/600/600;https://picsum.photos/seed/product-513-img-2/600/600,"Описание товара Чехол Флагманский Pixel-513. Это отличный выбор, если вы ищете чехол. В комплекте 3 фото.",чехол;флагман,chekhol-flagmanskiy-pixel-513
514,Наушники Быстрый Pixel-514,28858,https://picsum.photos/seed/product-514-img-0/600/600;https://picsum.photos/seed/product-514-img-1/600/600;https://picsum.photos/seed/product-514-img-2/600/600;https://picsum.photos/seed/product-514-img-3/600/600,"Описание товара Наушники Быстрый Pixel-514. Это отличный выбор, если вы ищете наушники. В комплекте 4 фото.",наушники;быстрый,naushniki-bystryy-pixel-514
515,Чехол Флагманский Pixel-515,41322,https://picsum.photos/seed/product-515-img-0/600/600;https://picsum.photos/seed/product-515-img-1/600/600;https://picsum.photos/seed/product-515-img-2/600/600;https://picsum.photos/seed/product-515-img-3/600/600;https://picsum.photos/seed/product-515-img-4/600/600,"Описание товара Чехол Флагманский Pixel-515. Это отличный выбор, если вы ищете чехол. В комплекте 5 фото.",чехол;флагман,chekhol-flagmanskiy-pixel-515
516,Смартфон Быстрый Pixel-516,1425,https://picsum.photos/seed/product-516-img-0/600/600;https://picsum.photos/seed/product-516-img-1/600/600;https://picsum.photos/seed/product-516-img-2/600/600;https://picsum.photos/seed/product-516-img-3/600/600,"Описание товара Смартфон Быстрый Pixel-516. Это отличный выбор, если вы ищете смартфон. В комплекте 4 фото.",смартфон;быстрый,smartfon-bystryy-pixel-516
517,Смартфон Мощный Pixel-517,8072,https://picsum.photos/seed/product-517-img-0/600/600;https://picsum.photos/seed/product-517-img-1/600/600;https://picsum.photos/seed/product-517-img-2/600/600;https://picsum.photos/seed/product-517-img-3/600/600;https://picsum.photos/seed/product-517-img-4/600/600,"Описание товара Смартфон Мощный Pixel-517. Это отличный выбор, если вы ищете смартфон. В комплекте 5 фото.",смартфон;мощный,smartfon-moshchnyy-pixel-517
518,Наушники Красный Pixel-518,16614,https://picsum.photos/seed/product-518-img-0/600/600;https://picsum.photos/seed/product-518-img-1/600/600,"Описание товара Наушники Красный Pixel-518. Это отличный выбор, если вы ищете наушники. В комплекте 2 фото.",наушники;красный,naushniki-krasnyy-pixel-518
519,Чехол Красный Pixel-519,25419,https://picsum.photos/seed/product-519-img-0/600/600;https://picsum.photos/seed/product-519-img-1/600/600;https://picsum.photos/seed/product-519-img-2/600/600,"Описание товара Чехол Красный Pixel-519. Это отличный выбор, если вы ищете чехол. В комплекте 3 фото.",чехол;красный,chekhol-krasnyy-pixel-519
520,Чехол Красный Pixel-520,16778,https://picsum.photos/seed/product-520-img-0/600/600;https://picsum.photos/seed/product-520-img-1/600/600;https://picsum.photos/seed/product-520-img-2/600/600;https://picsum.photos/seed/product-520-img-3/600/600,"Описание товара Чехол Красный Pixel-520. Это отличный выбор, если вы ищете чехол. В комплекте 4 фото.",чехол;красный,chekhol-krasnyy-pixel-520
521,Часы Стильный Pixel-521,26619,https://picsum.photos/seed/product-521-img-0/600/600;https://picsum.photos/seed/product-521-img-1/600/600;https://picsum.photos/seed/product-521-img-2/600/600;https://picsum.photos/seed/product-521-img-3/600/600;https://picsum.photos/seed/product-521-img-4/600/600,"Описание товара Часы Стильный Pixel-521. Это отличный выбор, если вы ищете часы. В комплекте 5 фото.",часы;стильный,chasy-stilnyy-pixel-521
522,Чехол Быстрый Pixel-522,25054,https://picsum.photos/seed/product-522-img-0/600/600;https://picsum.photos/seed/product-522-img-1/600/600;https://picsum.photos/seed/product-522-img-2/600/600;https://picsum.photos/seed/product-522-img-3/600/600;https://picsum.photos/seed/product-522-img-4/600/600,"Описание товара Чехол Быстрый Pixel-522. Это отличный выбор, если вы ищете чехол. В комплекте 5 фото.",чехол;быстрый,chekhol-bystryy-pixel-522
523,Смартфон Бюджетный Pixel-523,37560,https://picsum.photos/seed/product-523-img-0/600/600;https://picsum.photos/seed/product-523-img-1/600/600;https://picsum.photos/seed/product-523-img-2/600/600,"Описание товара Смартфон Бюджетный Pixel-523. Это отличный выбор, если вы ищете смартфон. В комплекте 3 фото.",смартфон;бюджет,smartfon-byudzhetnyy-pixel-523
524,Ноутбук Флагманский Pixel-524,42803,https://picsum.photos/seed/product-524-img-0/600/600;https://picsum.photos/seed/product-524-img-1/600/600;https://picsum.photos/seed/product-524-img-2/600/600;https://picsum.photos/seed/product-524-img-3/600/600;https://picsum.photos/seed/product-524-img-4/600/600,"Описание товара Ноутбук Флагманский Pixel-524. Это отличный выбор, если вы ищете ноутбук. В комплекте 5 фото.",ноутбук;флагман,noutbuk-flagmanskiy-pixel-524
525,Часы Бюджетный Pixel-525,46827,https://picsum.photos/seed/product-525-img-0/600/600;https://picsum.photos/seed/product-525-img-1/600/600;https://picsum.photos/seed/product-525-img-2/600/600;https://picsum.photos/seed/product-525-img-3/600/600,"Описание товара Часы Бюджетный Pixel-525. Это отличный выбор, если вы ищете часы. В комплекте 4 фото.",часы;бюджет,chasy-byudzhetnyy-pixel-525
526,Часы Мощный Pixel-526,36849,https://picsum.photos/seed/product-526-img-0/600/600;https://picsum.photos/seed/product-526-img-1/600/600;https://picsum.photos/seed/product-526-img-2/600/600,"Описание товара Часы Мощный Pixel-526. Это отличный выбор, если вы ищете часы. В комплекте 3 фото.",часы;мощный,chasy-moshchnyy-pixel-526
527,Часы Быстрый Pixel-527,36832,https://picsum.photos/seed/product-527-img-0/600/600;https://picsum.photos/seed/product-527-img-1/600/600,"Описание товара Часы Быстрый Pixel-527. Это отличный выбор, если вы ищете часы. В комплекте 2 фото.",часы;быстрый,chasy-bystryy-pixel-527
528,Часы Стильный Pixel-528,29066,https://picsum.photos/seed/product-528-img-0/600/600;https://picsum.photos/seed/product-528-img-1/600/600,"Описание товара Часы Стильный Pixel-528. Это отличный выбор, если вы ищете часы. В комплекте 2 фото.",часы;стильный,chasy-stilnyy-pixel-528
529,Наушники Бюджетный Pixel-529,13421,https://picsum.photos/seed/product-529-img-0/600/600;https://picsum.photos/seed/product-529-img-1/600/600;https://picsum.photos/seed/product-529-img-2/600/600;https://picsum.photos/seed/product-529-img-3/600/600,"Описание товара Наушники Бюджетный Pixel-529. Это отличный выбор, если вы ищете наушники. В комплекте 4 фото.",наушники;бюджет,naushniki-byudzhetnyy-pixel-529
530,Ноутбук Флагманский Pixel-530,29014,https://picsum.photos/seed/product-530-img-0/600/600;https://picsum.photos/seed/product-530-img-1/600/600;https://picsum.photos/seed/product-530-img-2/600/600;https://picsum.photos/seed/product-530-img-3/600/600,"Описание товара Ноутбук Флагманский Pixel-530. Это отличный выбор, если вы ищете ноутбук. В комплекте 4 фото.",ноутбук;флагман,noutbuk-flagmanskiy-pixel-530
531,Ноутбук Красный Pixel-531,15632,https://picsum.photos/seed/product-531-img-0/600/600;https://picsum.photos/seed/product-531-img-1/600/600;https://picsum.photos/seed/product-531-img-2/600/600;https://picsum.photos/seed/product-531-img-3/600/600,"Описание товара Ноутбук Красный Pixel-531. Это отличный выбор, если вы ищете ноутбук. В комплекте 4 фото.",ноутбук;красный,noutbuk-krasnyy-pixel-531
532,Часы Быстрый Pixel-532,8313,https://picsum.photos/seed/product-532-img-0/600/600;https://picsum.photos/seed/product-532-img-1/600/600;https://picsum.photos/seed/product-532-img-2/600/600;https://picsum.photos/seed/product-532-img-3/600/600;https://picsum.photos/seed/product-532-img-4/600/600,"Описание товара Часы Быстрый Pixel-532. Это отличный выбор, если вы ищете часы. В комплекте 5 фото.",часы;быстрый,chasy-bystryy-pixel-532
533,Чехол Стильный Pixel-533,31662,https://picsum.photos/seed/product-533-img-0/600/600;https://picsum.photos/seed/product-533-img-1/600/600;https://picsum.photos/seed/product-533-img-2/600/600;https://picsum.photos/seed/product-533-img-3/600/600,"Описание товара Чехол Стильный Pixel-533. Это отличный выбор, если вы ищете чехол. В комплекте 4 фото.",чехол;стильный,chekhol-stilnyy-pixel-533
534,Часы Стильный Pixel-534,27386,https://picsum.photos/seed/product-534-img-0/600/600;https://picsum.photos/seed/product-534-img-1/600/600;https://picsum.photos/seed/product-534-img-2/600/600;https://picsum.photos/seed/product-534-img-3/600/600,"Описание товара Часы Стильный Pixel-534. Это отличный выбор, если вы ищете часы. В комплекте 4 фото.",часы;стильный,chasy-stilnyy-pixel-534
535,Наушники Стильный Pixel-535,24888,https://picsum.photos/seed/product-535-img-0/600/600;https://picsum.photos/seed/product-535-img-1/600/600;https://picsum.photos/seed/product-535-img-2/600/600;https://picsum.photos/seed/product-535-img-3/600/600,"Описание товара Наушники Стильный Pixel-535. Это отличный выбор, если вы ищете наушники. В комплекте 4 фото.",наушники;стильный,naushniki-stilnyy-pixel-535
536,Часы Красный Pixel-536,38123,https://picsum.photos/seed/product-536-img-0/600/600;https://picsum.photos/seed/product-536-img-1/600/600;https://picsum.photos/seed/product-536-img-2/600/600;https://picsum.photos/seed/product-536-img-3/600/600,"Описание товара Часы Красный Pixel-536. Это отличный выбор, если вы ищете часы. В комплекте 4 фото.",часы;красный,chasy-krasnyy-pixel-536
537,Часы Флагманский Pixel-537,16043,https://picsum.photos/seed/product-537-img-0/600/600;https://picsum.photos/seed/product-537-img-1/600/600;https://picsum.photos/seed/product-537-img-2/600/600;https://picsum.photos/seed/product-537-img-3/600/600,"Описание товара Часы Флагманский Pixel-537. Это отличный выбор, если вы ищете часы. В комплекте 4 фото.",часы;флагман,chasy-flagmanskiy-pixel-537
538,Наушники Быстрый Pixel-538,406,https://picsum.photos/seed/product-538-img-0/600/600;https://picsum.photos/seed/product-538-img-1/600/600;https://picsum.photos/seed/product-538-img-2/600/600;https://picsum.photos/seed/product-538-img-3/600/600;https://picsum.photos/seed/product-538-img-4/600/600,"Описание товара Наушники Быстрый Pixel-538. Это отличный выбор, если вы ищете наушники. В комплекте 5 фото.",наушники;быстрый,naushniki-bystryy-pixel-538
539,Часы Быстрый Pixel-539,15560,https://picsum.photos/seed/product-539-img-0/600/600;https://picsum.photos/seed/product-539-img-1/600/600;https://picsum.photos/seed/product-539-img-2/600/600,"Описание товара Часы Быстрый Pixel-539. Это отличный выбор, если вы ищете часы. В комплекте 3 фото.",часы;быстрый,chasy-bystryy-pixel-539
540,Ноутбук Мощный Pixel-540,4765,https://picsum.photos/seed/product-540-img-0/600/600;https://picsum.photos/seed/product-540-img-1/600/600;https://picsum.photos/seed/product-540-img-2/600/600;https://picsum.photos/seed/product-540-img-3/600/600,"Описание товара Ноутбук Мощный Pixel-540. Это отличный выбор, если вы ищете ноутбук. В комплекте 4 фото.",ноутбук;мощный,noutbuk-moshchnyy-pixel-540
541,Чехол Мощный Pixel-541,24672,https://picsum.photos/seed/product-541-img-0/600/600;https://picsum.photos/seed/product-541-img-1/600/600;https://picsum.photos/seed/product-541-img-2/600/600,"Описание товара Чехол Мощный Pixel-541. Это отличный выбор, если вы ищете чехол. В комплекте 3 фото.",чехол;мощный,chekhol-moshchnyy-pixel-541
542,Наушники Стильный Pixel-542,37421,https://picsum.photos/seed/product-542-img-0/600/600;https://picsum.photos/seed/product-542-img-1/600/600;https://picsum.photos/seed/product-542-img-2/600/600;https://picsum.photos/seed/product-542-img-3/600/600,"Описание товара Наушники Стильный Pixel-542. Это отличный выбор, если вы ищете наушники. В комплекте 4 фото.",наушники;стильный,naushniki-stilnyy-pixel-542
543,Наушники Стильный Pixel-543,34142,https://picsum.photos/seed/product-543-img-0/600/600;https://picsum.photos/seed/product-543-img-1/600/600,"Описание товара Наушники Стильный Pixel-543. Это отличный выбор, если вы ищете наушники. В комплекте 2 фото.",наушники;стильный,naushniki-stilnyy-pixel-543
544,Чехол Стильный Pixel-544,12642,https://picsum.photos/seed/product-544-img-0/600/600;https://picsum.photos/seed/product-544-img-1/600/600;https://picsum.photos/seed/product-544-img-2/600/600;https://picsum.photos/seed/product-544-img-3/600/600,"Описание товара Чехол Стильный Pixel-544. Это отличный выбор, если вы ищете чехол. В комплекте 4 фото.",чехол;стильный,chekhol-stilnyy-pixel-544
545,Часы Бюджетный Pixel-545,48669,https://picsum.photos/seed/product-545-img-0/600/600;https://picsum.photos/seed/product-545-img-1/600/600;https://picsum.photos/seed/product-545-img-2/600/600,"Описание товара Часы Бюджетный Pixel-545. Это отличный выбор, если вы ищете часы. В комплекте 3 фото.",часы;бюджет,chasy-byudzhetnyy-pixel-545
546,Часы Стильный Pixel-546,37702,https://picsum.photos/seed/product-546-img-0/600/600;https://picsum.photos/seed/product-546-img-1/600/600;https://picsum.photos/seed/product-546-img-2/600/600;https://picsum.photos/seed/product-546-img-3/600/600;https://picsum.photos/seed/product-546-img-4/600/600,"Описание товара Часы Стильный Pixel-546. Это отличный выбор, если вы ищете часы. В комплекте 5 фото.",часы;стильный,chasy-stilnyy-pixel-546
547,Чехол Флагманский Pixel-547,27292,https://picsum.photos/seed/product-547-img-0/600/600;https://picsum.photos/seed/product-547-img-1/600/600,"Описание товара Чехол Флагманский Pixel-547. Это отличный выбор, если вы ищете чехол. В комплекте 2 фото.",чехол;флагман,chekhol-flagmanskiy-pixel-547
548,Ноутбук Быстрый Pixel-548,11530,https://picsum.photos/seed/product-548-img-0/600/600;https://picsum.photos/seed/product-548-img-1/600/600;https://picsum.photos/seed/product-548-img-2/600/600;https://picsum.photos/seed/product-548-img-3/600/600,"Описание товара Ноутбук Быстрый Pixel-548. Это отличный выбор, если вы ищете ноутбук. В комплекте 4 фото.",ноутбук;быстрый,noutbuk-bystryy-pixel-548
549,Наушники Мощный Pixel-549,31261,https://picsum.photos/seed/product-549-img-0/600/600;https://picsum.photos/seed/product-549-img-1/600/600;https://picsum.photos/seed/product-549-img-2/600/600;https://picsum.photos/seed/product-549-img-3/600/600,"Описание товара Наушники Мощный Pixel-549. Это отличный выбор, если вы ищете наушники. В комплекте 4 фото.",наушники;мощный,naushniki-moshchnyy-pixel-549
550,Ноутбук Флагманский Pixel-550,22365,https://picsum.photos/seed/product-550-img-0/600/600;https://picsum.photos/seed/product-550-img-1/600/600,"Описание товара Ноутбук Флагманский Pixel-550. Это отличный выбор, если вы ищете ноутбук. В комплекте 2 фото.",ноутбук;флагман,noutbuk-flagmanskiy-pixel-550
551,Часы Быстрый Pixel-551,39036,https://picsum.photos/seed/product-551-img-0/600/600;https://picsum.photos/seed/product-551-img-1/600/600;https://picsum.photos/seed/product-551-img-2/600/600;https://picsum.photos/seed/product-551-img-3/600/600,"Описание товара Часы Быстрый Pixel-551. Это отличный выбор, если вы ищете часы. В комплекте 4 фото.",часы;быстрый,chasy-bystryy-pixel-551
552,Наушники Мощный Pixel-552,15684,https://picsum.photos/seed/product-552-img-0/600/600;https://picsum.photos/seed/product-552-img-1/600/600;https://picsum.photos/seed/product-552-img-2/600/600;https://picsum.photos/seed/product-552-img-3/600/600,"Описание товара Наушники Мощный Pixel-552. Это отличный выбор, если вы ищете наушники. В комплекте 4 фото.",наушники;мощный,naushniki-moshchnyy-pixel-552
553,Наушники Красный Pixel-553,42148,https://picsum.photos/seed/product-553-img-0/600/600;https://picsum.photos/seed/product-553-img-1/600/600;https://picsum.photos/seed/product-553-img-2/600/600,"Описание товара Наушники Красный Pixel-553. Это отличный выбор, если вы ищете наушники. В комплекте 3 фото.",наушники;красный,naushniki-krasnyy-pixel-553
554,Ноутбук Красный Pixel-554,6177,https://picsum.photos/seed/product-554-img-0/600/600;https://picsum.photos/seed/product-554-img-1/600/600;https://picsum.photos/seed/product-554-img-2/600/600;https://picsum.photos/seed/product-554-img-3/600/600;https://picsum.photos/seed/product-554-img-4/600/600,"Описание товара Ноутбук Красный Pixel-554. Это отличный выбор, если вы ищете ноутбук. В комплекте 5 фото.",ноутбук;красный,noutbuk-krasnyy-pixel-554
555,Смартфон Мощный Pixel-555,9372,https://picsum.photos/seed/product-555-img-0/600/600;https://picsum.photos/seed/product-555-img-1/600/600;https://picsum.photos/seed/product-555-img-2/600/600,"Описание товара Смартфон Мощный Pixel-555. Это отличный выбор, если вы ищете смартфон. В комплекте 3 фото.",смартфон;мощный,smartfon-moshchnyy-pixel-555
556,Ноутбук Бюджетный Pixel-556,30183,https://picsum.photos/seed/product-556-img-0/600/600;https://picsum.photos/seed/product-556-img-1/600/600,"Описание товара Ноутбук Бюджетный Pixel-556. Это отличный выбор, если вы ищете ноутбук. В комплекте 2 фото.",ноутбук;бюджет,noutbuk-byudzhetnyy-pixel-556
557,Смартфон Флагманский Pixel-557,31950,https://picsum.photos/seed/product-557-img-0/600/600;https://picsum.photos/seed/product-557-img-1/600/600;https://picsum.photos/seed/product-557-img-2/600/600,"Описание товара Смартфон Флагманский Pixel-557. Это отличный выбор, если вы ищете смартфон. В комплекте 3 фото.",смартфон;флагман,smartfon-flagmanskiy-pixel-557
558,Ноутбук Флагманский Pixel-558,15374,https://picsum.photos/seed/product-558-img-0/600/600;https://picsum.photos/seed/product-558-img-1/600/600;https://picsum.photos/seed/product-558-img-2/600/600;https://picsum.photos/seed/product-558-img-3/600/600,"Описание товара Ноутбук Флагманский Pixel-558. Это отличный выбор, если вы ищете ноутбук. В комплекте 4 фото.",ноутбук;флагман,noutbuk-flagmanskiy-pixel-558
559,Наушники Быстрый Pixel-559,30227,https://picsum.photos/seed/product-559-img-0/600/600;https://picsum.photos/seed/product-559-img-1/600/600,"Описание товара Наушники Быстрый Pixel-559. Это отличный выбор, если вы ищете наушники. В комплекте 2 фото.",наушники;быстрый,naushniki-bystryy-pixel-559
560,Часы Быстрый Pixel-560,44762,https://picsum.photos/seed/product-560-img-0/600/600;https://picsum.photos/seed/product-560-img-1/600/600;https://picsum.photos/seed/product-560-img-2/600/600;https://picsum.photos/seed/product-560-img-3/600/600;https://picsum.photos/seed/product-560-img-4/600/600,"Описание товара Часы Быстрый Pixel-560. Это отличный выбор, если вы ищете часы. В комплекте 5 фото.",часы;быстрый,chasy-bystryy-pixel-560
561,Чехол Быстрый Pixel-561,3697,https://picsum.photos/seed/product-561-img-0/600/600;https://picsum.photos/seed/product-561-img-1/600/600,"Описание товара Чехол Быстрый Pixel-561. Это отличный выбор, если вы ищете чехол. В комплекте 2 фото.",чехол;быстрый,chekhol-bystryy-pixel-561
562,Чехол Мощный Pixel-562,18740,https://picsum.photos/seed/product-562-img-0/600/600;https://picsum.photos/seed/product-562-img-1/600/600;https://picsum.photos/seed/product-562-img-2/600/600,"Описание товара Чехол Мощный Pixel-562. Это отличный выбор, если вы ищете чехол. В комплекте 3 фото.",чехол;мощный,chekhol-moshchnyy-pixel-562
563,Наушники Бюджетный Pixel-563,9761,https://picsum.photos/seed/product-563-img-0/600/600;https://picsum.photos/seed/product-563-img-1/600/600;https://picsum.photos/seed/product-563-img-2/600/600;https://picsum.photos/seed/product-563-img-3/600/600;https://picsum.photos/seed/product-563-img-4/600/600,"Описание товара Наушники Бюджетный Pixel-563. Это отличный выбор, если вы ищете наушники. В комплекте 5 фото.",наушники;бюджет,naushniki-byudzhetnyy-pixel-563
564,Часы Красный Pixel-564,4406,https://picsum.photos/seed/product-564-img-0/600/600;https://picsum.photos/seed/product-564-img-1/600/600,"Описание товара Часы Красный Pixel-564. Это отличный выбор, если вы ищете часы. В комплекте 2 фото.",часы;красный,chasy-krasnyy-pixel-564
565,Смартфон Красный Pixel-565,28603,https://picsum.photos/seed/product-565-img-0/600/600;https://picsum.photos/seed/product-565-img-1/600/600;https://picsum.photos/seed/product-565-img-2/600/600;https://picsum.photos/seed/product-565-img-3/600/600,"Описание товара Смартфон Красный Pixel-565. Это отличный выбор, если вы ищете смартфон. В комплекте 4 фото.",смартфон;красный,smartfon-krasnyy-pixel-565
566,Чехол Быстрый Pixel-566,46201,https://picsum.photos/seed/product-566-img-0/600/600;https://picsum.photos/seed/product-566-img-1/600/600;https://picsum.photos/seed/product-566-img-2/600/600,"Описание товара Чехол Быстрый Pixel-566. Это отличный выбор, если вы ищете чехол. В комплекте 3 фото.",чехол;быстрый,chekhol-bystryy-pixel-566
567,Часы Бюджетный Pixel-567,31978,https://picsum.photos/seed/product-567-img-0/600/600;https://picsum.photos/seed/product-567-img-1/600/600,"Описание товара Часы Бюджетный Pixel-567. Это отличный выбор, если вы ищете часы. В комплекте 2 фото.",часы;бюджет,chasy-byudzhetnyy-pixel-567
568,Наушники Флагманский Pixel-568,15152,https://picsum.photos/seed/product-568-img-0/600/600;https://picsum.photos/seed/product-568-img-1/600/600;https://picsum.photos/seed/product-568-img-2/600/600;https://picsum.photos/seed/product-568-img-3/600/600;https://picsum.photos/seed/product-568-img-4/600/600,"Описание товара Наушники Флагманский Pixel-568. Это отличный выбор, если вы ищете наушники. В комплекте 5 фото.",наушники;флагман,naushniki-flagmanskiy-pixel-568
569,Смартфон Стильный Pixel-569,33563,https://picsum.photos/seed/product-569-img-0/600/600;https://picsum.photos/seed/product-569-img-1/600/600;https://picsum.photos/seed/product-569-img-2/600/600;https://picsum.photos/seed/product-569-img-3/600/600,"Описание товара Смартфон Стильный Pixel-569. Это отличный выбор, если вы ищете смартфон. В комплекте 4 фото.",смартфон;стильный,smartfon-stilnyy-pixel-569
570,Наушники Мощный Pixel-570,28331,https://picsum.photos/seed/product-570-img-0/600/600;https://picsum.photos/seed/product-570-img-1/600/600,"Описание товара Наушники Мощный Pixel-570. Это отличный выбор, если вы ищете наушники. В комплекте 2 фото.",наушники;мощный,naushniki-moshchnyy-pixel-570
571,Часы Мощный Pixel-571,28722,https://picsum.photos/seed/product-571-img-0/600/600;https://picsum.photos/seed/product-571-img-1/600/600;https://picsum.photos/seed/product-571-img-2/600/600;https://picsum.photos/seed/product-571-img-3/600/600,"Описание товара Часы Мощный Pixel-571. Это отличный выбор, если вы ищете часы. В комплекте 4 фото.",часы;мощный,chasy-moshchnyy-pixel-571
572,Ноутбук Красный Pixel-572,35880,https://picsum.photos/seed/product-572-img-0/600/600;https://picsum.photos/seed/product-572-img-1/600/600,"Описание товара Ноутбук Красный Pixel-572. Это отличный выбор, если вы ищете ноутбук. В комплекте 2 фото.",ноутбук;красный,noutbuk-krasnyy-pixel-572
573,Смартфон Мощный Pixel-573,38183,https://picsum.photos/seed/product-573-img-0/600/600;https://picsum.photos/seed/product-573-img-1/600/600;https://picsum.photos/seed/product-573-img-2/600/600;https://picsum.photos/seed/product-573-img-3/600/600;https://picsum.photos/seed/product-573-img-4/600/600,"Описание товара Смартфон Мощный Pixel-573. Это отличный выбор, если вы ищете смартфон. В комплекте 5 фото.",смартфон;мощный,smartfon-moshchnyy-pixel-573
574,Ноутбук Бюджетный Pixel-574,17657,https://picsum.photos/seed/product-574-img-0/600/600;https://picsum.photos/seed/product-574-img-1/600/600;https://picsum.photos/seed/product-574-img-2/600/600;https://picsum.photos/seed/product-574-img-3/600/600,"Описание товара Ноутбук Бюджетный Pixel-574. Это отличный выбор, если вы ищете ноутбук. В комплекте 4 фото.",ноутбук;бюджет,noutbuk-byudzhetnyy-pixel-574
575,Смартфон Мощный Pixel-575,19746,https://picsum.photos/seed/product-575-img-0/600/600;https://picsum.photos/seed/product-575-img-1/600/600;https://picsum.photos/seed/product-575-img-2/600/600,"Описание товара Смартфон Мощный Pixel-575. Это отличный выбор, если вы ищете смартфон. В комплекте 3 фото.",смартфон;мощный,smartfon-moshchnyy-pixel-575
576,Смартфон Мощный Pixel-576,1153,https://picsum.photos/seed/product-576-img-0/600/600;https://picsum.photos/seed/product-576-img-1/600/600;https://picsum.photos/seed/product-576-img-2/600/600;https://picsum.photos/seed/product-576-img-3/600/600;https://picsum.photos/seed/product-576-img-4/600/600,"Описание товара Смартфон Мощный Pixel-576. Это отличный выбор, если вы ищете смартфон. В комплекте 5 фото.",смартфон;мощный,smartfon-moshchnyy-pixel-576
577,Наушники Мощный Pixel-577,30766,https://picsum.photos/seed/product-577-img-0/600/600;https://picsum.photos/seed/product-577-img-1/600/600;https://picsum.photos/seed/product-577-img-2/600/600;https://picsum.photos/seed/product-577-img-3/600/600,"Описание товара Наушники Мощный Pixel-577. Это отличный выбор, если вы ищете наушники. В комплекте 4 фото.",наушники;мощный,naushniki-moshchnyy-pixel-577
578,Ноутбук Быстрый Pixel-578,13010,https://picsum.photos/seed/product-578-img-0/600/600;https://picsum.photos/seed/product-578-img-1/600/600;https://picsum.photos/seed/product-578-img-2/600/600;https://picsum.photos/seed/product-578-img-3/600/600,"Описание товара Ноутбук Быстрый Pixel-578. Это отличный выбор, если вы ищете ноутбук. В комплекте 4 фото.",ноутбук;быстрый,noutbuk-bystryy-pixel-578
579,Наушники Бюджетный Pixel-579,19428,https://picsum.photos/seed/product-579-img-0/600/600;https://picsum.photos/seed/product-579-img-1/600/600,"Описание товара Наушники Бюджетный Pixel-579. Это отличный выбор, если вы ищете наушники. В комплекте 2 фото.",наушники;бюджет,naushniki-byudzhetnyy-pixel-579
580,Ноутбук Мощный Pixel-580,11401,https://picsum.photos/seed/product-580-img-0/600/600;https://picsum.photos/seed/product-580-img-1/600/600;https://picsum.photos/seed/product-580-img-2/600/600,"Описание товара Ноутбук Мощный Pixel-580. Это отличный выбор, если вы ищете ноутбук. В комплекте 3 фото.",ноутбук;мощный,noutbuk-moshchnyy-pixel-580
581,Часы Быстрый Pixel-581,46646,https://picsum.photos/seed/product-581-img-0/600/600;https://picsum.photos/seed/product-581-img-1/600/600;https://picsum.photos/seed/product-581-img-2/600/600,"Описание товара Часы Быстрый Pixel-581. Это отличный выбор, если вы ищете часы. В комплекте 3 фото.",часы;быстрый,chasy-bystryy-pixel-581
582,Ноутбук Быстрый Pixel-582,36551,https://picsum.photos/seed/product-582-img-0/600/600;https://picsum.photos/seed/product-582-img-1/600/600,"Описание товара Ноутбук Быстрый Pixel-582. Это отличный выбор, если вы ищете ноутбук. В комплекте 2 фото.",ноутбук;быстрый,noutbuk-bystryy-pixel-582
583,Смартфон Флагманский Pixel-583,48750,https://picsum.photos/seed/product-583-img-0/600/600;https://picsum.photos/seed/product-583-img-1/600/600;https://picsum.photos/seed/product-583-img-2/600/600,"Описание товара Смартфон Флагманский Pixel-583. Это отличный выбор, если вы ищете смартфон. В комплекте 3 фото.",смартфон;флагман,smartfon-flagmanskiy-pixel-583
584,Ноутбук Мощный Pixel-584,15063,https://picsum.photos/seed/product-584-img-0/600/600;https://picsum.photos/seed/product-584-img-1/600/600,"Описание товара Ноутбук Мощный Pixel-584. Это отличный выбор, если вы ищете ноутбук. В комплекте 2 фото.",ноутбук;мощный,noutbuk-moshchnyy-pixel-584
585,Чехол Стильный Pixel-585,26422,https://picsum.photos/seed/product-585-img-0/600/600;https://picsum.photos/seed/product-585-img-1/600/600;https://picsum.photos/seed/product-585-img-2/600/600;https://picsum.photos/seed/product-585-img-3/600/600;https://picsum.photos/seed/product-585-img-4/600/600,"Описание товара Чехол Стильный Pixel-585. Это отличный выбор, если вы ищете чехол. В комплекте 5 фото.",чехол;стильный,chekhol-stilnyy-pixel-585
586,Ноутбук Стильный Pixel-586,12762,https://picsum.photos/seed/product-586-img-0/600/600;https://picsum.photos/seed/product-586-img-1/600/600,"Описание товара Ноутбук Стильный Pixel-586. Это отличный выбор, если вы ищете ноутбук. В комплекте 2 фото.",ноутбук;стильный,noutbuk-stilnyy-pixel-586
587,Наушники Флагманский Pixel-587,10236,https://picsum.photos/seed/product-587-img-0/600/600;https://picsum.photos/seed/product-587-img-1/600/600;https://picsum.photos/seed/product-587-img-2/600/600,"Описание товара Наушники Флагманский Pixel-587. Это отличный выбор, если вы ищете наушники. В комплекте 3 фото.",наушники;флагман,naushniki-flagmanskiy-pixel-587
588,Ноутбук Быстрый Pixel-588,10985,https://picsum.photos/seed/product-588-img-0/600/600;https://picsum.photos/seed/product-588-img-1/600/600;https://picsum.photos/seed/product-588-img-2/600/600;https://picsum.photos/seed/product-588-img-3/600/600,"Описание товара Ноутбук Быстрый Pixel-588. Это отличный выбор, если вы ищете ноутбук. В комплекте 4 фото.",ноутбук;быстрый,noutbuk-bystryy-pixel-588
589,Наушники Флагманский Pixel-589,8306,https://picsum.photos/seed/product-589-img-0/600/600;https://picsum.photos/seed/product-589-img-1/600/600;https://picsum.photos/seed/product-589-img-2/600/600;https://picsum.photos/seed/product-589-img-3/600/600,"Описание товара Наушники Флагманский Pixel-589. Это отличный выбор, если вы ищете наушники. В комплекте 4 фото.",наушники;флагман,naushniki-flagmanskiy-pixel-589
590,Ноутбук Быстрый Pixel-590,720,https://picsum.photos/seed/product-590-img-0/600/600;https://picsum.photos/seed/product-590-img-1/600/600,"Описание товара Ноутбук Быстрый Pixel-590. Это отличный выбор, если вы ищете ноутбук. В комплекте 2 фото.",ноутбук;быстрый,noutbuk-bystryy-pixel-590
591,Часы Мощный Pixel-591,41784,https://picsum.photos/seed/product-591-img-0/600/600;https://picsum.photos/seed/product-591-img-1/600/600;https://picsum.photos/seed/product-591-img-2/600/600;https://picsum.photos/seed/product-591-img-3/600/600;https://picsum.photos/seed/product-591-img-4/600/600,"Описание товара Часы Мощный Pixel-591. Это отличный выбор, если вы ищете часы. В комплекте 5 фото.",часы;мощный,chasy-moshchnyy-pixel-591
592,Чехол Быстрый Pixel-592,47141,https://picsum.photos/seed/product-592-img-0/600/600;https://picsum.photos/seed/product-592-img-1/600/600,"Описание товара Чехол Быстрый Pixel-592. Это отличный выбор, если вы ищете чехол. В комплекте 2 фото.",чехол;быстрый,chekhol-bystryy-pixel-592
593,Чехол Стильный Pixel-593,25106,https://picsum.photos/seed/product-593-img-0/600/600;https://picsum.photos/seed/product-593-img-1/600/600;https://picsum.photos/seed/product-593-img-2/600/600;https://picsum.photos/seed/product-593-img-3/600/600,"Описание товара Чехол Стильный Pixel-593. Это отличный выбор, если вы ищете чехол. В комплекте 4 фото.",чехол;стильный,chekhol-stilnyy-pixel-593
594,Смартфон Быстрый Pixel-594,5160,https://picsum.photos/seed/product-594-img-0/600/600;https://picsum.photos/seed/product-594-img-1/600/600;https://picsum.photos/seed/product-594-img-2/600/600,"Описание товара Смартфон Быстрый Pixel-594. Это отличный выбор, если вы ищете смартфон. В комплекте 3 фото.",смартфон;быстрый,smartfon-bystryy-pixel-594
595,Смартфон Мощный Pixel-595,35099,https://picsum.photos/seed/product-595-img-0/600/600;https://picsum.photos/seed/product-595-img-1/600/600,"Описание товара Смартфон Мощный Pixel-595. Это отличный выбор, если вы ищете смартфон. В комплекте 2 фото.",смартфон;мощный,smartfon-moshchnyy-pixel-595
596,Наушники Быстрый Pixel-596,25685,https://picsum.photos/seed/product-596-img-0/600/600;https://picsum.photos/seed/product-596-img-1/600/600;https://picsum.photos/seed/product-596-img-2/600/600;https://picsum.photos/seed/product-596-img-3/600/600;https://picsum.photos/seed/product-596-img-4/600/600,"Описание товара Наушники Быстрый Pixel-596. Это отличный выбор, если вы ищете наушники. В комплекте 5 фото.",наушники;быстрый,naushniki-bystryy-pixel-596
597,Чехол Флагманский Pixel-597,39444,https://picsum.photos/seed/product-597-img-0/600/600;https://picsum.photos/seed/product-597-img-1/600/600;https://picsum.photos/seed/product-597-img-2/600/600;https://picsum.photos/seed/product-597-img-3/600/600;https://picsum.photos/seed/product-597-img-4/600/600,"Описание товара Чехол Флагманский Pixel-597. Это отличный выбор, если вы ищете чехол. В комплекте 5 фото.",чехол;флагман,chekhol-flagmanskiy-pixel-597
598,Ноутбук Быстрый Pixel-598,16885,https://picsum.photos/seed/product-598-img-0/600/600;https://picsum.photos/seed/product-598-img-1/600/600;https://picsum.photos/seed/product-598-img-2/600/600;https://picsum.photos/seed/product-598-img-3/600/600;https://picsum.photos/seed/product-598-img-4/600/600,"Описание товара Ноутбук Быстрый Pixel-598. Это отличный выбор, если вы ищете ноутбук. В комплекте 5 фото.",ноутбук;быстрый,noutbuk-bystryy-pixel-598
599,Чехол Бюджетный Pixel-599,46513,https://picsum.photos/seed/product-599-img-0/600/600;https://picsum.photos/seed/product-599-img-1/600/600;https://picsum.photos/seed/product-599-img-2/600/600;https://picsum.photos/seed/product-599-img-3/600/600,"Описание товара Чехол Бюджетный Pixel-599. Это отличный выбор, если вы ищете чехол. В комплекте 4 фото.",чехол;бюджет,chekhol-byudzhetnyy-pixel-599
600,Наушники Стильный Pixel-600,35619,https://picsum.photos/seed/product-600-img-0/600/600;https://picsum.photos/seed/product-600-img-1/600/600,"Описание товара Наушники Стильный Pixel-600. Это отличный выбор, если вы ищете наушники. В комплекте 2 фото.",наушники;стильный,naushniki-stilnyy-pixel-600
601,Часы Красный Pixel-601,48114,https://picsum.photos/seed/product-601-img-0/600/600;https://picsum.photos/seed/product-601-img-1/600/600;https://picsum.photos/seed/product-601-img-2/600/600,"Описание товара Часы Красный Pixel-601. Это отличный выбор, если вы ищете часы. В комплекте 3 фото.",часы;красный,chasy-krasnyy-pixel-601
602,Смартфон Мощный Pixel-602,24096,https://picsum.photos/seed/product-602-img-0/600/600;https://picsum.photos/seed/product-602-img-1/600/600;https://picsum.photos/seed/product-602-img-2/600/600;https://picsum.photos/seed/product-602-img-3/600/600,"Описание товара Смартфон Мощный Pixel-602. Это отличный выбор, если вы ищете смартфон. В комплекте 4 фото.",смартфон;мощный,smartfon-moshchnyy-pixel-602
603,Наушники Флагманский Pixel-603,34369,https://picsum.photos/seed/product-603-img-0/600/600;https://picsum.photos/seed/product-603-img-1/600/600,"Описание товара Наушники Флагманский Pixel-603. Это отличный выбор, если вы ищете наушники. В комплекте 2 фото.",наушники;флагман,naushniki-flagmanskiy-pixel-603
604,Часы Флагманский Pixel-604,40900,https://picsum.photos/seed/product-604-img-0/600/600;https://picsum.photos/seed/product-604-img-1/600/600;https://picsum.photos/seed/product-604-img-2/600/600;https://picsum.photos/seed/product-604-img-3/600/600,"Описание товара Часы Флагманский Pixel-604. Это отличный выбор, если вы ищете часы. В комплекте 4 фото.",часы;флагман,chasy-flagmanskiy-pixel-604
605,Чехол Стильный Pixel-605,4654,https://picsum.photos/seed/product-605-img-0/600/600;https://picsum.photos/seed/product-605-img-1/600/600;https://picsum.photos/seed/product-605-img-2/600/600,"Описание товара Чехол Стильный Pixel-605. Это отличный выбор, если вы ищете чехол. В комплекте 3 фото.",чехол;стильный,chekhol-stilnyy-pixel-605
606,Наушники Красный Pixel-606,1887,https://picsum.photos/seed/product-606-img-0/600/600;https://picsum.photos/seed/product-606-img-1/600/600;https://picsum.photos/seed/product-606-img-2/600/600;https://picsum.photos/seed/product-606-img-3/600/600;https://picsum.photos/seed/product-606-img-4/600/600,"Описание товара Наушники Красный Pixel-606. Это отличный выбор, если вы ищете наушники. В комплекте 5 фото.",наушники;красный,naushniki-krasnyy-pixel-606
607,Чехол Флагманский Pixel-607,11605,https://picsum.photos/seed/product-607-img-0/600/600;https://picsum.photos/seed/product-607-img-1/600/600;https://picsum.photos/seed/product-607-img-2/600/600;https://picsum.photos/seed/product-607-img-3/600/600;https://picsum.photos/seed/product-607-img-4/600/600,"Описание товара Чехол Флагманский Pixel-607. Это отличный выбор, если вы ищете чехол. В комплекте 5 фото.",чехол;флагман,chekhol-flagmanskiy-pixel-607
608,Чехол Бюджетный Pixel-608,13457,https://picsum.photos/seed/product-608-img-0/600/600;https://picsum.photos/seed/product-608-img-1/600/600;https://picsum.photos/seed/product-608-img-2/600/600,"Описание товара Чехол Бюджетный Pixel-608. Это отличный выбор, если вы ищете чехол. В комплекте 3 фото.",чехол;бюджет,chekhol-byudzhetnyy-pixel-608
609,Часы Красный Pixel-609,32398,https://picsum.photos/seed/product-609-img-0/600/600;https://picsum.photos/seed/product-609-img-1/600/600;https://picsum.photos/seed/product-609-img-2/600/600;https://picsum.photos/seed/product-609-img-3/600/600,"Описание товара Часы Красный Pixel-609. Это отличный выбор, если вы ищете часы. В комплекте 4 фото.",часы;красный,chasy-krasnyy-pixel-609
610,Часы Красный Pixel-610,46230,https://picsum.photos/seed/product-610-img-0/600/600;https://picsum.photos/seed/product-610-img-1/600/600,"Описание товара Часы Красный Pixel-610. Это отличный выбор, если вы ищете часы. В комплекте 2 фото.",часы;красный,chasy-krasnyy-pixel-610
611,Смартфон Быстрый Pixel-611,11400,https://picsum.photos/seed/product-611-img-0/600/600;https://picsum.photos/seed/product-611-img-1/600/600;https://picsum.photos/seed/product-611-img-2/600/600;https://picsum.photos/seed/product-611-img-3/600/600,"Описание товара Смартфон Быстрый Pixel-611. Это отличный выбор, если вы ищете смартфон. В комплекте 4 фото.",смартфон;быстрый,smartfon-bystryy-pixel-611
612,Смартфон Быстрый Pixel-612,25987,https://picsum.photos/seed/product-612-img-0/600/600;https://picsum.photos/seed/product-612-img-1/600/600,"Описание товара Смартфон Быстрый Pixel-612. Это отличный выбор, если вы ищете смартфон. В комплекте 2 фото.",смартфон;быстрый,smartfon-bystryy-pixel-612
613,Часы Быстрый Pixel-613,19587,https://picsum.photos/seed/product-613-img-0/600/600;https://picsum.photos/seed/product-613-img-1/600/600;https://picsum.photos/seed/product-613-img-2/600/600,"Описание товара Часы Быстрый Pixel-613. Это отличный выбор, если вы ищете часы. В комплекте 3 фото.",часы;быстрый,chasy-bystryy-pixel-613
614,Наушники Красный Pixel-614,3511,https://picsum.photos/seed/product-614-img-0/600/600;https://picsum.photos/seed/product-614-img-1/600/600;https://picsum.photos/seed/product-614-img-2/600/600,"Описание товара Наушники Красный Pixel-614. Это отличный выбор, если вы ищете наушники. В комплекте 3 фото.",наушники;красный,naushniki-krasnyy-pixel-614
615,Чехол Красный Pixel-615,49373,https://picsum.photos/seed/product-615-img-0/600/600;https://picsum.photos/seed/product-615-img-1/600/600,"Описание товара Чехол Красный Pixel-615. Это отличный выбор, если вы ищете чехол. В комплекте 2 фото.",чехол;красный,chekhol-krasnyy-pixel-615
616,Смартфон Мощный Pixel-616,48886,https://picsum.photos/seed/product-616-img-0/600/600;https://picsum.photos/seed/product-616-img-1/600/600;https://picsum.photos/seed/product-616-img-2/600/600;https://picsum.photos/seed/product-616-img-3/600/600;https://picsum.photos/seed/product-616-img-4/600/600,"Описание товара Смартфон Мощный Pixel-616. Это отличный выбор, если вы ищете смартфон. В комплекте 5 фото.",смартфон;мощный,smartfon-moshchnyy-pixel-616
617,Чехол Мощный Pixel-617,24372,https://picsum.photos/seed/product-617-img-0/600/600;https://picsum.photos/seed/product-617-img-1/600/600;https://picsum.photos/seed/product-617-img-2/600/600,"Описание товара Чехол Мощный Pixel-617. Это отличный выбор, если вы ищете чехол. В комплекте 3 фото.",чехол;мощный,chekhol-moshchnyy-pixel-617
618,Наушники Мощный Pixel-618,28784,https://picsum.photos/seed/product-618-img-0/600/600;https://picsum.photos/seed/product-618-img-1/600/600;https://picsum.photos/seed/product-618-img-2/600/600,"Описание товара Наушники Мощный Pixel-618. Это отличный выбор, если вы ищете наушники. В комплекте 3 фото.",наушники;мощный,naushniki-moshchnyy-pixel-618
619,Смартфон Бюджетный Pixel-619,3010,https://picsum.photos/seed/product-619-img-0/600/600;https://picsum.photos/seed/product-619-img-1/600/600,"Описание товара Смартфон Бюджетный Pixel-619. Это отличный выбор, если вы ищете смартфон. В комплекте 2 фото.",смартфон;бюджет,smartfon-byudzhetnyy-pixel-619
620,Смартфон Стильный Pixel-620,15577,https://picsum.photos/seed/product-620-img-0/600/600;https://picsum.photos/seed/product-620-img-1/600/600,"Описание товара Смартфон Стильный Pixel-620. Это отличный выбор, если вы ищете смартфон. В комплекте 2 фото.",смартфон;стильный,smartfon-stilnyy-pixel-620
621,Часы Бюджетный Pixel-621,20952,https://picsum.photos/seed/product-621-img-0/600/600;https://picsum.photos/seed/product-621-img-1/600/600;https://picsum.photos/seed/product-621-img-2/600/600;https://picsum.photos/seed/product-621-img-3/600/600;https://picsum.photos/seed/product-621-img-4/600/600,"Описание товара Часы Бюджетный Pixel-621. Это отличный выбор, если вы ищете часы. В комплекте 5 фото.",часы;бюджет,chasy-byudzhetnyy-pixel-621
622,Часы Красный Pixel-622,25011,https://picsum.photos/seed/product-622-img-0/600/600;https://picsum.photos/seed/product-622-img-1/600/600;https://picsum.photos/seed/product-622-img-2/600/600;https://picsum.photos/seed/product-622-img-3/600/600;https://picsum.photos/seed/product-622-img-4/600/600,"Описание товара Часы Красный Pixel-622. Это отличный выбор, если вы ищете часы. В комплекте 5 фото.",часы;красный,chasy-krasnyy-pixel-622
623,Ноутбук Стильный Pixel-623,38506,https://picsum.photos/seed/product-623-img-0/600/600;https://picsum.photos/seed/product-623-img-1/600/600;https://picsum.photos/seed/product-623-img-2/600/600;https://picsum.photos/seed/product-623-img-3/600/600;https://picsum.photos/seed/product-623-img-4/600/600,"Описание товара Ноутбук Стильный Pixel-623. Это отличный выбор, если вы ищете ноутбук. В комплекте 5 фото.",ноутбук;стильный,noutbuk-stilnyy-pixel-623
624,Часы Флагманский Pixel-624,22649,https://picsum.photos/seed/product-624-img-0/600/600;https://picsum.photos/seed/product-624-img-1/600/600;https://picsum.photos/seed/product-624-img-2/600/600,"Описание товара Часы Флагманский Pixel-624. Это отличный выбор, если вы ищете часы. В комплекте 3 фото.",часы;флагман,chasy-flagmanskiy-pixel-624
625,Ноутбук Флагманский Pixel-625,33182,https://picsum.photos/seed/product-625-img-0/600/600;https://picsum.photos/seed/product-625-img-1/600/600;https://picsum.photos/seed/product-625-img-2/600/600;https://picsum.photos/seed/product-625-img-3/600/600,"Описание товара Ноутбук Флагманский Pixel-625. Это отличный выбор, если вы ищете ноутбук. В комплекте 4 фото.",ноутбук;флагман,noutbuk-flagmanskiy-pixel-625
626,Часы Мощный Pixel-626,9215,https://picsum.photos/seed/product-626-img-0/600/600;https://picsum.photos/seed/product-626-img-1/600/600;https://picsum.photos/seed/product-626-img-2/600/600;https://picsum.photos/seed/product-626-img-3/600/600;https://picsum.photos/seed/product-626-img-4/600/600,"Описание товара Часы Мощный Pixel-626. Это отличный выбор, если вы ищете часы. В комплекте 5 фото.",часы;мощный,chasy-moshchnyy-pixel-626
627,Ноутбук Флагманский Pixel-627,26764,https://picsum.photos/seed/product-627-img-0/600/600;https://picsum.photos/seed/product-627-img-1/600/600;https://picsum.photos/seed/product-627-img-2/600/600;https://picsum.photos/seed/product-627-img-3/600/600,"Описание товара Ноутбук Флагманский Pixel-627. Это отличный выбор, если вы ищете ноутбук. В комплекте 4 фото.",ноутбук;флагман,noutbuk-flagmanskiy-pixel-627
628,Смартфон Мощный Pixel-628,7851,https://picsum.photos/seed/product-628-img-0/600/600;https://picsum.photos/seed/product-628-img-1/600/600;https://picsum.photos/seed/product-628-img-2/600/600;https://picsum.photos/seed/product-628-img-3/600/600;https://picsum.photos/seed/product-628-img-4/600/600,"Описание товара Смартфон Мощный Pixel-628. Это отличный выбор, если вы ищете смартфон. В комплекте 5 фото.",смартфон;мощный,smartfon-moshchnyy-pixel-628
629,Наушники Мощный Pixel-629,7693,https://picsum.photos/seed/product-629-img-0/600/600;https://picsum.photos/seed/product-629-img-1/600/600;https://picsum.photos/seed/product-629-img-2/600/600;https://picsum.photos/seed/product-629-img-3/600/600;https://picsum.photos/seed/product-629-img-4/600/600,"Описание товара Наушники Мощный Pixel-629. Это отличный выбор, если вы ищете наушники. В комплекте 5 фото.",наушники;мощный,naushniki-moshchnyy-pixel-629
630,Чехол Красный Pixel-630,48098,https://picsum.photos/seed/product-630-img-0/600/600;https://picsum.photos/seed/product-630-img-1/600/600;https://picsum.photos/seed/product-630-img-2/600/600;https://picsum.photos/seed/product-630-img-3/600/600,"Описание товара Чехол Красный Pixel-630. Это отличный выбор, если вы ищете чехол. В комплекте 4 фото.",чехол;красный,chekhol-krasnyy-pixel-630
631,Чехол Красный Pixel-631,10401,https://picsum.photos/seed/product-631-img-0/600/600;https://picsum.photos/seed/product-631-img-1/600/600;https://picsum.photos/seed/product-631-img-2/600/600;https://picsum.photos/seed/product-631-img-3/600/600,"Описание товара Чехол Красный Pixel-631. Это отличный выбор, если вы ищете чехол. В комплекте 4 фото.",чехол;красный,chekhol-krasnyy-pixel-631
632,Смартфон Быстрый Pixel-632,35742,https://picsum.photos/seed/product-632-img-0/600/600;https://picsum.photos/seed/product-632-img-1/600/600;https://picsum.photos/seed/product-632-img-2/600/600;https://picsum.photos/seed/product-632-img-3/600/600,"Описание товара Смартфон Быстрый Pixel-632. Это отличный выбор, если вы ищете смартфон. В комплекте 4 фото.",смартфон;быстрый,smartfon-bystryy-pixel-632
633,Чехол Флагманский Pixel-633,10324,https://picsum.photos/seed/product-633-img-0/600/600;https://picsum.photos/seed/product-633-img-1/600/600,"Описание товара Чехол Флагманский Pixel-633. Это отличный выбор, если вы ищете чехол. В комплекте 2 фото.",чехол;флагман,chekhol-flagmanskiy-pixel-633
634,Смартфон Флагманский Pixel-634,41695,https://picsum.photos/seed/product-634-img-0/600/600;https://picsum.photos/seed/product-634-img-1/600/600,"Описание товара Смартфон Флагманский Pixel-634. Это отличный выбор, если вы ищете смартфон. В комплекте 2 фото.",смартфон;флагман,smartfon-flagmanskiy-pixel-634
635,Смартфон Быстрый Pixel-635,23910,https://picsum.photos/seed/product-635-img-0/600/600;https://picsum.photos/seed/product-635-img-1/600/600,"Описание товара Смартфон Быстрый Pixel-635. Это отличный выбор, если вы ищете смартфон. В комплекте 2 фото.",смартфон;быстрый,smartfon-bystryy-pixel-635
636,Ноутбук Бюджетный Pixel-636,47199,https://picsum.photos/seed/product-636-img-0/600/600;https://picsum.photos/seed/product-636-img-1/600/600;https://picsum.photos/seed/product-636-img-2/600/600;https://picsum.photos/seed/product-636-img-3/600/600;https://picsum.photos/seed/product-636-img-4/600/600,"Описание товара Ноутбук Бюджетный Pixel-636. Это отличный выбор, если вы ищете ноутбук. В комплекте 5 фото.",ноутбук;бюджет,noutbuk-byudzhetnyy-pixel-636
637,Чехол Быстрый Pixel-637,32579,https://picsum.photos/seed/product-637-img-0/600/600;https://picsum.photos/seed/product-637-img-1/600/600;https://picsum.photos/seed/product-637-img-2/600/600;https://picsum.photos/seed/product-637-img-3/600/600,"Описание товара Чехол Быстрый Pixel-637. Это отличный выбор, если вы ищете чехол. В комплекте 4 фото.",чехол;быстрый,chekhol-bystryy-pixel-637
638,Чехол Флагманский Pixel-638,15982,https://picsum.photos/seed/product-638-img-0/600/600;https://picsum.photos/seed/product-638-img-1/600/600,"Описание товара Чехол Флагманский Pixel-638. Это отличный выбор, если вы ищете чехол. В комплекте 2 фото.",чехол;флагман,chekhol-flagmanskiy-pixel-638
639,Часы Мощный Pixel-639,12266,https://picsum.photos/seed/product-639-img-0/600/600;https://picsum.photos/seed/product-639-img-1/600/600;https://picsum.photos/seed/product-639-img-2/600/600;https://picsum.photos/seed/product-639-img-3/600/600,"Описание товара Часы Мощный Pixel-639. Это отличный выбор, если вы ищете часы. В комплекте 4 фото.",часы;мощный,chasy-moshchnyy-pixel-639
640,Часы Быстрый Pixel-640,19953,https://picsum.photos/seed/product-640-img-0/600/600;https://picsum.photos/seed/product-640-img-1/600/600;https://picsum.photos/seed/product-640-img-2/600/600;https://picsum.photos/seed/product-640-img-3/600/600;https://picsum.photos/seed/product-640-img-4/600/600,"Описание товара Часы Быстрый Pixel-640. Это отличный выбор, если вы ищете часы. В комплекте 5 фото.",часы;быстрый,chasy-bystryy-pixel-640
641,Часы Стильный Pixel-641,47879,https://picsum.photos/seed/product-641-img-0/600/600;https://picsum.photos/seed/product-641-img-1/600/600,"Описание товара Часы Стильный Pixel-641. Это отличный выбор, если вы ищете часы. В комплекте 2 фото.",часы;стильный,chasy-stilnyy-pixel-641
642,Наушники Мощный Pixel-642,47611,https://picsum.photos/seed/product-642-img-0/600/600;https://picsum.photos/seed/product-642-img-1/600/600,"Описание товара Наушники Мощный Pixel-642. Это отличный выбор, если вы ищете наушники. В комплекте 2 фото.",наушники;мощный,naushniki-moshchnyy-pixel-642
643,Смартфон Бюджетный Pixel-643,19730,https://picsum.photos/seed/product-643-img-0/600/600;https://picsum.photos/seed/product-643-img-1/600/600;https://picsum.photos/seed/product-643-img-2/600/600;https://picsum.photos/seed/product-643-img-3/600/600;https://picsum.photos/seed/product-643-img-4/600/600,"Описание товара Смартфон Бюджетный Pixel-643. Это отличный выбор, если вы ищете смартфон. В комплекте 5 фото.",смартфон;бюджет,smartfon-byudzhetnyy-pixel-643
644,Смартфон Быстрый Pixel-644,48764,https://picsum.photos/seed/product-644-img-0/600/600;https://picsum.photos/seed/product-644-img-1/600/600;https://picsum.photos/seed/product-644-img-2/600/600;https://picsum.photos/seed/product-644-img-3/600/600,"Описание товара Смартфон Быстрый Pixel-644. Это отличный выбор, если вы ищете смартфон. В комплекте 4 фото.",смартфон;быстрый,smartfon-bystryy-pixel-644
645,Часы Флагманский Pixel-645,26759,https://picsum.photos/seed/product-645-img-0/600/600;https://picsum.photos/seed/product-645-img-1/600/600;https://picsum.photos/seed/product-645-img-2/600/600,"Описание товара Часы Флагманский Pixel-645. Это отличный выбор, если вы ищете часы. В комплекте 3 фото.",часы;флагман,chasy-flagmanskiy-pixel-645
646,Ноутбук Мощный Pixel-646,29805,https://picsum.photos/seed/product-646-img-0/600/600;https://picsum.photos/seed/product-646-img-1/600/600;https://picsum.photos/seed/product-646-img-2/600/600;https://picsum.photos/seed/product-646-img-3/600/600,"Описание товара Ноутбук Мощный Pixel-646. Это отличный выбор, если вы ищете ноутбук. В комплекте 4 фото.",ноутбук;мощный,noutbuk-moshchnyy-pixel-646
647,Наушники Мощный Pixel-647,17336,https://picsum.photos/seed/product-647-img-0/600/600;https://picsum.photos/seed/product-647-img-1/600/600;https://picsum.photos/seed/product-647-img-2/600/600;https://picsum.photos/seed/product-647-img-3/600/600;https://picsum.photos/seed/product-647-img-4/600/600,"Описание товара Наушники Мощный Pixel-647. Это отличный выбор, если вы ищете наушники. В комплекте 5 фото.",наушники;мощный,naushniki-moshchnyy-pixel-647
648,Ноутбук Красный Pixel-648,5248,https://picsum.photos/seed/product-648-img-0/600/600;https://picsum.photos/seed/product-648-img-1/600/600,"Описание товара Ноутбук Красный Pixel-648. Это отличный выбор, если вы ищете ноутбук. В комплекте 2 фото.",ноутбук;красный,noutbuk-krasnyy-pixel-648
649,Чехол Красный Pixel-649,26830,https://picsum.photos/seed/product-649-img-0/600/600;https://picsum.photos/seed/product-649-img-1/600/600;https://picsum.photos/seed/product-649-img-2/600/600;https://picsum.photos/seed/product-649-img-3/600/600,"Описание товара Чехол Красный Pixel-649. Это отличный выбор, если вы ищете чехол. В комплекте 4 фото.",чехол;красный,chekhol-krasnyy-pixel-649
650,Чехол Флагманский Pixel-650,26448,https://picsum.photos/seed/product-650-img-0/600/600;https://picsum.photos/seed/product-650-img-1/600/600;https://picsum.photos/seed/product-650-img-2/600/600,"Описание товара Чехол Флагманский Pixel-650. Это отличный выбор, если вы ищете чехол. В комплекте 3 фото.",чехол;флагман,chekhol-flagmanskiy-pixel-650
651,Смартфон Быстрый Pixel-651,6276,https://picsum.photos/seed/product-651-img-0/600/600;https://picsum.photos/seed/product-651-img-1/600/600;https://picsum.photos/seed/product-651-img-2/600/600;https://picsum.photos/seed/product-651-img-3/600/600;https://picsum.photos/seed/product-651-img-4/600/600,"Описание товара Смартфон Быстрый Pixel-651. Это отличный выбор, если вы ищете смартфон. В комплекте 5 фото.",смартфон;быстрый,smartfon-bystryy-pixel-651
652,Смартфон Бюджетный Pixel-652,30266,https://picsum.photos/seed/product-652-img-0/600/600;https://picsum.photos/seed/product-652-img-1/600/600;https://picsum.photos/seed/product-652-img-2/600/600;https://picsum.photos/seed/product-652-img-3/600/600,"Описание товара Смартфон Бюджетный Pixel-652. Это отличный выбор, если вы ищете смартфон. В комплекте 4 фото.",смартфон;бюджет,smartfon-byudzhetnyy-pixel-652
653,Чехол Стильный Pixel-653,46684,https://picsum.photos/seed/product-653-img-0/600/600;https://picsum.photos/seed/product-653-img-1/600/600;https://picsum.photos/seed/product-653-img-2/600/600;https://picsum.photos/seed/product-653-img-3/600/600;https://picsum.photos/seed/product-653-img-4/600/600,"Описание товара Чехол Стильный Pixel-653. Это отличный выбор, если вы ищете чехол. В комплекте 5 фото.",чехол;стильный,chekhol-stilnyy-pixel-653
654,Ноутбук Мощный Pixel-654,23941,https://picsum.photos/seed/product-654-img-0/600/600;https://picsum.photos/seed/product-654-img-1/600/600,"Описание товара Ноутбук Мощный Pixel-654. Это отличный выбор, если вы ищете ноутбук. В комплекте 2 фото.",ноутбук;мощный,noutbuk-moshchnyy-pixel-654
655,Наушники Быстрый Pixel-655,43342,https://picsum.photos/seed/product-655-img-0/600/600;https://picsum.photos/seed/product-655-img-1/600/600;https://picsum.photos/seed/product-655-img-2/600/600,"Описание товара Наушники Быстрый Pixel-655. Это отличный выбор, если вы ищете наушники. В комплекте 3 фото.",наушники;быстрый,naushniki-bystryy-pixel-655
656,Ноутбук Стильный Pixel-656,41062,https://picsum.photos/seed/product-656-img-0/600/600;https://picsum.photos/seed/product-656-img-1/600/600;https://picsum.photos/seed/product-656-img-2/600/600,"Описание товара Ноутбук Стильный Pixel-656. Это отличный выбор, если вы ищете ноутбук. В комплекте 3 фото.",ноутбук;стильный,noutbuk-stilnyy-pixel-656
657,Чехол Бюджетный Pixel-657,30034,https://picsum.photos/seed/product-657-img-0/600/600;https://picsum.photos/seed/product-657-img-1/600/600;https://picsum.photos/seed/product-657-img-2/600/600;https://picsum.photos/seed/product-657-img-3/600/600,"Описание товара Чехол Бюджетный Pixel-657. Это отличный выбор, если вы ищете чехол. В комплекте 4 фото.",чехол;бюджет,chekhol-byudzhetnyy-pixel-657
658,Часы Стильный Pixel-658,44097,https://picsum.photos/seed/product-658-img-0/600/600;https://picsum.photos/seed/product-658-img-1/600/600;https://picsum.photos/seed/product-658-img-2/600/600,"Описание товара Часы Стильный Pixel-658. Это отличный выбор, если вы ищете часы. В комплекте 3 фото.",часы;стильный,chasy-stilnyy-pixel-658
659,Часы Мощный Pixel-659,18654,https://picsum.photos/seed/product-659-img-0/600/600;https://picsum.photos/seed/product-659-img-1/600/600,"Описание товара Часы Мощный Pixel-659. Это отличный выбор, если вы ищете часы. В комплекте 2 фото.",часы;мощный,chasy-moshchnyy-pixel-659
660,Чехол Флагманский Pixel-660,39672,https://picsum.photos/seed/product-660-img-0/600/600;https://picsum.photos/seed/product-660-img-1/600/600;https://picsum.photos/seed/product-660-img-2/600/600,"Описание товара Чехол Флагманский Pixel-660. Это отличный выбор, если вы ищете чехол. В комплекте 3 фото.",чехол;флагман,chekhol-flagmanskiy-pixel-660
661,Чехол Быстрый Pixel-661,29436,https://picsum.photos/seed/product-661-img-0/600/600;https://picsum.photos/seed/product-661-img-1/600/600;https://picsum.photos/seed/product-661-img-2/600/600;https://picsum.photos/seed/product-661-img-3/600/600,"Описание товара Чехол Быстрый Pixel-661. Это отличный выбор, если вы ищете чехол. В комплекте 4 фото.",чехол;быстрый,chekhol-bystryy-pixel-661
662,Чехол Флагманский Pixel-662,28153,https://picsum.photos/seed/product-662-img-0/600/600;https://picsum.photos/seed/product-662-img-1/600/600;https://picsum.photos/seed/product-662-img-2/600/600,"Описание товара Чехол Флагманский Pixel-662. Это отличный выбор, если вы ищете чехол. В комплекте 3 фото.",чехол;флагман,chekhol-flagmanskiy-pixel-662
663,Чехол Быстрый Pixel-663,38749,https://picsum.photos/seed/product-663-img-0/600/600;https://picsum.photos/seed/product-663-img-1/600/600,"Описание товара Чехол Быстрый Pixel-663. Это отличный выбор, если вы ищете чехол. В комплекте 2 фото.",чехол;быстрый,chekhol-bystryy-pixel-663
664,Ноутбук Бюджетный Pixel-664,20014,https://picsum.photos/seed/product-664-img-0/600/600;https://picsum.photos/seed/product-664-img-1/600/600;https://picsum.photos/seed/product-664-img-2/600/600;https://picsum.photos/seed/product-664-img-3/600/600,"Описание товара Ноутбук Бюджетный Pixel-664. Это отличный выбор, если вы ищете ноутбук. В комплекте 4 фото.",ноутбук;бюджет,noutbuk-byudzhetnyy-pixel-664
665,Наушники Флагманский Pixel-665,35290,https://picsum.photos/seed/product-665-img-0/600/600;https://picsum.photos/seed/product-665-img-1/600/600,"Описание товара Наушники Флагманский Pixel-665. Это отличный выбор, если вы ищете наушники. В комплекте 2 фото.",наушники;флагман,naushniki-flagmanskiy-pixel-665
666,Чехол Стильный Pixel-666,12097,https://picsum.photos/seed/product-666-img-0/600/600;https://picsum.photos/seed/product-666-img-1/600/600;https://picsum.photos/seed/product-666-img-2/600/600;https://picsum.photos/seed/product-666-img-3/600/600,"Описание товара Чехол Стильный Pixel-666. Это отличный выбор, если вы ищете чехол. В комплекте 4 фото.",чехол;стильный,chekhol-stilnyy-pixel-666
667,Часы Быстрый Pixel-667,40459,https://picsum.photos/seed/product-667-img-0/600/600;https://picsum.photos/seed/product-667-img-1/600/600;https://picsum.photos/seed/product-667-img-2/600/600,"Описание товара Часы Быстрый Pixel-667. Это отличный выбор, если вы ищете часы. В комплекте 3 фото.",часы;быстрый,chasy-bystryy-pixel-667
668,Чехол Бюджетный Pixel-668,20351,https://picsum.photos/seed/product-668-img-0/600/600;https://picsum.photos/seed/product-668-img-1/600/600;https://picsum.photos/seed/product-668-img-2/600/600,"Описание товара Чехол Бюджетный Pixel-668. Это отличный выбор, если вы ищете чехол. В комплекте 3 фото.",чехол;бюджет,chekhol-byudzhetnyy-pixel-668
669,Чехол Стильный Pixel-669,10370,https://picsum.photos/seed/product-669-img-0/600/600;https://picsum.photos/seed/product-669-img-1/600/600,"Описание товара Чехол Стильный Pixel-669. Это отличный выбор, если вы ищете чехол. В комплекте 2 фото.",чехол;стильный,chekhol-stilnyy-pixel-669
670,Смартфон Красный Pixel-670,35676,https://picsum.photos/seed/product-670-img-0/600/600;https://picsum.photos/seed/product-670-img-1/600/600;https://picsum.photos/seed/product-670-img-2/600/600;https://picsum.photos/seed/product-670-img-3/600/600;https://picsum.photos/seed/product-670-img-4/600/600,"Описание товара Смартфон Красный Pixel-670. Это отличный выбор, если вы ищете смартфон. В комплекте 5 фото.",смартфон;красный,smartfon-krasnyy-pixel-670
671,Наушники Стильный Pixel-671,28796,https://picsum.photos/seed/product-671-img-0/600/600;https://picsum.photos/seed/product-671-img-1/600/600;https://picsum.photos/seed/product-671-img-2/600/600,"Описание товара Наушники Стильный Pixel-671. Это отличный выбор, если вы ищете наушники. В комплекте 3 фото.",наушники;стильный,naushniki-stilnyy-pixel-671
672,Ноутбук Флагманский Pixel-672,32126,https://picsum.photos/seed/product-672-img-0/600/600;https://picsum.photos/seed/product-672-img-1/600/600;https://picsum.photos/seed/product-672-img-2/600/600;https://picsum.photos/seed/product-672-img-3/600/600;https://picsum.photos/seed/product-672-img-4/600/600,"Описание товара Ноутбук Флагманский Pixel-672. Это отличный выбор, если вы ищете ноутбук. В комплекте 5 фото.",ноутбук;флагман,noutbuk-flagmanskiy-pixel-672
673,Наушники Мощный Pixel-673,25207,https://picsum.photos/seed/product-673-img-0/600/600;https://picsum.photos/seed/product-673-img-1/600/600;https://picsum.photos/seed/product-673-img-2/600/600;https://picsum.photos/seed/product-673-img-3/600/600,"Описание товара Наушники Мощный Pixel-673. Это отличный выбор, если вы ищете наушники. В комплекте 4 фото.",наушники;мощный,naushniki-moshchnyy-pixel-673
674,Чехол Бюджетный Pixel-674,49650,https://picsum.photos/seed/product-674-img-0/600/600;https://picsum.photos/seed/product-674-img-1/600/600,"Описание товара Чехол Бюджетный Pixel-674. Это отличный выбор, если вы ищете чехол. В комплекте 2 фото.",чехол;бюджет,chekhol-byudzhetnyy-pixel-674
675,Часы Флагманский Pixel-675,24416,https://picsum.photos/seed/product-675-img-0/600/600;https://picsum.photos/seed/product-675-img-1/600/600;https://picsum.photos/seed/product-675-img-2/600/600;https://picsum.photos/seed/product-675-img-3/600/600,"Описание товара Часы Флагманский Pixel-675. Это отличный выбор, если вы ищете часы. В комплекте 4 фото.",часы;флагман,chasy-flagmanskiy-pixel-675
676,Ноутбук Быстрый Pixel-676,44618,https://picsum.photos/seed/product-676-img-0/600/600;https://picsum.photos/seed/product-676-img-1/600/600;https://picsum.photos/seed/product-676-img-2/600/600,"Описание товара Ноутбук Быстрый Pixel-676. Это отличный выбор, если вы ищете ноутбук. В комплекте 3 фото.",ноутбук;быстрый,noutbuk-bystryy-pixel-676
677,Чехол Флагманский Pixel-677,19364,https://picsum.photos/seed/product-677-img-0/600/600;https://picsum.photos/seed/product-677-img-1/600/600;https://picsum.photos/seed/product-677-img-2/600/600;https://picsum.photos/seed/product-677-img-3/600/600;https://picsum.photos/seed/product-677-img-4/600/600,"Описание товара Чехол Флагманский Pixel-677. Это отличный выбор, если вы ищете чехол. В комплекте 5 фото.",чехол;флагман,chekhol-flagmanskiy-pixel-677
678,Часы Бюджетный Pixel-678,7371,https://picsum.photos/seed/product-678-img-0/600/600;https://picsum.photos/seed/product-678-img-1/600/600;https://picsum.photos/seed/product-678-img-2/600/600;https://picsum.photos/seed/product-678-img-3/600/600;https://picsum.photos/seed/product-678-img-4/600/600,"Описание товара Часы Бюджетный Pixel-678. Это отличный выбор, если вы ищете часы. В комплекте 5 фото.",часы;бюджет,chasy-byudzhetnyy-pixel-678
679,Часы Стильный Pixel-679,29052,https://picsum.photos/seed/product-679-img-0/600/600;https://picsum.photos/seed/product-679-img-1/600/600;https://picsum.photos/seed/product-679-img-2/600/600,"Описание товара Часы Стильный Pixel-679. Это отличный выбор, если вы ищете часы. В комплекте 3 фото.",часы;стильный,chasy-stilnyy-pixel-679
680,Чехол Мощный Pixel-680,17993,https://picsum.photos/seed/product-680-img-0/600/600;https://picsum.photos/seed/product-680-img-1/600/600;https://picsum.photos/seed/product-680-img-2/600/600;https://picsum.photos/seed/product-680-img-3/600/600;https://picsum.photos/seed/product-680-img-4/600/600,"Описание товара Чехол Мощный Pixel-680. Это отличный выбор, если вы ищете чехол. В комплекте 5 фото.",чехол;мощный,chekhol-moshchnyy-pixel-680
681,Смартфон Флагманский Pixel-681,9232,https://picsum.photos/seed/product-681-img-0/600/600;https://picsum.photos/seed/product-681-img-1/600/600;https://picsum.photos/seed/product-681-img-2/600/600;https://picsum.photos/seed/product-681-img-3/600/600,"Описание товара Смартфон Флагманский Pixel-681. Это отличный выбор, если вы ищете смартфон. В комплекте 4 фото.",смартфон;флагман,smartfon-flagmanskiy-pixel-681
682,Смартфон Бюджетный Pixel-682,22137,https://picsum.photos/seed/product-682-img-0/600/600;https://picsum.photos/seed/product-682-img-1/600/600,"Описание товара Смартфон Бюджетный Pixel-682. Это отличный выбор, если вы ищете смартфон. В комплекте 2 фото.",смартфон;бюджет,smartfon-byudzhetnyy-pixel-682
683,Ноутбук Красный Pixel-683,9916,https://picsum.photos/seed/product-683-img-0/600/600;https://picsum.photos/seed/product-683-img-1/600/600;https://picsum.photos/seed/product-683-img-2/600/600,"Описание товара Ноутбук Красный Pixel-683. Это отличный выбор, если вы ищете ноутбук. В комплекте 3 фото.",ноутбук;красный,noutbuk-krasnyy-pixel-683
684,Часы Мощный Pixel-684,4691,https://picsum.photos/seed/product-684-img-0/600/600;https://picsum.photos/seed/product-684-img-1/600/600;https://picsum.photos/seed/product-684-img-2/600/600,"Описание товара Часы Мощный Pixel-684. Это отличный выбор, если вы ищете часы. В комплекте 3 фото.",часы;мощный,chasy-moshchnyy-pixel-684
685,Чехол Стильный Pixel-685,33726,https://picsum.photos/seed/product-685-img-0/600/600;https://picsum.photos/seed/product-685-img-1/600/600,"Описание товара Чехол Стильный Pixel-685. Это отличный выбор, если вы ищете чехол. В комплекте 2 фото.",чехол;стильный,chekhol-stilnyy-pixel-685
686,Чехол Стильный Pixel-686,24935,https://picsum.photos/seed/product-686-img-0/600/600;https://picsum.photos/seed/product-686-img-1/600/600,"Описание товара Чехол Стильный Pixel-686. Это отличный выбор, если вы ищете чехол. В комплекте 2 фото.",чехол;стильный,chekhol-stilnyy-pixel-686
687,Ноутбук Стильный Pixel-687,23192,https://picsum.photos/seed/product-687-img-0/600/600;https://picsum.photos/seed/product-687-img-1/600/600;https://picsum.photos/seed/product-687-img-2/600/600;https://picsum.photos/seed/product-687-img-3/600/600;https://picsum.photos/seed/product-687-img-4/600/600,"Описание товара Ноутбук Стильный Pixel-687. Это отличный выбор, если вы ищете ноутбук. В комплекте 5 фото.",ноутбук;стильный,noutbuk-stilnyy-pixel-687
688,Смартфон Флагманский Pixel-688,15460,https://picsum.photos/seed/product-688-img-0/600/600;https://picsum.photos/seed/product-688-img-1/600/600;https://picsum.photos/seed/product-688-img-2/600/600,"Описание товара Смартфон Флагманский Pixel-688. Это отличный выбор, если вы ищете смартфон. В комплекте 3 фото.",смартфон;флагман,smartfon-flagmanskiy-pixel-688
689,Часы Флагманский Pixel-689,17950,https://picsum.photos/seed/product-689-img-0/600/600;https://picsum.photos/seed/product-689-img-1/600/600;https://picsum.photos/seed/product-689-img-2/600/600;https://picsum.photos/seed/product-689-img-3/600/600;https://picsum.photos/seed/product-689-img-4/600/600,"Описание товара Часы Флагманский Pixel-689. Это отличный выбор, если вы ищете часы. В комплекте 5 фото.",часы;флагман,chasy-flagmanskiy-pixel-689
690,Часы Мощный Pixel-690,1216,https://picsum.photos/seed/product-690-img-0/600/600;https://picsum.photos/seed/product-690-img-1/600/600;https://picsum.photos/seed/product-690-img-2/600/600;https://picsum.photos/seed/product-690-img-3/600/600,"Описание товара Часы Мощный Pixel-690. Это отличный выбор, если вы ищете часы. В комплекте 4 фото.",часы;мощный,chasy-moshchnyy-pixel-690
691,Ноутбук Мощный Pixel-691,8564,https://picsum.photos/seed/product-691-img-0/600/600;https://picsum.photos/seed/product-691-img-1/600/600;https://picsum.photos/seed/product-691-img-2/600/600;https://picsum.photos/seed/product-691-img-3/600/600,"Описание товара Ноутбук Мощный Pixel-691. Это отличный выбор, если вы ищете ноутбук. В комплекте 4 фото.",ноутбук;мощный,noutbuk-moshchnyy-pixel-691
692,Ноутбук Флагманский Pixel-692,18542,https://picsum.photos/seed/product-692-img-0/600/600;https://picsum.photos/seed/product-692-img-1/600/600;https://picsum.photos/seed/product-692-img-2/600/600,"Описание товара Ноутбук Флагманский Pixel-692. Это отличный выбор, если вы ищете ноутбук. В комплекте 3 фото.",ноутбук;флагман,noutbuk-flagmanskiy-pixel-692
693,Часы Красный Pixel-693,25669,https://picsum.photos/seed/product-693-img-0/600/600;https://picsum.photos/seed/product-693-img-1/600/600;https://picsum.photos/seed/product-693-img-2/600/600;https://picsum.photos/seed/product-693-img-3/600/600;https://picsum.photos/seed/product-693-img-4/600/600,"Описание товара Часы Красный Pixel-693. Это отличный выбор, если вы ищете часы. В комплекте 5 фото.",часы;красный,chasy-krasnyy-pixel-693
694,Ноутбук Красный Pixel-694,38459,https://picsum.photos/seed/product-694-img-0/600/600;https://picsum.photos/seed/product-694-img-1/600/600,"Описание товара Ноутбук Красный Pixel-694. Это отличный выбор, если вы ищете ноутбук. В комплекте 2 фото.",ноутбук;красный,noutbuk-krasnyy-pixel-694
695,Ноутбук Бюджетный Pixel-695,6536,https://picsum.photos/seed/product-695-img-0/600/600;https://picsum.photos/seed/product-695-img-1/600/600,"Описание товара Ноутбук Бюджетный Pixel-695. Это отличный выбор, если вы ищете ноутбук. В комплекте 2 фото.",ноутбук;бюджет,noutbuk-byudzhetnyy-pixel-695
696,Ноутбук Бюджетный Pixel-696,30616,https://picsum.photos/seed/product-696-img-0/600/600;https://picsum.photos/seed/product-696-img-1/600/600,"Описание товара Ноутбук Бюджетный Pixel-696. Это отличный выбор, если вы ищете ноутбук. В комплекте 2 фото.",ноутбук;бюджет,noutbuk-byudzhetnyy-pixel-696
697,Чехол Красный Pixel-697,9386,https://picsum.photos/seed/product-697-img-0/600/600;https://picsum.photos/seed/product-697-img-1/600/600,"Описание товара Чехол Красный Pixel-697. Это отличный выбор, если вы ищете чехол. В комплекте 2 фото.",чехол;красный,chekhol-krasnyy-pixel-697
698,Смартфон Красный Pixel-698,27820,https://picsum.photos/seed/product-698-img-0/600/600;https://picsum.photos/seed/product-698-img-1/600/600,"Описание товара Смартфон Красный Pixel-698. Это отличный выбор, если вы ищете смартфон. В комплекте 2 фото.",смартфон;красный,smartfon-krasnyy-pixel-698
699,Ноутбук Флагманский Pixel-699,21164,https://picsum.photos/seed/product-699-img-0/600/600;https://picsum.photos/seed/product-699-img-1/600/600;https://picsum.photos/seed/product-699-img-2/600/600;https://picsum.photos/seed/product-699-img-3/600/600,"Описание товара Ноутбук Флагманский Pixel-699. Это отличный выбор, если вы ищете ноутбук. В комплекте 4 фото.",ноутбук;флагман,noutbuk-flagmanskiy-pixel-699
700,Чехол Красный Pixel-700,28216,https://picsum.photos/seed/product-700-img-0/600/600;https://picsum.photos/seed/product-700-img-1/600/600;https://picsum.photos/seed/product-700-img-2/600/600,"Описание товара Чехол Красный Pixel-700. Это отличный выбор, если вы ищете чехол. В комплекте 3 фото.",чехол;красный,chekhol-krasnyy-pixel-700
701,Чехол Стильный Pixel-701,49907,https://picsum.photos/seed/product-701-img-0/600/600;https://picsum.photos/seed/product-701-img-1/600/600;https://picsum.photos/seed/product-701-img-2/600/600;https://picsum.photos/seed/product-701-img-3/600/600,"Описание товара Чехол Стильный Pixel-701. Это отличный выбор, если вы ищете чехол. В комплекте 4 фото.",чехол;стильный,chekhol-stilnyy-pixel-701
702,Наушники Стильный Pixel-702,32910,https://picsum.photos/seed/product-702-img-0/600/600;https://picsum.photos/seed/product-702-img-1/600/600,"Описание товара Наушники Стильный Pixel-702. Это отличный выбор, если вы ищете наушники. В комплекте 2 фото.",наушники;стильный,naushniki-stilnyy-pixel-702
703,Наушники Быстрый Pixel-703,33992,https://picsum.photos/seed/product-703-img-0/600/600;https://picsum.photos/seed/product-703-img-1/600/600;https://picsum.photos/seed/product-703-img-2/600/600,"Описание товара Наушники Быстрый Pixel-703. Это отличный выбор, если вы ищете наушники. В комплекте 3 фото.",наушники;быстрый,naushniki-bystryy-pixel-703
704,Часы Стильный Pixel-704,23543,https://picsum.photos/seed/product-704-img-0/600/600;https://picsum.photos/seed/product-704-img-1/600/600;https://picsum.photos/seed/product-704-img-2/600/600,"Описание товара Часы Стильный Pixel-704. Это отличный выбор, если вы ищете часы. В комплекте 3 фото.",часы;стильный,chasy-stilnyy-pixel-704
705,Наушники Мощный Pixel-705,2143,https://picsum.photos/seed/product-705-img-0/600/600;https://picsum.photos/seed/product-705-img-1/600/600;https://picsum.photos/seed/product-705-img-2/600/600;https://picsum.photos/seed/product-705-img-3/600/600;https://picsum.photos/seed/product-705-img-4/600/600,"Описание товара Наушники Мощный Pixel-705. Это отличный выбор, если вы ищете наушники. В комплекте 5 фото.",наушники;мощный,naushniki-moshchnyy-pixel-705
706,Ноутбук Быстрый Pixel-706,14374,https://picsum.photos/seed/product-706-img-0/600/600;https://picsum.photos/seed/product-706-img-1/600/600,"Описание товара Ноутбук Быстрый Pixel-706. Это отличный выбор, если вы ищете ноутбук. В комплекте 2 фото.",ноутбук;быстрый,noutbuk-bystryy-pixel-706
707,Смартфон Красный Pixel-707,28055,https://picsum.photos/seed/product-707-img-0/600/600;https://picsum.photos/seed/product-707-img-1/600/600;https://picsum.photos/seed/product-707-img-2/600/600;https://picsum.photos/seed/product-707-img-3/600/600;https://picsum.photos/seed/product-707-img-4/600/600,"Описание товара Смартфон Красный Pixel-707. Это отличный выбор, если вы ищете смартфон. В комплекте 5 фото.",смартфон;красный,smartfon-krasnyy-pixel-707
708,Ноутбук Бюджетный Pixel-708,4040,https://picsum.photos/seed/product-708-img-0/600/600;https://picsum.photos/seed/product-708-img-1/600/600;https://picsum.photos/seed/product-708-img-2/600/600;https://picsum.photos/seed/product-708-img-3/600/600,"Описание товара Ноутбук Бюджетный Pixel-708. Это отличный выбор, если вы ищете ноутбук. В комплекте 4 фото.",ноутбук;бюджет,noutbuk-byudzhetnyy-pixel-708
709,Чехол Быстрый Pixel-709,14136,https://picsum.photos/seed/product-709-img-0/600/600;https://picsum.photos/seed/product-709-img-1/600/600;https://picsum.photos/seed/product-709-img-2/600/600;https://picsum.photos/seed/product-709-img-3/600/600;https://picsum.photos/seed/product-709-img-4/600/600,"Описание товара Чехол Быстрый Pixel-709. Это отличный выбор, если вы ищете чехол. В комплекте 5 фото.",чехол;быстрый,chekhol-bystryy-pixel-709
710,Наушники Стильный Pixel-710,36805,https://picsum.photos/seed/product-710-img-0/600/600;https://picsum.photos/seed/product-710-img-1/600/600;https://picsum.photos/seed/product-710-img-2/600/600,"Описание товара Наушники Стильный Pixel-710. Это отличный выбор, если вы ищете наушники. В комплекте 3 фото.",наушники;стильный,naushniki-stilnyy-pixel-710
711,Чехол Флагманский Pixel-711,6819,https://picsum.photos/seed/product-711-img-0/600/600;https://picsum.photos/seed/product-711-img-1/600/600;https://picsum.photos/seed/product-711-img-2/600/600,"Описание товара Чехол Флагманский Pixel-711. Это отличный выбор, если вы ищете чехол. В комплекте 3 фото.",чехол;флагман,chekhol-flagmanskiy-pixel-711
712,Ноутбук Бюджетный Pixel-712,31231,https://picsum.photos/seed/product-712-img-0/600/600;https://picsum.photos/seed/product-712-img-1/600/600;https://picsum.photos/seed/product-712-img-2/600/600,"Описание товара Ноутбук Бюджетный Pixel-712. Это отличный выбор, если вы ищете ноутбук. В комплекте 3 фото.",ноутбук;бюджет,noutbuk-byudzhetnyy-pixel-712
713,Часы Мощный Pixel-713,7524,https://picsum.photos/seed/product-713-img-0/600/600;https://picsum.photos/seed/product-713-img-1/600/600;https://picsum.photos/seed/product-713-img-2/600/600;https://picsum.photos/seed/product-713-img-3/600/600;https://picsum.photos/seed/product-713-img-4/600/600,"Описание товара Часы Мощный Pixel-713. Это отличный выбор, если вы ищете часы. В комплекте 5 фото.",часы;мощный,chasy-moshchnyy-pixel-713
714,Часы Бюджетный Pixel-714,35369,https://picsum.photos/seed/product-714-img-0/600/600;https://picsum.photos/seed/product-714-img-1/600/600,"Описание товара Часы Бюджетный Pixel-714. Это отличный выбор, если вы ищете часы. В комплекте 2 фото.",часы;бюджет,chasy-byudzhetnyy-pixel-714
715,Чехол Быстрый Pixel-715,43065,https://picsum.photos/seed/product-715-img-0/600/600;https://picsum.photos/seed/product-715-img-1/600/600;https://picsum.photos/seed/product-715-img-2/600/600,"Описание товара Чехол Быстрый Pixel-715. Это отличный выбор, если вы ищете чехол. В комплекте 3 фото.",чехол;быстрый,chekhol-bystryy-pixel-715
716,Ноутбук Красный Pixel-716,36303,https://picsum.photos/seed/product-716-img-0/600/600;https://picsum.photos/seed/product-716-img-1/600/600;https://picsum.photos/seed/product-716-img-2/600/600,"Описание товара Ноутбук Красный Pixel-716. Это отличный выбор, если вы ищете ноутбук. В комплекте 3 фото.",ноутбук;красный,noutbuk-krasnyy-pixel-716
717,Смартфон Мощный Pixel-717,3633,https://picsum.photos/seed/product-717-img-0/600/600;https://picsum.photos/seed/product-717-img-1/600/600;https://picsum.photos/seed/product-717-img-2/600/600;https://picsum.photos/seed/product-717-img-3/600/600;https://picsum.photos/seed/product-717-img-4/600/600,"Описание товара Смартфон Мощный Pixel-717. Это отличный выбор, если вы ищете смартфон. В комплекте 5 фото.",смартфон;мощный,smartfon-moshchnyy-pixel-717
718,Чехол Быстрый Pixel-718,9515,https://picsum.photos/seed/product-718-img-0/600/600;https://picsum.photos/seed/product-718-img-1/600/600;https://picsum.photos/seed/product-718-img-2/600/600;https://picsum.photos/seed/product-718-img-3/600/600;https://picsum.photos/seed/product-718-img-4/600/600,"Описание товара Чехол Быстрый Pixel-718. Это отличный выбор, если вы ищете чехол. В комплекте 5 фото.",чехол;быстрый,chekhol-bystryy-pixel-718
719,Ноутбук Бюджетный Pixel-719,18542,https://picsum.photos/seed/product-719-img-0/600/600;https://picsum.photos/seed/product-719-img-1/600/600;https://picsum.photos/seed/product-719-img-2/600/600;https://picsum.photos/seed/product-719-img-3/600/600;https://picsum.photos/seed/product-719-img-4/600/600,"Описание товара Ноутбук Бюджетный Pixel-719. Это отличный выбор, если вы ищете ноутбук. В комплекте 5 фото.",ноутбук;бюджет,noutbuk-byudzhetnyy-pixel-719
720,Чехол Флагманский Pixel-720,20664,https://picsum.photos/seed/product-720-img-0/600/600;https://picsum.photos/seed/product-720-img-1/600/600;https://picsum.photos/seed/product-720-img-2/600/600;https://picsum.photos/seed/product-720-img-3/600/600,"Описание товара Чехол Флагманский Pixel-720. Это отличный выбор, если вы ищете чехол. В комплекте 4 фото.",чехол;флагман,chekhol-flagmanskiy-pixel-720
721,Чехол Стильный Pixel-721,34460,https://picsum.photos/seed/product-721-img-0/600/600;https://picsum.photos/seed/product-721-img-1/600/600;https://picsum.photos/seed/product-721-img-2/600/600,"Описание товара Чехол Стильный Pixel-721. Это отличный выбор, если вы ищете чехол. В комплекте 3 фото.",чехол;стильный,chekhol-stilnyy-pixel-721
722,Часы Бюджетный Pixel-722,38212,https://picsum.photos/seed/product-722-img-0/600/600;https://picsum.photos/seed/product-722-img-1/600/600;https://picsum.photos/seed/product-722-img-2/600/600;https://picsum.photos/seed/product-722-img-3/600/600,"Описание товара Часы Бюджетный Pixel-722. Это отличный выбор, если вы ищете часы. В комплекте 4 фото.",часы;бюджет,chasy-byudzhetnyy-pixel-722
723,Смартфон Быстрый Pixel-723,19272,https://picsum.photos/seed/product-723-img-0/600/600;https://picsum.photos/seed/product-723-img-1/600/600;https://picsum.photos/seed/product-723-img-2/600/600,"Описание товара Смартфон Быстрый Pixel-723. Это отличный выбор, если вы ищете смартфон. В комплекте 3 фото.",смартфон;быстрый,smartfon-bystryy-pixel-723
724,Смартфон Мощный Pixel-724,47118,https://picsum.photos/seed/product-724-img-0/600/600;https://picsum.photos/seed/product-724-img-1/600/600,"Описание товара Смартфон Мощный Pixel-724. Это отличный выбор, если вы ищете смартфон. В комплекте 2 фото.",смартфон;мощный,smartfon-moshchnyy-pixel-724
725,Наушники Стильный Pixel-725,46487,https://picsum.photos/seed/product-725-img-0/600/600;https://picsum.photos/seed/product-725-img-1/600/600,"Описание товара Наушники Стильный Pixel-725. Это отличный выбор, если вы ищете наушники. В комплекте 2 фото.",наушники;стильный,naushniki-stilnyy-pixel-725
726,Смартфон Быстрый Pixel-726,45385,https://picsum.photos/seed/product-726-img-0/600/600;https://picsum.photos/seed/product-726-img-1/600/600;https://picsum.photos/seed/product-726-img-2/600/600;https://picsum.photos/seed/product-726-img-3/600/600;https://picsum.photos/seed/product-726-img-4/600/600,"Описание товара Смартфон Быстрый Pixel-726. Это отличный выбор, если вы ищете смартфон. В комплекте 5 фото.",смартфон;быстрый,smartfon-bystryy-pixel-726
727,Ноутбук Быстрый Pixel-727,41404,https://picsum.photos/seed/product-727-img-0/600/600;https://picsum.photos/seed/product-727-img-1/600/600;https://picsum.photos/seed/product-727-img-2/600/600;https://picsum.photos/seed/product-727-img-3/600/600,"Описание товара Ноутбук Быстрый Pixel-727. Это отличный выбор, если вы ищете ноутбук. В комплекте 4 фото.",ноутбук;быстрый,noutbuk-bystryy-pixel-727
728,Чехол Мощный Pixel-728,14400,https://picsum.photos/seed/product-728-img-0/600/600;https://picsum.photos/seed/product-728-img-1/600/600,"Описание товара Чехол Мощный Pixel-728. Это отличный выбор, если вы ищете чехол. В комплекте 2 фото.",чехол;мощный,chekhol-moshchnyy-pixel-728
729,Часы Флагманский Pixel-729,18549,https://picsum.photos/seed/product-729-img-0/600/600;https://picsum.photos/seed/product-729-img-1/600/600,"Описание товара Часы Флагманский Pixel-729. Это отличный выбор, если вы ищете часы. В комплекте 2 фото.",часы;флагман,chasy-flagmanskiy-pixel-729
730,Наушники Мощный Pixel-730,37760,https://picsum.photos/seed/product-730-img-0/600/600;https://picsum.photos/seed/product-730-img-1/600/600;https://picsum.photos/seed/product-730-img-2/600/600;https://picsum.photos/seed/product-730-img-3/600/600;https://picsum.photos/seed/product-730-img-4/600/600,"Описание товара Наушники Мощный Pixel-730. Это отличный выбор, если вы ищете наушники. В комплекте 5 фото.",наушники;мощный,naushniki-moshchnyy-pixel-730
731,Чехол Красный Pixel-731,43675,https://picsum.photos/seed/product-731-img-0/600/600;https://picsum.photos/seed/product-731-img-1/600/600;https://picsum.photos/seed/product-731-img-2/600/600,"Описание товара Чехол Красный Pixel-731. Это отличный выбор, если вы ищете чехол. В комплекте 3 фото.",чехол;красный,chekhol-krasnyy-pixel-731
732,Чехол Красный Pixel-732,40713,https://picsum.photos/seed/product-732-img-0/600/600;https://picsum.photos/seed/product-732-img-1/600/600;https://picsum.photos/seed/product-732-img-2/600/600;https://picsum.photos/seed/product-732-img-3/600/600;https://picsum.photos/seed/product-732-img-4/600/600,"Описание товара Чехол Красный Pixel-732. Это отличный выбор, если вы ищете чехол. В комплекте 5 фото.",чехол;красный,chekhol-krasnyy-pixel-732
733,Смартфон Флагманский Pixel-733,19852,https://picsum.photos/seed/product-733-img-0/600/600;https://picsum.photos/seed/product-733-img-1/600/600;https://picsum.photos/seed/product-733-img-2/600/600;https://picsum.photos/seed/product-733-img-3/600/600,"Описание товара Смартфон Флагманский Pixel-733. Это отличный выбор, если вы ищете смартфон. В комплекте 4 фото.",смартфон;флагман,smartfon-flagmanskiy-pixel-733
734,Наушники Бюджетный Pixel-734,544,https://picsum.photos/seed/product-734-img-0/600/600;https://picsum.photos/seed/product-734-img-1/600/600;https://picsum.photos/seed/product-734-img-2/600/600,"Описание товара Наушники Бюджетный Pixel-734. Это отличный выбор, если вы ищете наушники. В комплекте 3 фото.",наушники;бюджет,naushniki-byudzhetnyy-pixel-734
735,Смартфон Флагманский Pixel-735,3797,https://picsum.photos/seed/product-735-img-0/600/600;https://picsum.photos/seed/product-735-img-1/600/600;https://picsum.photos/seed/product-735-img-2/600/600,"Описание товара Смартфон Флагманский Pixel-735. Это отличный выбор, если вы ищете смартфон. В комплекте 3 фото.",смартфон;флагман,smartfon-flagmanskiy-pixel-735
736,Смартфон Мощный Pixel-736,523,https://picsum.photos/seed/product-736-img-0/600/600;https://picsum.photos/seed/product-736-img-1/600/600;https://picsum.photos/seed/product-736-img-2/600/600;https://picsum.photos/seed/product-736-img-3/600/600;https://picsum.photos/seed/product-736-img-4/600/600,"Описание товара Смартфон Мощный Pixel-736. Это отличный выбор, если вы ищете смартфон. В комплекте 5 фото.",смартфон;мощный,smartfon-moshchnyy-pixel-736
737,Ноутбук Стильный Pixel-737,29966,https://picsum.photos/seed/product-737-img-0/600/600;https://picsum.photos/seed/product-737-img-1/600/600;https://picsum.photos/seed/product-737-img-2/600/600;https://picsum.photos/seed/product-737-img-3/600/600;https://picsum.photos/seed/product-737-img-4/600/600,"Описание товара Ноутбук Стильный Pixel-737. Это отличный выбор, если вы ищете ноутбук. В комплекте 5 фото.",ноутбук;стильный,noutbuk-stilnyy-pixel-737
738,Часы Быстрый Pixel-738,38327,https://picsum.photos/seed/product-738-img-0/600/600;https://picsum.photos/seed/product-738-img-1/600/600;https://picsum.photos/seed/product-738-img-2/600/600;https://picsum.photos/seed/product-738-img-3/600/600;https://picsum.photos/seed/product-738-img-4/600/600,"Описание товара Часы Быстрый Pixel-738. Это отличный выбор, если вы ищете часы. В комплекте 5 фото.",часы;быстрый,chasy-bystryy-pixel-738
739,Чехол Быстрый Pixel-739,3260,https://picsum.photos/seed/product-739-img-0/600/600;https://picsum.photos/seed/product-739-img-1/600/600;https://picsum.photos/seed/product-739-img-2/600/600,"Описание товара Чехол Быстрый Pixel-739. Это отличный выбор, если вы ищете чехол. В комплекте 3 фото.",чехол;быстрый,chekhol-bystryy-pixel-739
740,Смартфон Красный Pixel-740,19227,https://picsum.photos/seed/product-740-img-0/600/600;https://picsum.photos/seed/product-740-img-1/600/600;https://picsum.photos/seed/product-740-img-2/600/600,"Описание товара Смартфон Красный Pixel-740. Это отличный выбор, если вы ищете смартфон. В комплекте 3 фото.",смартфон;красный,smartfon-krasnyy-pixel-740
741,Чехол Быстрый Pixel-741,43739,https://picsum.photos/seed/product-741-img-0/600/600;https://picsum.photos/seed/product-741-img-1/600/600,"Описание товара Чехол Быстрый Pixel-741. Это отличный выбор, если вы ищете чехол. В комплекте 2 фото.",чехол;быстрый,chekhol-bystryy-pixel-741
742,Чехол Флагманский Pixel-742,14433,https://picsum.photos/seed/product-742-img-0/600/600;https://picsum.photos/seed/product-742-img-1/600/600;https://picsum.photos/seed/product-742-img-2/600/600,"Описание товара Чехол Флагманский Pixel-742. Это отличный выбор, если вы ищете чехол. В комплекте 3 фото.",чехол;флагман,chekhol-flagmanskiy-pixel-742
743,Ноутбук Быстрый Pixel-743,4640,https://picsum.photos/seed/product-743-img-0/600/600;https://picsum.photos/seed/product-743-img-1/600/600;https://picsum.photos/seed/product-743-img-2/600/600,"Описание товара Ноутбук Быстрый Pixel-743. Это отличный выбор, если вы ищете ноутбук. В комплекте 3 фото.",ноутбук;быстрый,noutbuk-bystryy-pixel-743
744,Чехол Стильный Pixel-744,39008,https://picsum.photos/seed/product-744-img-0/600/600;https://picsum.photos/seed/product-744-img-1/600/600;https://picsum.photos/seed/product-744-img-2/600/600,"Описание товара Чехол Стильный Pixel-744. Это отличный выбор, если вы ищете чехол. В комплекте 3 фото.",чехол;стильный,chekhol-stilnyy-pixel-744
745,Ноутбук Стильный Pixel-745,34415,https://picsum.photos/seed/product-745-img-0/600/600;https://picsum.photos/seed/product-745-img-1/600/600;https://picsum.photos/seed/product-745-img-2/600/600,"Описание товара Ноутбук Стильный Pixel-745. Это отличный выбор, если вы ищете ноутбук. В комплекте 3 фото.",ноутбук;стильный,noutbuk-stilnyy-pixel-745
746,Часы Флагманский Pixel-746,46999,https://picsum.photos/seed/product-746-img-0/600/600;https://picsum.photos/seed/product-746-img-1/600/600;https://picsum.photos/seed/product-746-img-2/600/600;https://picsum.photos/seed/product-746-img-3/600/600;https://picsum.photos/seed/product-746-img-4/600/600,"Описание товара Часы Флагманский Pixel-746. Это отличный выбор, если вы ищете часы. В комплекте 5 фото.",часы;флагман,chasy-flagmanskiy-pixel-746
747,Ноутбук Бюджетный Pixel-747,19381,https://picsum.photos/seed/product-747-img-0/600/600;https://picsum.photos/seed/product-747-img-1/600/600;https://picsum.photos/seed/product-747-img-2/600/600;https://picsum.photos/seed/product-747-img-3/600/600,"Описание товара Ноутбук Бюджетный Pixel-747. Это отличный выбор, если вы ищете ноутбук. В комплекте 4 фото.",ноутбук;бюджет,noutbuk-byudzhetnyy-pixel-747
748,Ноутбук Быстрый Pixel-748,40519,https://picsum.photos/seed/product-748-img-0/600/600;https://picsum.photos/seed/product-748-img-1/600/600;https://picsum.photos/seed/product-748-img-2/600/600;https://picsum.photos/seed/product-748-img-3/600/600,"Описание товара Ноутбук Быстрый Pixel-748. Это отличный выбор, если вы ищете ноутбук. В комплекте 4 фото.",ноутбук;быстрый,noutbuk-bystryy-pixel-748
749,Чехол Бюджетный Pixel-749,2154,https://picsum.photos/seed/product-749-img-0/600/600;https://picsum.photos/seed/product-749-img-1/600/600;https://picsum.photos/seed/product-749-img-2/600/600;https://picsum.photos/seed/product-749-img-3/600/600;https://picsum.photos/seed/product-749-img-4/600/600,"Описание товара Чехол Бюджетный Pixel-749. Это отличный выбор, если вы ищете чехол. В комплекте 5 фото.",чехол;бюджет,chekhol-byudzhetnyy-pixel-749
750,Ноутбук Мощный Pixel-750,45180,https://picsum.photos/seed/product-750-img-0/600/600;https://picsum.photos/seed/product-750-img-1/600/600,"Описание товара Ноутбук Мощный Pixel-750. Это отличный выбор, если вы ищете ноутбук. В комплекте 2 фото.",ноутбук;мощный,noutbuk-moshchnyy-pixel-750
751,Наушники Флагманский Pixel-751,30144,https://picsum.photos/seed/product-751-img-0/600/600;https://picsum.photos/seed/product-751-img-1/600/600;https://picsum.photos/seed/product-751-img-2/600/600;https://picsum.photos/seed/product-751-img-3/600/600;https://picsum.photos/seed/product-751-img-4/600/600,"Описание товара Наушники Флагманский Pixel-751. Это отличный выбор, если вы ищете наушники. В комплекте 5 фото.",наушники;флагман,naushniki-flagmanskiy-pixel-751
752,Смартфон Красный Pixel-752,340,https://picsum.photos/seed/product-752-img-0/600/600;https://picsum.photos/seed/product-752-img-1/600/600;https://picsum.photos/seed/product-752-img-2/600/600;https://picsum.photos/seed/product-752-img-3/600/600;https://picsum.photos/seed/product-752-img-4/600/600,"Описание товара Смартфон Красный Pixel-752. Это отличный выбор, если вы ищете смартфон. В комплекте 5 фото.",смартфон;красный,smartfon-krasnyy-pixel-752
753,Смартфон Красный Pixel-753,38316,https://picsum.photos/seed/product-753-img-0/600/600;https://picsum.photos/seed/product-753-img-1/600/600;https://picsum.photos/seed/product-753-img-2/600/600;https://picsum.photos/seed/product-753-img-3/600/600,"Описание товара Смартфон Красный Pixel-753. Это отличный выбор, если вы ищете смартфон. В комплекте 4 фото.",смартфон;красный,smartfon-krasnyy-pixel-753
754,Смартфон Красный Pixel-754,487,https://picsum.photos/seed/product-754-img-0/600/600;https://picsum.photos/seed/product-754-img-1/600/600,"Описание товара Смартфон Красный Pixel-754. Это отличный выбор, если вы ищете смартфон. В комплекте 2 фото.",смартфон;красный,smartfon-krasnyy-pixel-754
755,Ноутбук Красный Pixel-755,42101,https://picsum.photos/seed/product-755-img-0/600/600;https://picsum.photos/seed/product-755-img-1/600/600,"Описание товара Ноутбук Красный Pixel-755. Это отличный выбор, если вы ищете ноутбук. В комплекте 2 фото.",ноутбук;красный,noutbuk-krasnyy-pixel-755
756,Смартфон Флагманский Pixel-756,40472,https://picsum.photos/seed/product-756-img-0/600/600;https://picsum.photos/seed/product-756-img-1/600/600;https://picsum.photos/seed/product-756-img-2/600/600;https://picsum.photos/seed/product-756-img-3/600/600,"Описание товара Смартфон Флагманский Pixel-756. Это отличный выбор, если вы ищете смартфон. В комплекте 4 фото.",смартфон;флагман,smartfon-flagmanskiy-pixel-756
757,Ноутбук Быстрый Pixel-757,3581,https://picsum.photos/seed/product-757-img-0/600/600;https://picsum.photos/seed/product-757-img-1/600/600;https://picsum.photos/seed/product-757-img-2/600/600;https://picsum.photos/seed/product-757-img-3/600/600;https://picsum.photos/seed/product-757-img-4/600/600,"Описание товара Ноутбук Быстрый Pixel-757. Это отличный выбор, если вы ищете ноутбук. В комплекте 5 фото.",ноутбук;быстрый,noutbuk-bystryy-pixel-757
758,Часы Красный Pixel-758,6288,https://picsum.photos/seed/product-758-img-0/600/600;https://picsum.photos/seed/product-758-img-1/600/600;https://picsum.photos/seed/product-758-img-2/600/600;https://picsum.photos/seed/product-758-img-3/600/600;https://picsum.photos/seed/product-758-img-4/600/600,"Описание товара Часы Красный Pixel-758. Это отличный выбор, если вы ищете часы. В комплекте 5 фото.",часы;красный,chasy-krasnyy-pixel-758
759,Чехол Красный Pixel-759,47056,https://picsum.photos/seed/product-759-img-0/600/600;https://picsum.photos/seed/product-759-img-1/600/600;https://picsum.photos/seed/product-759-img-2/600/600;https://picsum.photos/seed/product-759-img-3/600/600;https://picsum.photos/seed/product-759-img-4/600/600,"Описание товара Чехол Красный Pixel-759. Это отличный выбор, если вы ищете чехол. В комплекте 5 фото.",чехол;красный,chekhol-krasnyy-pixel-759
760,Наушники Быстрый Pixel-760,45773,https://picsum.photos/seed/product-760-img-0/600/600;https://picsum.photos/seed/product-760-img-1/600/600;https://picsum.photos/seed/product-760-img-2/600/600;https://picsum.photos/seed/product-760-img-3/600/600,"Описание товара Наушники Быстрый Pixel-760. Это отличный выбор, если вы ищете наушники. В комплекте 4 фото.",наушники;быстрый,naushniki-bystryy-pixel-760
761,Смартфон Стильный Pixel-761,20418,https://picsum.photos/seed/product-761-img-0/600/600;https://picsum.photos/seed/product-761-img-1/600/600;https://picsum.photos/seed/product-761-img-2/600/600;https://picsum.photos/seed/product-761-img-3/600/600;https://picsum.photos/seed/product-761-img-4/600/600,"Описание товара Смартфон Стильный Pixel-761. Это отличный выбор, если вы ищете смартфон. В комплекте 5 фото.",смартфон;стильный,smartfon-stilnyy-pixel-761
762,Ноутбук Красный Pixel-762,23868,https://picsum.photos/seed/product-762-img-0/600/600;https://picsum.photos/seed/product-762-img-1/600/600;https://picsum.photos/seed/product-762-img-2/600/600;https://picsum.photos/seed/product-762-img-3/600/600;https://picsum.photos/seed/product-762-img-4/600/600,"Описание товара Ноутбук Красный Pixel-762. Это отличный выбор, если вы ищете ноутбук. В комплекте 5 фото.",ноутбук;красный,noutbuk-krasnyy-pixel-762
763,Часы Быстрый Pixel-763,26466,https://picsum.photos/seed/product-763-img-0/600/600;https://picsum.photos/seed/product-763-img-1/600/600;https://picsum.photos/seed/product-763-img-2/600/600,"Описание товара Часы Быстрый Pixel-763. Это отличный выбор, если вы ищете часы. В комплекте 3 фото.",часы;быстрый,chasy-bystryy-pixel-763
764,Чехол Мощный Pixel-764,8207,https://picsum.photos/seed/product-764-img-0/600/600;https://picsum.photos/seed/product-764-img-1/600/600,"Описание товара Чехол Мощный Pixel-764. Это отличный выбор, если вы ищете чехол. В комплекте 2 фото.",чехол;мощный,chekhol-moshchnyy-pixel-764
765,Чехол Мощный Pixel-765,31996,https://picsum.photos/seed/product-765-img-0/600/600;https://picsum.photos/seed/product-765-img-1/600/600,"Описание товара Чехол Мощный Pixel-765. Это отличный выбор, если вы ищете чехол. В комплекте 2 фото.",чехол;мощный,chekhol-moshchnyy-pixel-765
766,Наушники Стильный Pixel-766,28811,https://picsum.photos/seed/product-766-img-0/600/600;https://picsum.photos/seed/product-766-img-1/600/600;https://picsum.photos/seed/product-766-img-2/600/600;https://picsum.photos/seed/product-766-img-3/600/600,"Описание товара Наушники Стильный Pixel-766. Это отличный выбор, если вы ищете наушники. В комплекте 4 фото.",наушники;стильный,naushniki-stilnyy-pixel-766
767,Ноутбук Бюджетный Pixel-767,31430,https://picsum.photos/seed/product-767-img-0/600/600;https://picsum.photos/seed/product-767-img-1/600/600;https://picsum.photos/seed/product-767-img-2/600/600;https://picsum.photos/seed/product-767-img-3/600/600;https://picsum.photos/seed/product-767-img-4/600/600,"Описание товара Ноутбук Бюджетный Pixel-767. Это отличный выбор, если вы ищете ноутбук. В комплекте 5 фото.",ноутбук;бюджет,noutbuk-byudzhetnyy-pixel-767
768,Ноутбук Флагманский Pixel-768,19829,https://picsum.photos/seed/product-768-img-0/600/600;https://picsum.photos/seed/product-768-img-1/600/600;https://picsum.photos/seed/product-768-img-2/600/600;https://picsum.photos/seed/product-768-img-3/600/600;https://picsum.photos/seed/product-768-img-4/600/600,"Описание товара Ноутбук Флагманский Pixel-768. Это отличный выбор, если вы ищете ноутбук. В комплекте 5 фото.",ноутбук;флагман,noutbuk-flagmanskiy-pixel-768
769,Часы Бюджетный Pixel-769,39390,https://picsum.photos/seed/product-769-img-0/600/600;https://picsum.photos/seed/product-769-img-1/600/600;https://picsum.photos/seed/product-769-img-2/600/600,"Описание товара Часы Бюджетный Pixel-769. Это отличный выбор, если вы ищете часы. В комплекте 3 фото.",часы;бюджет,chasy-byudzhetnyy-pixel-769
770,Наушники Флагманский Pixel-770,1552,https://picsum.photos/seed/product-770-img-0/600/600;https://picsum.photos/seed/product-770-img-1/600/600;https://picsum.photos/seed/product-770-img-2/600/600,"Описание товара Наушники Флагманский Pixel-770. Это отличный выбор, если вы ищете наушники. В комплекте 3 фото.",наушники;флагман,naushniki-flagmanskiy-pixel-770
771,Смартфон Красный Pixel-771,11911,https://picsum.photos/seed/product-771-img-0/600/600;https://picsum.photos/seed/product-771-img-1/600/600;https://picsum.photos/seed/product-771-img-2/600/600;https://picsum.photos/seed/product-771-img-3/600/600;https://picsum.photos/seed/product-771-img-4/600/600,"Описание товара Смартфон Красный Pixel-771. Это отличный выбор, если вы ищете смартфон. В комплекте 5 фото.",смартфон;красный,smartfon-krasnyy-pixel-771
772,Часы Стильный Pixel-772,23833,https://picsum.photos/seed/product-772-img-0/600/600;https://picsum.photos/seed/product-772-img-1/600/600;https://picsum.photos/seed/product-772-img-2/600/600;https://picsum.photos/seed/product-772-img-3/600/600;https://picsum.photos/seed/product-772-img-4/600/600,"Описание товара Часы Стильный Pixel-772. Это отличный выбор, если вы ищете часы. В комплекте 5 фото.",часы;стильный,chasy-stilnyy-pixel-772
773,Ноутбук Стильный Pixel-773,49819,https://picsum.photos/seed/product-773-img-0/600/600;https://picsum.photos/seed/product-773-img-1/600/600;https://picsum.photos/seed/product-773-img-2/600/600;https://picsum.photos/seed/product-773-img-3/600/600;https://picsum.photos/seed/product-773-img-4/600/600,"Описание товара Ноутбук Стильный Pixel-773. Это отличный выбор, если вы ищете ноутбук. В комплекте 5 фото.",ноутбук;стильный,noutbuk-stilnyy-pixel-773
774,Часы Бюджетный Pixel-774,15417,https://picsum.photos/seed/product-774-img-0/600/600;https://picsum.photos/seed/product-774-img-1/600/600,"Описание товара Часы Бюджетный Pixel-774. Это отличный выбор, если вы ищете часы. В комплекте 2 фото.",часы;бюджет,chasy-byudzhetnyy-pixel-774
775,Часы Быстрый Pixel-775,42081,https://picsum.photos/seed/product-775-img-0/600/600;https://picsum.photos/seed/product-775-img-1/600/600;https://picsum.photos/seed/product-775-img-2/600/600;https://picsum.photos/seed/product-775-img-3/600/600;https://picsum.photos/seed/product-775-img-4/600/600,"Описание товара Часы Быстрый Pixel-775. Это отличный выбор, если вы ищете часы. В комплекте 5 фото.",часы;быстрый,chasy-bystryy-pixel-775
776,Наушники Красный Pixel-776,38569,https://picsum.photos/seed/product-776-img-0/600/600;https://picsum.photos/seed/product-776-img-1/600/600;https://picsum.photos/seed/product-776-img-2/600/600,"Описание товара Наушники Красный Pixel-776. Это отличный выбор, если вы ищете наушники. В комплекте 3 фото.",наушники;красный,naushniki-krasnyy-pixel-776
777,Смартфон Быстрый Pixel-777,26362,https://picsum.photos/seed/product-777-img-0/600/600;https://picsum.photos/seed/product-777-img-1/600/600,"Описание товара Смартфон Быстрый Pixel-777. Это отличный выбор, если вы ищете смартфон. В комплекте 2 фото.",смартфон;быстрый,smartfon-bystryy-pixel-777
778,Наушники Мощный Pixel-778,5837,https://picsum.photos/seed/product-778-img-0/600/600;https://picsum.photos/seed/product-778-img-1/600/600;https://picsum.photos/seed/product-778-img-2/600/600;https://picsum.photos/seed/product-778-img-3/600/600;https://picsum.photos/seed/product-778-img-4/600/600,"Описание товара Наушники Мощный Pixel-778. Это отличный выбор, если вы ищете наушники. В комплекте 5 фото.",наушники;мощный,naushniki-moshchnyy-pixel-778
779,Смартфон Бюджетный Pixel-779,27959,https://picsum.photos/seed/product-779-img-0/600/600;https://picsum.photos/seed/product-779-img-1/600/600;https://picsum.photos/seed/product-779-img-2/600/600,"Описание товара Смартфон Бюджетный Pixel-779. Это отличный выбор, если вы ищете смартфон. В комплекте 3 фото.",смартфон;бюджет,smartfon-byudzhetnyy-pixel-779
780,Чехол Быстрый Pixel-780,44098,https://picsum.photos/seed/product-780-img-0/600/600;https://picsum.photos/seed/product-780-img-1/600/600;https://picsum.photos/seed/product-780-img-2/600/600;https://picsum.photos/seed/product-780-img-3/600/600;https://picsum.photos/seed/product-780-img-4/600/600,"Описание товара Чехол Быстрый Pixel-780. Это отличный выбор, если вы ищете чехол. В комплекте 5 фото.",чехол;быстрый,chekhol-bystryy-pixel-780
781,Чехол Стильный Pixel-781,41807,https://picsum.photos/seed/product-781-img-0/600/600;https://picsum.photos/seed/product-781-img-1/600/600;https://picsum.photos/seed/product-781-img-2/600/600;https://picsum.photos/seed/product-781-img-3/600/600,"Описание товара Чехол Стильный Pixel-781. Это отличный выбор, если вы ищете чехол. В комплекте 4 фото.",чехол;стильный,chekhol-stilnyy-pixel-781
782,Наушники Бюджетный Pixel-782,17911,https://picsum.photos/seed/product-782-img-0/600/600;https://picsum.photos/seed/product-782-img-1/600/600;https://picsum.photos/seed/product-782-img-2/600/600,"Описание товара Наушники Бюджетный Pixel-782. Это отличный выбор, если вы ищете наушники. В комплекте 3 фото.",наушники;бюджет,naushniki-byudzhetnyy-pixel-782
783,Наушники Красный Pixel-783,36185,https://picsum.photos/seed/product-783-img-0/600/600;https://picsum.photos/seed/product-783-img-1/600/600;https://picsum.photos/seed/product-783-img-2/600/600;https://picsum.photos/seed/product-783-img-3/600/600,"Описание товара Наушники Красный Pixel-783. Это отличный выбор, если вы ищете наушники. В комплекте 4 фото.",наушники;красный,naushniki-krasnyy-pixel-783
784,Наушники Стильный Pixel-784,25754,https://picsum.photos/seed/product-784-img-0/600/600;https://picsum.photos/seed/product-784-img-1/600/600;https://picsum.photos/seed/product-784-img-2/600/600;https://picsum.photos/seed/product-784-img-3/600/600;https://picsum.photos/seed/product-784-img-4/600/600,"Описание товара Наушники Стильный Pixel-784. Это отличный выбор, если вы ищете наушники. В комплекте 5 фото.",наушники;стильный,naushniki-stilnyy-pixel-784
785,Чехол Мощный Pixel-785,1182,https://picsum.photos/seed/product-785-img-0/600/600;https://picsum.photos/seed/product-785-img-1/600/600;https://picsum.photos/seed/product-785-img-2/600/600;https://picsum.photos/seed/product-785-img-3/600/600;https://picsum.photos/seed/product-785-img-4/600/600,"Описание товара Чехол Мощный Pixel-785. Это отличный выбор, если вы ищете чехол. В комплекте 5 фото.",чехол;мощный,chekhol-moshchnyy-pixel-785
786,Чехол Стильный Pixel-786,22723,https://picsum.photos/seed/product-786-img-0/600/600;https://picsum.photos/seed/product-786-img-1/600/600;https://picsum.photos/seed/product-786-img-2/600/600;https://picsum.photos/seed/product-786-img-3/600/600;https://picsum.photos/seed/product-786-img-4/600/600,"Описание товара Чехол Стильный Pixel-786. Это отличный выбор, если вы ищете чехол. В комплекте 5 фото.",чехол;стильный,chekhol-stilnyy-pixel-786
787,Чехол Бюджетный Pixel-787,21574,https://picsum.photos/seed/product-787-img-0/600/600;https://picsum.photos/seed/product-787-img-1/600/600;https://picsum.photos/seed/product-787-img-2/600/600;https://picsum.photos/seed/product-787-img-3/600/600;https://picsum.photos/seed/product-787-img-4/600/600,"Описание товара Чехол Бюджетный Pixel-787. Это отличный выбор, если вы ищете чехол. В комплекте 5 фото.",чехол;бюджет,chekhol-byudzhetnyy-pixel-787
788,Наушники Быстрый Pixel-788,42817,https://picsum.photos/seed/product-788-img-0/600/600;https://picsum.photos/seed/product-788-img-1/600/600;https://picsum.photos/seed/product-788-img-2/600/600;https://picsum.photos/seed/product-788-img-3/600/600,"Описание товара Наушники Быстрый Pixel-788. Это отличный выбор, если вы ищете наушники. В комплекте 4 фото.",наушники;быстрый,naushniki-bystryy-pixel-788
789,Смартфон Красный Pixel-789,4490,https://picsum.photos/seed/product-789-img-0/600/600;https://picsum.photos/seed/product-789-img-1/600/600;https://picsum.photos/seed/product-789-img-2/600/600,"Описание товара Смартфон Красный Pixel-789. Это отличный выбор, если вы ищете смартфон. В комплекте 3 фото.",смартфон;красный,smartfon-krasnyy-pixel-789
790,Ноутбук Красный Pixel-790,44821,https://picsum.photos/seed/product-790-img-0/600/600;https://picsum.photos/seed/product-790-img-1/600/600;https://picsum.photos/seed/product-790-img-2/600/600;https://picsum.photos/seed/product-790-img-3/600/600;https://picsum.photos/seed/product-790-img-4/600/600,"Описание товара Ноутбук Красный Pixel-790. Это отличный выбор, если вы ищете ноутбук. В комплекте 5 фото.",ноутбук;красный,noutbuk-krasnyy-pixel-790
791,Наушники Быстрый Pixel-791,23363,https://picsum.photos/seed/product-791-img-0/600/600;https://picsum.photos/seed/product-791-img-1/600/600;https://picsum.photos/seed/product-791-img-2/600/600;https://picsum.photos/seed/product-791-img-3/600/600;https://picsum.photos/seed/product-791-img-4/600/600,"Описание товара Наушники Быстрый Pixel-791. Это отличный выбор, если вы ищете наушники. В комплекте 5 фото.",наушники;быстрый,naushniki-bystryy-pixel-791
792,Часы Красный Pixel-792,5060,https://picsum.photos/seed/product-792-img-0/600/600;https://picsum.photos/seed/product-792-img-1/600/600;https://picsum.photos/seed/product-792-img-2/600/600;https://picsum.photos/seed/product-792-img-3/600/600;https://picsum.photos/seed/product-792-img-4/600/600,"Описание товара Часы Красный Pixel-792. Это отличный выбор, если вы ищете часы. В комплекте 5 фото.",часы;красный,chasy-krasnyy-pixel-792
793,Часы Стильный Pixel-793,42501,https://picsum.photos/seed/product-793-img-0/600/600;https://picsum.photos/seed/product-793-img-1/600/600;https://picsum.photos/seed/product-793-img-2/600/600;https://picsum.photos/seed/product-793-img-3/600/600,"Описание товара Часы Стильный Pixel-793. Это отличный выбор, если вы ищете часы. В комплекте 4 фото.",часы;стильный,chasy-stilnyy-pixel-793
794,Чехол Красный Pixel-794,12771,https://picsum.photos/seed/product-794-img-0/600/600;https://picsum.photos/seed/product-794-img-1/600/600;https://picsum.photos/seed/product-794-img-2/600/600,"Описание товара Чехол Красный Pixel-794. Это отличный выбор, если вы ищете чехол. В комплекте 3 фото.",чехол;красный,chekhol-krasnyy-pixel-794
795,Наушники Быстрый Pixel-795,43276,https://picsum.photos/seed/product-795-img-0/600/600;https://picsum.photos/seed/product-795-img-1/600/600;https://picsum.photos/seed/product-795-img-2/600/600,"Описание товара Наушники Быстрый Pixel-795. Это отличный выбор, если вы ищете наушники. В комплекте 3 фото.",наушники;быстрый,naushniki-bystryy-pixel-795
796,Наушники Мощный Pixel-796,45108,https://picsum.photos/seed/product-796-img-0/600/600;https://picsum.photos/seed/product-796-img-1/600/600;https://picsum.photos/seed/product-796-img-2/600/600;https://picsum.photos/seed/product-796-img-3/600/600,"Описание товара Наушники Мощный Pixel-796. Это отличный выбор, если вы ищете наушники. В комплекте 4 фото.",наушники;мощный,naushniki-moshchnyy-pixel-796
797,Смартфон Красный Pixel-797,4872,https://picsum.photos/seed/product-797-img-0/600/600;https://picsum.photos/seed/product-797-img-1/600/600;https://picsum.photos/seed/product-797-img-2/600/600;https://picsum.photos/seed/product-797-img-3/600/600,"Описание товара Смартфон Красный Pixel-797. Это отличный выбор, если вы ищете смартфон. В комплекте 4 фото.",смартфон;красный,smartfon-krasnyy-pixel-797
798,Смартфон Флагманский Pixel-798,8022,https://picsum.photos/seed/product-798-img-0/600/600;https://picsum.photos/seed/product-798-img-1/600/600,"Описание товара Смартфон Флагманский Pixel-798. Это отличный выбор, если вы ищете смартфон. В комплекте 2 фото.",смартфон;флагман,smartfon-flagmanskiy-pixel-798
799,Часы Флагманский Pixel-799,34582,https://picsum.photos/seed/product-799-img-0/600/600;https://picsum.photos/seed/product-799-img-1/600/600;https://picsum.photos/seed/product-799-img-2/600/600,"Описание товара Часы Флагманский Pixel-799. Это отличный выбор, если вы ищете часы. В комплекте 3 фото.",часы;флагман,chasy-flagmanskiy-pixel-799
800,Часы Мощный Pixel-800,1492,https://picsum.photos/seed/product-800-img-0/600/600;https://picsum.photos/seed/product-800-img-1/600/600;https://picsum.photos/seed/product-800-img-2/600/600;https://picsum.photos/seed/product-800-img-3/600/600,"Описание товара Часы Мощный Pixel-800. Это отличный выбор, если вы ищете часы. В комплекте 4 фото.",часы;мощный,chasy-moshchnyy-pixel-800
801,Часы Красный Pixel-801,27957,https://picsum.photos/seed/product-801-img-0/600/600;https://picsum.photos/seed/product-801-img-1/600/600;https://picsum.photos/seed/product-801-img-2/600/600;https://picsum.photos/seed/product-801-img-3/600/600;https://picsum.photos/seed/product-801-img-4/600/600,"Описание товара Часы Красный Pixel-801. Это отличный выбор, если вы ищете часы. В комплекте 5 фото.",часы;красный,chasy-krasnyy-pixel-801
802,Чехол Флагманский Pixel-802,21247,https://picsum.photos/seed/product-802-img-0/600/600;https://picsum.photos/seed/product-802-img-1/600/600,"Описание товара Чехол Флагманский Pixel-802. Это отличный выбор, если вы ищете чехол. В комплекте 2 фото.",чехол;флагман,chekhol-flagmanskiy-pixel-802
803,Часы Бюджетный Pixel-803,10473,https://picsum.photos/seed/product-803-img-0/600/600;https://picsum.photos/seed/product-803-img-1/600/600;https://picsum.photos/seed/product-803-img-2/600/600;https://picsum.photos/seed/product-803-img-3/600/600;https://picsum.photos/seed/product-803-img-4/600/600,"Описание товара Часы Бюджетный Pixel-803. Это отличный выбор, если вы ищете часы. В комплекте 5 фото.",часы;бюджет,chasy-byudzhetnyy-pixel-803
804,Наушники Флагманский Pixel-804,32037,https://picsum.photos/seed/product-804-img-0/600/600;https://picsum.photos/seed/product-804-img-1/600/600;https://picsum.photos/seed/product-804-img-2/600/600;https://picsum.photos/seed/product-804-img-3/600/600;https://picsum.photos/seed/product-804-img-4/600/600,"Описание товара Наушники Флагманский Pixel-804. Это отличный выбор, если вы ищете наушники. В комплекте 5 фото.",наушники;флагман,naushniki-flagmanskiy-pixel-804
805,Наушники Флагманский Pixel-805,3507,https://picsum.photos/seed/product-805-img-0/600/600;https://picsum.photos/seed/product-805-img-1/600/600;https://picsum.photos/seed/product-805-img-2/600/600;https://picsum.photos/seed/product-805-img-3/600/600;https://picsum.photos/seed/product-805-img-4/600/600,"Описание товара Наушники Флагманский Pixel-805. Это отличный выбор, если вы ищете наушники. В комплекте 5 фото.",наушники;флагман,naushniki-flagmanskiy-pixel-805
806,Смартфон Красный Pixel-806,16804,https://picsum.photos/seed/product-806-img-0/600/600;https://picsum.photos/seed/product-806-img-1/600/600;https://picsum.photos/seed/product-806-img-2/600/600,"Описание товара Смартфон Красный Pixel-806. Это отличный выбор, если вы ищете смартфон. В комплекте 3 фото.",смартфон;красный,smartfon-krasnyy-pixel-806
807,Часы Быстрый Pixel-807,38702,https://picsum.photos/seed/product-807-img-0/600/600;https://picsum.photos/seed/product-807-img-1/600/600;https://picsum.photos/seed/product-807-img-2/600/600;https://picsum.photos/seed/product-807-img-3/600/600;https://picsum.photos/seed/product-807-img-4/600/600,"Описание товара Часы Быстрый Pixel-807. Это отличный выбор, если вы ищете часы. В комплекте 5 фото.",часы;быстрый,chasy-bystryy-pixel-807
808,Часы Флагманский Pixel-808,11474,https://picsum.photos/seed/product-808-img-0/600/600;https://picsum.photos/seed/product-808-img-1/600/600;https://picsum.photos/seed/product-808-img-2/600/600;https://picsum.photos/seed/product-808-img-3/600/600;https://picsum.photos/seed/product-808-img-4/600/600,"Описание товара Часы Флагманский Pixel-808. Это отличный выбор, если вы ищете часы. В комплекте 5 фото.",часы;флагман,chasy-flagmanskiy-pixel-808
809,Наушники Мощный Pixel-809,5961,https://picsum.photos/seed/product-809-img-0/600/600;https://picsum.photos/seed/product-809-img-1/600/600;https://picsum.photos/seed/product-809-img-2/600/600;https://picsum.photos/seed/product-809-img-3/600/600,"Описание товара Наушники Мощный Pixel-809. Это отличный выбор, если вы ищете наушники. В комплекте 4 фото.",наушники;мощный,naushniki-moshchnyy-pixel-809
810,Чехол Быстрый Pixel-810,20744,https://picsum.photos/seed/product-810-img-0/600/600;https://picsum.photos/seed/product-810-img-1/600/600,"Описание товара Чехол Быстрый Pixel-810. Это отличный выбор, если вы ищете чехол. В комплекте 2 фото.",чехол;быстрый,chekhol-bystryy-pixel-810
811,Чехол Стильный Pixel-811,43158,https://picsum.photos/seed/product-811-img-0/600/600;https://picsum.photos/seed/product-811-img-1/600/600,"Описание товара Чехол Стильный Pixel-811. Это отличный выбор, если вы ищете чехол. В комплекте 2 фото.",чехол;стильный,chekhol-stilnyy-pixel-811
812,Наушники Флагманский Pixel-812,6167,https://picsum.photos/seed/product-812-img-0/600/600;https://picsum.photos/seed/product-812-img-1/600/600,"Описание товара Наушники Флагманский Pixel-812. Это отличный выбор, если вы ищете наушники. В комплекте 2 фото.",наушники;флагман,naushniki-flagmanskiy-pixel-812
813,Часы Красный Pixel-813,21840,https://picsum.photos/seed/product-813-img-0/600/600;https://picsum.photos/seed/product-813-img-1/600/600;https://picsum.photos/seed/product-813-img-2/600/600;https://picsum.photos/seed/product-813-img-3/600/600,"Описание товара Часы Красный Pixel-813. Это отличный выбор, если вы ищете часы. В комплекте 4 фото.",часы;красный,chasy-krasnyy-pixel-813
814,Смартфон Красный Pixel-814,10358,https://picsum.photos/seed/product-814-img-0/600/600;https://picsum.photos/seed/product-814-img-1/600/600;https://picsum.photos/seed/product-814-img-2/600/600;https://picsum.photos/seed/product-814-img-3/600/600,"Описание товара Смартфон Красный Pixel-814. Это отличный выбор, если вы ищете смартфон. В комплекте 4 фото.",смартфон;красный,smartfon-krasnyy-pixel-814
815,Смартфон Флагманский Pixel-815,21615,https://picsum.photos/seed/product-815-img-0/600/600;https://picsum.photos/seed/product-815-img-1/600/600,"Описание товара Смартфон Флагманский Pixel-815. Это отличный выбор, если вы ищете смартфон. В комплекте 2 фото.",смартфон;флагман,smartfon-flagmanskiy-pixel-815
816,Наушники Флагманский Pixel-816,22032,https://picsum.photos/seed/product-816-img-0/600/600;https://picsum.photos/seed/product-816-img-1/600/600;https://picsum.photos/seed/product-816-img-2/600/600;https://picsum.photos/seed/product-816-img-3/600/600,"Описание товара Наушники Флагманский Pixel-816. Это отличный выбор, если вы ищете наушники. В комплекте 4 фото.",наушники;флагман,naushniki-flagmanskiy-pixel-816
817,Ноутбук Бюджетный Pixel-817,19852,https://picsum.photos/seed/product-817-img-0/600/600;https://picsum.photos/seed/product-817-img-1/600/600;https://picsum.photos/seed/product-817-img-2/600/600,"Описание товара Ноутбук Бюджетный Pixel-817. Это отличный выбор, если вы ищете ноутбук. В комплекте 3 фото.",ноутбук;бюджет,noutbuk-byudzhetnyy-pixel-817
818,Ноутбук Бюджетный Pixel-818,1405,https://picsum.photos/seed/product-818-img-0/600/600;https://picsum.photos/seed/product-818-img-1/600/600;https://picsum.photos/seed/product-818-img-2/600/600;https://picsum.photos/seed/product-818-img-3/600/600;https://picsum.photos/seed/product-818-img-4/600/600,"Описание товара Ноутбук Бюджетный Pixel-818. Это отличный выбор, если вы ищете ноутбук. В комплекте 5 фото.",ноутбук;бюджет,noutbuk-byudzhetnyy-pixel-818
819,Наушники Стильный Pixel-819,4366,https://picsum.photos/seed/product-819-img-0/600/600;https://picsum.photos/seed/product-819-img-1/600/600;https://picsum.photos/seed/product-819-img-2/600/600;https://picsum.photos/seed/product-819-img-3/600/600,"Описание товара Наушники Стильный Pixel-819. Это отличный выбор, если вы ищете наушники. В комплекте 4 фото.",наушники;стильный,naushniki-stilnyy-pixel-819
820,Чехол Красный Pixel-820,15874,https://picsum.photos/seed/product-820-img-0/600/600;https://picsum.photos/seed/product-820-img-1/600/600;https://picsum.photos/seed/product-820-img-2/600/600;https://picsum.photos/seed/product-820-img-3/600/600;https://picsum.photos/seed/product-820-img-4/600/600,"Описание товара Чехол Красный Pixel-820. Это отличный выбор, если вы ищете чехол. В комплекте 5 фото.",чехол;красный,chekhol-krasnyy-pixel-820
821,Ноутбук Стильный Pixel-821,23682,https://picsum.photos/seed/product-821-img-0/600/600;https://picsum.photos/seed/product-821-img-1/600/600;https://picsum.photos/seed/product-821-img-2/600/600;https://picsum.photos/seed/product-821-img-3/600/600;https://picsum.photos/seed/product-821-img-4/600/600,"Описание товара Ноутбук Стильный Pixel-821. Это отличный выбор, если вы ищете ноутбук. В комплекте 5 фото.",ноутбук;стильный,noutbuk-stilnyy-pixel-821
822,Часы Красный Pixel-822,26819,https://picsum.photos/seed/product-822-img-0/600/600;https://picsum.photos/seed/product-822-img-1/600/600;https://picsum.photos/seed/product-822-img-2/600/600;https://picsum.photos/seed/product-822-img-3/600/600;https://picsum.photos/seed/product-822-img-4/600/600,"Описание товара Часы Красный Pixel-822. Это отличный выбор, если вы ищете часы. В комплекте 5 фото.",часы;красный,chasy-krasnyy-pixel-822
823,Смартфон Быстрый Pixel-823,45725,https://picsum.photos/seed/product-823-img-0/600/600;https://picsum.photos/seed/product-823-img-1/600/600;https://picsum.photos/seed/product-823-img-2/600/600;https://picsum.photos/seed/product-823-img-3/600/600,"Описание товара Смартфон Быстрый Pixel-823. Это отличный выбор, если вы ищете смартфон. В комплекте 4 фото.",смартфон;быстрый,smartfon-bystryy-pixel-823
824,Наушники Мощный Pixel-824,17531,https://picsum.photos/seed/product-824-img-0/600/600;https://picsum.photos/seed/product-824-img-1/600/600;https://picsum.photos/seed/product-824-img-2/600/600,"Описание товара Наушники Мощный Pixel-824. Это отличный выбор, если вы ищете наушники. В комплекте 3 фото.",наушники;мощный,naushniki-moshchnyy-pixel-824
825,Смартфон Мощный Pixel-825,14029,https://picsum.photos/seed/product-825-img-0/600/600;https://picsum.photos/seed/product-825-img-1/600/600;https://picsum.photos/seed/product-825-img-2/600/600;https://picsum.photos/seed/product-825-img-3/600/600,"Описание товара Смартфон Мощный Pixel-825. Это отличный выбор, если вы ищете смартфон. В комплекте 4 фото.",смартфон;мощный,smartfon-moshchnyy-pixel-825
826,Ноутбук Бюджетный Pixel-826,28921,https://picsum.photos/seed/product-826-img-0/600/600;https://picsum.photos/seed/product-826-img-1/600/600;https://picsum.photos/seed/product-826-img-2/600/600;https://picsum.photos/seed/product-826-img-3/600/600,"Описание товара Ноутбук Бюджетный Pixel-826. Это отличный выбор, если вы ищете ноутбук. В комплекте 4 фото.",ноутбук;бюджет,noutbuk-byudzhetnyy-pixel-826
827,Ноутбук Быстрый Pixel-827,16075,https://picsum.photos/seed/product-827-img-0/600/600;https://picsum.photos/seed/product-827-img-1/600/600,"Описание товара Ноутбук Быстрый Pixel-827. Это отличный выбор, если вы ищете ноутбук. В комплекте 2 фото.",ноутбук;быстрый,noutbuk-bystryy-pixel-827
828,Часы Быстрый Pixel-828,45299,https://picsum.photos/seed/product-828-img-0/600/600;https://picsum.photos/seed/product-828-img-1/600/600;https://picsum.photos/seed/product-828-img-2/600/600,"Описание товара Часы Быстрый Pixel-828. Это отличный выбор, если вы ищете часы. В комплекте 3 фото.",часы;быстрый,chasy-bystryy-pixel-828
829,Часы Мощный Pixel-829,13578,https://picsum.photos/seed/product-829-img-0/600/600;https://picsum.photos/seed/product-829-img-1/600/600,"Описание товара Часы Мощный Pixel-829. Это отличный выбор, если вы ищете часы. В комплекте 2 фото.",часы;мощный,chasy-moshchnyy-pixel-829
830,Наушники Быстрый Pixel-830,2028,https://picsum.photos/seed/product-830-img-0/600/600;https://picsum.photos/seed/product-830-img-1/600/600,"Описание товара Наушники Быстрый Pixel-830. Это отличный выбор, если вы ищете наушники. В комплекте 2 фото.",наушники;быстрый,naushniki-bystryy-pixel-830
831,Чехол Красный Pixel-831,6264,https://picsum.photos/seed/product-831-img-0/600/600;https://picsum.photos/seed/product-831-img-1/600/600,"Описание товара Чехол Красный Pixel-831. Это отличный выбор, если вы ищете чехол. В комплекте 2 фото.",чехол;красный,chekhol-krasnyy-pixel-831
832,Ноутбук Бюджетный Pixel-832,45779,https://picsum.photos/seed/product-832-img-0/600/600;https://picsum.photos/seed/product-832-img-1/600/600;https://picsum.photos/seed/product-832-img-2/600/600;https://picsum.photos/seed/product-832-img-3/600/600,"Описание товара Ноутбук Бюджетный Pixel-832. Это отличный выбор, если вы ищете ноутбук. В комплекте 4 фото.",ноутбук;бюджет,noutbuk-byudzhetnyy-pixel-832
833,Чехол Флагманский Pixel-833,36363,https://picsum.photos/seed/product-833-img-0/600/600;https://picsum.photos/seed/product-833-img-1/600/600,"Описание товара Чехол Флагманский Pixel-833. Это отличный выбор, если вы ищете чехол. В комплекте 2 фото.",чехол;флагман,chekhol-flagmanskiy-pixel-833
834,Часы Мощный Pixel-834,30940,https://picsum.photos/seed/product-834-img-0/600/600;https://picsum.photos/seed/product-834-img-1/600/600;https://picsum.photos/seed/product-834-img-2/600/600,"Описание товара Часы Мощный Pixel-834. Это отличный выбор, если вы ищете часы. В комплекте 3 фото.",часы;мощный,chasy-moshchnyy-pixel-834
835,Часы Флагманский Pixel-835,31285,https://picsum.photos/seed/product-835-img-0/600/600;https://picsum.photos/seed/product-835-img-1/600/600;https://picsum.photos/seed/product-835-img-2/600/600;https://picsum.photos/seed/product-835-img-3/600/600,"Описание товара Часы Флагманский Pixel-835. Это отличный выбор, если вы ищете часы. В комплекте 4 фото.",часы;флагман,chasy-flagmanskiy-pixel-835
836,Наушники Стильный Pixel-836,46458,https://picsum.photos/seed/product-836-img-0/600/600;https://picsum.photos/seed/product-836-img-1/600/600;https://picsum.photos/seed/product-836-img-2/600/600,"Описание товара Наушники Стильный Pixel-836. Это отличный выбор, если вы ищете наушники. В комплекте 3 фото.",наушники;стильный,naushniki-stilnyy-pixel-836
837,Ноутбук Бюджетный Pixel-837,3903,https://picsum.photos/seed/product-837-img-0/600/600;https://picsum.photos/seed/product-837-img-1/600/600;https://picsum.photos/seed/product-837-img-2/600/600,"Описание товара Ноутбук Бюджетный Pixel-837. Это отличный выбор, если вы ищете ноутбук. В комплекте 3 фото.",ноутбук;бюджет,noutbuk-byudzhetnyy-pixel-837
838,Чехол Быстрый Pixel-838,25189,https://picsum.photos/seed/product-838-img-0/600/600;https://picsum.photos/seed/product-838-img-1/600/600,"Описание товара Чехол Быстрый Pixel-838. Это отличный выбор, если вы ищете чехол. В комплекте 2 фото.",чехол;быстрый,chekhol-bystryy-pixel-838
839,Часы Бюджетный Pixel-839,15839,https://picsum.photos/seed/product-839-img-0/600/600;https://picsum.photos/seed/product-839-img-1/600/600;https://picsum.photos/seed/product-839-img-2/600/600;https://picsum.photos/seed/product-839-img-3/600/600;https://picsum.photos/seed/product-839-img-4/600/600,"Описание товара Часы Бюджетный Pixel-839. Это отличный выбор, если вы ищете часы. В комплекте 5 фото.",часы;бюджет,chasy-byudzhetnyy-pixel-839
840,Наушники Красный Pixel-840,8413,https://picsum.photos/seed/product-840-img-0/600/600;https://picsum.photos/seed/product-840-img-1/600/600;https://picsum.photos/seed/product-840-img-2/600/600,"Описание товара Наушники Красный Pixel-840. Это отличный выбор, если вы ищете наушники. В комплекте 3 фото.",наушники;красный,naushniki-krasnyy-pixel-840
841,Ноутбук Быстрый Pixel-841,28655,https://picsum.photos/seed/product-841-img-0/600/600;https://picsum.photos/seed/product-841-img-1/600/600;https://picsum.photos/seed/product-841-img-2/600/600,"Описание товара Ноутбук Быстрый Pixel-841. Это отличный выбор, если вы ищете ноутбук. В комплекте 3 фото.",ноутбук;быстрый,noutbuk-bystryy-pixel-841
842,Ноутбук Красный Pixel-842,41350,https://picsum.photos/seed/product-842-img-0/600/600;https://picsum.photos/seed/product-842-img-1/600/600;https://picsum.photos/seed/product-842-img-2/600/600,"Описание товара Ноутбук Красный Pixel-842. Это отличный выбор, если вы ищете ноутбук. В комплекте 3 фото.",ноутбук;красный,noutbuk-krasnyy-pixel-842
843,Часы Красный Pixel-843,33359,https://picsum.photos/seed/product-843-img-0/600/600;https://picsum.photos/seed/product-843-img-1/600/600;https://picsum.photos/seed/product-843-img-2/600/600,"Описание товара Часы Красный Pixel-843. Это отличный выбор, если вы ищете часы. В комплекте 3 фото.",часы;красный,chasy-krasnyy-pixel-843
844,Наушники Мощный Pixel-844,11751,https://picsum.photos/seed/product-844-img-0/600/600;https://picsum.photos/seed/product-844-img-1/600/600,"Описание товара Наушники Мощный Pixel-844. Это отличный выбор, если вы ищете наушники. В комплекте 2 фото.",наушники;мощный,naushniki-moshchnyy-pixel-844
845,Наушники Красный Pixel-845,31619,https://picsum.photos/seed/product-845-img-0/600/600;https://picsum.photos/seed/product-845-img-1/600/600,"Описание товара Наушники Красный Pixel-845. Это отличный выбор, если вы ищете наушники. В комплекте 2 фото.",наушники;красный,naushniki-krasnyy-pixel-845
846,Часы Стильный Pixel-846,24696,https://picsum.photos/seed/product-846-img-0/600/600;https://picsum.photos/seed/product-846-img-1/600/600;https://picsum.photos/seed/product-846-img-2/600/600,"Описание товара Часы Стильный Pixel-846. Это отличный выбор, если вы ищете часы. В комплекте 3 фото.",часы;стильный,chasy-stilnyy-pixel-846
847,Чехол Быстрый Pixel-847,4887,https://picsum.photos/seed/product-847-img-0/600/600;https://picsum.photos/seed/product-847-img-1/600/600;https://picsum.photos/seed/product-847-img-2/600/600;https://picsum.photos/seed/product-847-img-3/600/600;https://picsum.photos/seed/product-847-img-4/600/600,"Описание товара Чехол Быстрый Pixel-847. Это отличный выбор, если вы ищете чехол. В комплекте 5 фото.",чехол;быстрый,chekhol-bystryy-pixel-847
848,Наушники Флагманский Pixel-848,12147,https://picsum.photos/seed/product-848-img-0/600/600;https://picsum.photos/seed/product-848-img-1/600/600;https://picsum.photos/seed/product-848-img-2/600/600;https://picsum.photos/seed/product-848-img-3/600/600,"Описание товара Наушники Флагманский Pixel-848. Это отличный выбор, если вы ищете наушники. В комплекте 4 фото.",наушники;флагман,naushniki-flagmanskiy-pixel-848
849,Смартфон Быстрый Pixel-849,20103,https://picsum.photos/seed/product-849-img-0/600/600;https://picsum.photos/seed/product-849-img-1/600/600;https://picsum.photos/seed/product-849-img-2/600/600;https://picsum.photos/seed/product-849-img-3/600/600,"Описание товара Смартфон Быстрый Pixel-849. Это отличный выбор, если вы ищете смартфон. В комплекте 4 фото.",смартфон;быстрый,smartfon-bystryy-pixel-849
850,Часы Флагманский Pixel-850,45895,https://picsum.photos/seed/product-850-img-0/600/600;https://picsum.photos/seed/product-850-img-1/600/600;https://picsum.photos/seed/product-850-img-2/600/600;https://picsum.photos/seed/product-850-img-3/600/600,"Описание товара Часы Флагманский Pixel-850. Это отличный выбор, если вы ищете часы. В комплекте 4 фото.",часы;флагман,chasy-flagmanskiy-pixel-850
851,Смартфон Стильный Pixel-851,973,https://picsum.photos/seed/product-851-img-0/600/600;https://picsum.photos/seed/product-851-img-1/600/600;https://picsum.photos/seed/product-851-img-2/600/600,"Описание товара Смартфон Стильный Pixel-851. Это отличный выбор, если вы ищете смартфон. В комплекте 3 фото.",смартфон;стильный,smartfon-stilnyy-pixel-851
852,Чехол Бюджетный Pixel-852,4150,https://picsum.photos/seed/product-852-img-0/600/600;https://picsum.photos/seed/product-852-img-1/600/600,"Описание товара Чехол Бюджетный Pixel-852. Это отличный выбор, если вы ищете чехол. В комплекте 2 фото.",чехол;бюджет,chekhol-byudzhetnyy-pixel-852
853,Наушники Мощный Pixel-853,7334,https://picsum.photos/seed/product-853-img-0/600/600;https://picsum.photos/seed/product-853-img-1/600/600;https://picsum.photos/seed/product-853-img-2/600/600;https://picsum.photos/seed/product-853-img-3/600/600,"Описание товара Наушники Мощный Pixel-853. Это отличный выбор, если вы ищете наушники. В комплекте 4 фото.",наушники;мощный,naushniki-moshchnyy-pixel-853
854,Часы Флагманский Pixel-854,19383,https://picsum.photos/seed/product-854-img-0/600/600;https://picsum.photos/seed/product-854-img-1/600/600,"Описание товара Часы Флагманский Pixel-854. Это отличный выбор, если вы ищете часы. В комплекте 2 фото.",часы;флагман,chasy-flagmanskiy-pixel-854
855,Чехол Быстрый Pixel-855,42340,https://picsum.photos/seed/product-855-img-0/600/600;https://picsum.photos/seed/product-855-img-1/600/600;https://picsum.photos/seed/product-855-img-2/600/600;https://picsum.photos/seed/product-855-img-3/600/600;https://picsum.photos/seed/product-855-img-4/600/600,"Описание товара Чехол Быстрый Pixel-855. Это отличный выбор, если вы ищете чехол. В комплекте 5 фото.",чехол;быстрый,chekhol-bystryy-pixel-855
856,Наушники Флагманский Pixel-856,30422,https://picsum.photos/seed/product-856-img-0/600/600;https://picsum.photos/seed/product-856-img-1/600/600,"Описание товара Наушники Флагманский Pixel-856. Это отличный выбор, если вы ищете наушники. В комплекте 2 фото.",наушники;флагман,naushniki-flagmanskiy-pixel-856
857,Чехол Стильный Pixel-857,29536,https://picsum.photos/seed/product-857-img-0/600/600;https://picsum.photos/seed/product-857-img-1/600/600;https://picsum.photos/seed/product-857-img-2/600/600,"Описание товара Чехол Стильный Pixel-857. Это отличный выбор, если вы ищете чехол. В комплекте 3 фото.",чехол;стильный,chekhol-stilnyy-pixel-857
858,Чехол Стильный Pixel-858,27656,https://picsum.photos/seed/product-858-img-0/600/600;https://picsum.photos/seed/product-858-img-1/600/600,"Описание товара Чехол Стильный Pixel-858. Это отличный выбор, если вы ищете чехол. В комплекте 2 фото.",чехол;стильный,chekhol-stilnyy-pixel-858
859,Смартфон Мощный Pixel-859,29166,https://picsum.photos/seed/product-859-img-0/600/600;https://picsum.photos/seed/product-859-img-1/600/600;https://picsum.photos/seed/product-859-img-2/600/600;https://picsum.photos/seed/product-859-img-3/600/600;https://picsum.photos/seed/product-859-img-4/600/600,"Описание товара Смартфон Мощный Pixel-859. Это отличный выбор, если вы ищете смартфон. В комплекте 5 фото.",смартфон;мощный,smartfon-moshchnyy-pixel-859
860,Ноутбук Флагманский Pixel-860,38532,https://picsum.photos/seed/product-860-img-0/600/600;https://picsum.photos/seed/product-860-img-1/600/600;https://picsum.photos/seed/product-860-img-2/600/600;https://picsum.photos/seed/product-860-img-3/600/600;https://picsum.photos/seed/product-860-img-4/600/600,"Описание товара Ноутбук Флагманский Pixel-860. Это отличный выбор, если вы ищете ноутбук. В комплекте 5 фото.",ноутбук;флагман,noutbuk-flagmanskiy-pixel-860
861,Чехол Мощный Pixel-861,21645,https://picsum.photos/seed/product-861-img-0/600/600;https://picsum.photos/seed/product-861-img-1/600/600;https://picsum.photos/seed/product-861-img-2/600/600;https://picsum.photos/seed/product-861-img-3/600/600;https://picsum.photos/seed/product-861-img-4/600/600,"Описание товара Чехол Мощный Pixel-861. Это отличный выбор, если вы ищете чехол. В комплекте 5 фото.",чехол;мощный,chekhol-moshchnyy-pixel-861
862,Ноутбук Мощный Pixel-862,37711,https://picsum.photos/seed/product-862-img-0/600/600;https://picsum.photos/seed/product-862-img-1/600/600,"Описание товара Ноутбук Мощный Pixel-862. Это отличный выбор, если вы ищете ноутбук. В комплекте 2 фото.",ноутбук;мощный,noutbuk-moshchnyy-pixel-862
863,Часы Мощный Pixel-863,26212,https://picsum.photos/seed/product-863-img-0/600/600;https://picsum.photos/seed/product-863-img-1/600/600;https://picsum.photos/seed/product-863-img-2/600/600,"Описание товара Часы Мощный Pixel-863. Это отличный выбор, если вы ищете часы. В комплекте 3 фото.",часы;мощный,chasy-moshchnyy-pixel-863
864,Наушники Флагманский Pixel-864,19580,https://picsum.photos/seed/product-864-img-0/600/600;https://picsum.photos/seed/product-864-img-1/600/600;https://picsum.photos/seed/product-864-img-2/600/600;https://picsum.photos/seed/product-864-img-3/600/600;https://picsum.photos/seed/product-864-img-4/600/600,"Описание товара Наушники Флагманский Pixel-864. Это отличный выбор, если вы ищете наушники. В комплекте 5 фото.",наушники;флагман,naushniki-flagmanskiy-pixel-864
865,Смартфон Бюджетный Pixel-865,44414,https://picsum.photos/seed/product-865-img-0/600/600;https://picsum.photos/seed/product-865-img-1/600/600;https://picsum.photos/seed/product-865-img-2/600/600,"Описание товара Смартфон Бюджетный Pixel-865. Это отличный выбор, если вы ищете смартфон. В комплекте 3 фото.",смартфон;бюджет,smartfon-byudzhetnyy-pixel-865
866,Часы Стильный Pixel-866,49648,https://picsum.photos/seed/product-866-img-0/600/600;https://picsum.photos/seed/product-866-img-1/600/600,"Описание товара Часы Стильный Pixel-866. Это отличный выбор, если вы ищете часы. В комплекте 2 фото.",часы;стильный,chasy-stilnyy-pixel-866
867,Смартфон Мощный Pixel-867,4746,https://picsum.photos/seed/product-867-img-0/600/600;https://picsum.photos/seed/product-867-img-1/600/600;https://picsum.photos/seed/product-867-img-2/600/600,"Описание товара Смартфон Мощный Pixel-867. Это отличный выбор, если вы ищете смартфон. В комплекте 3 фото.",смартфон;мощный,smartfon-moshchnyy-pixel-867
868,Смартфон Флагманский Pixel-868,2197,https://picsum.photos/seed/product-868-img-0/600/600;https://picsum.photos/seed/product-868-img-1/600/600;https://picsum.photos/seed/product-868-img-2/600/600,"Описание товара Смартфон Флагманский Pixel-868. Это отличный выбор, если вы ищете смартфон. В комплекте 3 фото.",смартфон;флагман,smartfon-flagmanskiy-pixel-868
869,Чехол Флагманский Pixel-869,39357,https://picsum.photos/seed/product-869-img-0/600/600;https://picsum.photos/seed/product-869-img-1/600/600;https://picsum.photos/seed/product-869-img-2/600/600,"Описание товара Чехол Флагманский Pixel-869. Это отличный выбор, если вы ищете чехол. В комплекте 3 фото.",чехол;флагман,chekhol-flagmanskiy-pixel-869
870,Часы Флагманский Pixel-870,30119,https://picsum.photos/seed/product-870-img-0/600/600;https://picsum.photos/seed/product-870-img-1/600/600;https://picsum.photos/seed/product-870-img-2/600/600,"Описание товара Часы Флагманский Pixel-870. Это отличный выбор, если вы ищете часы. В комплекте 3 фото.",часы;флагман,chasy-flagmanskiy-pixel-870
871,Ноутбук Стильный Pixel-871,4167,https://picsum.photos/seed/product-871-img-0/600/600;https://picsum.photos/seed/product-871-img-1/600/600,"Описание товара Ноутбук Стильный Pixel-871. Это отличный выбор, если вы ищете ноутбук. В комплекте 2 фото.",ноутбук;стильный,noutbuk-stilnyy-pixel-871
872,Часы Мощный Pixel-872,38526,https://picsum.photos/seed/product-872-img-0/600/600;https://picsum.photos/seed/product-872-img-1/600/600;https://picsum.photos/seed/product-872-img-2/600/600,"Описание товара Часы Мощный Pixel-872. Это отличный выбор, если вы ищете часы. В комплекте 3 фото.",часы;мощный,chasy-moshchnyy-pixel-872
873,Смартфон Стильный Pixel-873,7815,https://picsum.photos/seed/product-873-img-0/600/600;https://picsum.photos/seed/product-873-img-1/600/600;https://picsum.photos/seed/product-873-img-2/600/600;https://picsum.photos/seed/product-873-img-3/600/600,"Описание товара Смартфон Стильный Pixel-873. Это отличный выбор, если вы ищете смартфон. В комплекте 4 фото.",смартфон;стильный,smartfon-stilnyy-pixel-873
874,Наушники Красный Pixel-874,39048,https://picsum.photos/seed/product-874-img-0/600/600;https://picsum.photos/seed/product-874-img-1/600/600;https://picsum.photos/seed/product-874-img-2/600/600;https://picsum.photos/seed/product-874-img-3/600/600;https://picsum.photos/seed/product-874-img-4/600/600,"Описание товара Наушники Красный Pixel-874. Это отличный выбор, если вы ищете наушники. В комплекте 5 фото.",наушники;красный,naushniki-krasnyy-pixel-874
875,Часы Мощный Pixel-875,32526,https://picsum.photos/seed/product-875-img-0/600/600;https://picsum.photos/seed/product-875-img-1/600/600;https://picsum.photos/seed/product-875-img-2/600/600,"Описание товара Часы Мощный Pixel-875. Это отличный выбор, если вы ищете часы. В комплекте 3 фото.",часы;мощный,chasy-moshchnyy-pixel-875
876,Наушники Стильный Pixel-876,7163,https://picsum.photos/seed/product-876-img-0/600/600;https://picsum.photos/seed/product-876-img-1/600/600,"Описание товара Наушники Стильный Pixel-876. Это отличный выбор, если вы ищете наушники. В комплекте 2 фото.",наушники;стильный,naushniki-stilnyy-pixel-876
877,Ноутбук Бюджетный Pixel-877,10491,https://picsum.photos/seed/product-877-img-0/600/600;https://picsum.photos/seed/product-877-img-1/600/600;https://picsum.photos/seed/product-877-img-2/600/600;https://picsum.photos/seed/product-877-img-3/600/600,"Описание товара Ноутбук Бюджетный Pixel-877. Это отличный выбор, если вы ищете ноутбук. В комплекте 4 фото.",ноутбук;бюджет,noutbuk-byudzhetnyy-pixel-877
878,Часы Флагманский Pixel-878,7561,https://picsum.photos/seed/product-878-img-0/600/600;https://picsum.photos/seed/product-878-img-1/600/600;https://picsum.photos/seed/product-878-img-2/600/600;https://picsum.photos/seed/product-878-img-3/600/600,"Описание товара Часы Флагманский Pixel-878. Это отличный выбор, если вы ищете часы. В комплекте 4 фото.",часы;флагман,chasy-flagmanskiy-pixel-878
879,Ноутбук Быстрый Pixel-879,37702,https://picsum.photos/seed/product-879-img-0/600/600;https://picsum.photos/seed/product-879-img-1/600/600;https://picsum.photos/seed/product-879-img-2/600/600,"Описание товара Ноутбук Быстрый Pixel-879. Это отличный выбор, если вы ищете ноутбук. В комплекте 3 фото.",ноутбук;быстрый,noutbuk-bystryy-pixel-879
880,Наушники Стильный Pixel-880,28580,https://picsum.photos/seed/product-880-img-0/600/600;https://picsum.photos/seed/product-880-img-1/600/600;https://picsum.photos/seed/product-880-img-2/600/600,"Описание товара Наушники Стильный Pixel-880. Это отличный выбор, если вы ищете наушники. В комплекте 3 фото.",наушники;стильный,naushniki-stilnyy-pixel-880
881,Часы Флагманский Pixel-881,12447,https://picsum.photos/seed/product-881-img-0/600/600;https://picsum.photos/seed/product-881-img-1/600/600;https://picsum.photos/seed/product-881-img-2/600/600;https://picsum.photos/seed/product-881-img-3/600/600,"Описание товара Часы Флагманский Pixel-881. Это отличный выбор, если вы ищете часы. В комплекте 4 фото.",часы;флагман,chasy-flagmanskiy-pixel-881
882,Чехол Мощный Pixel-882,41101,https://picsum.photos/seed/product-882-img-0/600/600;https://picsum.photos/seed/product-882-img-1/600/600;https://picsum.photos/seed/product-882-img-2/600/600,"Описание товара Чехол Мощный Pixel-882. Это отличный выбор, если вы ищете чехол. В комплекте 3 фото.",чехол;мощный,chekhol-moshchnyy-pixel-882
883,Чехол Красный Pixel-883,13760,https://picsum.photos/seed/product-883-img-0/600/600;https://picsum.photos/seed/product-883-img-1/600/600;https://picsum.photos/seed/product-883-img-2/600/600;https://picsum.photos/seed/product-883-img-3/600/600;https://picsum.photos/seed/product-883-img-4/600/600,"Описание товара Чехол Красный Pixel-883. Это отличный выбор, если вы ищете чехол. В комплекте 5 фото.",чехол;красный,chekhol-krasnyy-pixel-883
884,Ноутбук Мощный Pixel-884,16299,https://picsum.photos/seed/product-884-img-0/600/600;https://picsum.photos/seed/product-884-img-1/600/600;https://picsum.photos/seed/product-884-img-2/600/600;https://picsum.photos/seed/product-884-img-3/600/600;https://picsum.photos/seed/product-884-img-4/600/600,"Описание товара Ноутбук Мощный Pixel-884. Это отличный выбор, если вы ищете ноутбук. В комплекте 5 фото.",ноутбук;мощный,noutbuk-moshchnyy-pixel-884
885,Ноутбук Мощный Pixel-885,25422,https://picsum.photos/seed/product-885-img-0/600/600;https://picsum.photos/seed/product-885-img-1/600/600;https://picsum.photos/seed/product-885-img-2/600/600;https://picsum.photos/seed/product-885-img-3/600/600,"Описание товара Ноутбук Мощный Pixel-885. Это отличный выбор, если вы ищете ноутбук. В комплекте 4 фото.",ноутбук;мощный,noutbuk-moshchnyy-pixel-885
886,Смартфон Флагманский Pixel-886,7003,https://picsum.photos/seed/product-886-img-0/600/600;https://picsum.photos/seed/product-886-img-1/600/600,"Описание товара Смартфон Флагманский Pixel-886. Это отличный выбор, если вы ищете смартфон. В комплекте 2 фото.",смартфон;флагман,smartfon-flagmanskiy-pixel-886
887,Смартфон Стильный Pixel-887,13192,https://picsum.photos/seed/product-887-img-0/600/600;https://picsum.photos/seed/product-887-img-1/600/600;https://picsum.photos/seed/product-887-img-2/600/600;https://picsum.photos/seed/product-887-img-3/600/600,"Описание товара Смартфон Стильный Pixel-887. Это отличный выбор, если вы ищете смартфон. В комплекте 4 фото.",смартфон;стильный,smartfon-stilnyy-pixel-887
888,Смартфон Флагманский Pixel-888,3514,https://picsum.photos/seed/product-888-img-0/600/600;https://picsum.photos/seed/product-888-img-1/600/600,"Описание товара Смартфон Флагманский Pixel-888. Это отличный выбор, если вы ищете смартфон. В комплекте 2 фото.",смартфон;флагман,smartfon-flagmanskiy-pixel-888
889,Смартфон Бюджетный Pixel-889,12932,https://picsum.photos/seed/product-889-img-0/600/600;https://picsum.photos/seed/product-889-img-1/600/600;https://picsum.photos/seed/product-889-img-2/600/600,"Описание товара Смартфон Бюджетный Pixel-889. Это отличный выбор, если вы ищете смартфон. В комплекте 3 фото.",смартфон;бюджет,smartfon-byudzhetnyy-pixel-889
890,Часы Стильный Pixel-890,40480,https://picsum.photos/seed/product-890-img-0/600/600;https://picsum.photos/seed/product-890-img-1/600/600;https://picsum.photos/seed/product-890-img-2/600/600;https://picsum.photos/seed/product-890-img-3/600/600,"Описание товара Часы Стильный Pixel-890. Это отличный выбор, если вы ищете часы. В комплекте 4 фото.",часы;стильный,chasy-stilnyy-pixel-890
891,Смартфон Быстрый Pixel-891,13811,https://picsum.photos/seed/product-891-img-0/600/600;https://picsum.photos/seed/product-891-img-1/600/600;https://picsum.photos/seed/product-891-img-2/600/600;https://picsum.photos/seed/product-891-img-3/600/600,"Описание товара Смартфон Быстрый Pixel-891. Это отличный выбор, если вы ищете смартфон. В комплекте 4 фото.",смартфон;быстрый,smartfon-bystryy-pixel-891
892,Часы Мощный Pixel-892,28175,https://picsum.photos/seed/product-892-img-0/600/600;https://picsum.photos/seed/product-892-img-1/600/600;https://picsum.photos/seed/product-892-img-2/600/600,"Описание товара Часы Мощный Pixel-892. Это отличный выбор, если вы ищете часы. В комплекте 3 фото.",часы;мощный,chasy-moshchnyy-pixel-892
893,Наушники Стильный Pixel-893,6521,https://picsum.photos/seed/product-893-img-0/600/600;https://picsum.photos/seed/product-893-img-1/600/600,"Описание товара Наушники Стильный Pixel-893. Это отличный выбор, если вы ищете наушники. В комплекте 2 фото.",наушники;стильный,naushniki-stilnyy-pixel-893
894,Чехол Быстрый Pixel-894,1650,https://picsum.photos/seed/product-894-img-0/600/600;https://picsum.photos/seed/product-894-img-1/600/600;https://picsum.photos/seed/product-894-img-2/600/600;https://picsum.photos/seed/product-894-img-3/600/600,"Описание товара Чехол Быстрый Pixel-894. Это отличный выбор, если вы ищете чехол. В комплекте 4 фото.",чехол;быстрый,chekhol-bystryy-pixel-894
895,Часы Бюджетный Pixel-895,17386,https://picsum.photos/seed/product-895-img-0/600/600;https://picsum.photos/seed/product-895-img-1/600/600;https://picsum.photos/seed/product-895-img-2/600/600;https://picsum.photos/seed/product-895-img-3/600/600,"Описание товара Часы Бюджетный Pixel-895. Это отличный выбор, если вы ищете часы. В комплекте 4 фото.",часы;бюджет,chasy-byudzhetnyy-pixel-895
896,Ноутбук Стильный Pixel-896,13358,https://picsum.photos/seed/product-896-img-0/600/600;https://picsum.photos/seed/product-896-img-1/600/600;https://picsum.photos/seed/product-896-img-2/600/600;https://picsum.photos/seed/product-896-img-3/600/600;https://picsum.photos/seed/product-896-img-4/600/600,"Описание товара Ноутбук Стильный Pixel-896. Это отличный выбор, если вы ищете ноутбук. В комплекте 5 фото.",ноутбук;стильный,noutbuk-stilnyy-pixel-896
897,Чехол Красный Pixel-897,47425,https://picsum.photos/seed/product-897-img-0/600/600;https://picsum.photos/seed/product-897-img-1/600/600;https://picsum.photos/seed/product-897-img-2/600/600,"Описание товара Чехол Красный Pixel-897. Это отличный выбор, если вы ищете чехол. В комплекте 3 фото.",чехол;красный,chekhol-krasnyy-pixel-897
898,Часы Бюджетный Pixel-898,17175,https://picsum.photos/seed/product-898-img-0/600/600;https://picsum.photos/seed/product-898-img-1/600/600;https://picsum.photos/seed/product-898-img-2/600/600,"Описание товара Часы Бюджетный Pixel-898. Это отличный выбор, если вы ищете часы. В комплекте 3 фото.",часы;бюджет,chasy-byudzhetnyy-pixel-898
899,Наушники Красный Pixel-899,15113,https://picsum.photos/seed/product-899-img-0/600/600;https://picsum.photos/seed/product-899-img-1/600/600;https://picsum.photos/seed/product-899-img-2/600/600;https://picsum.photos/seed/product-899-img-3/600/600,"Описание товара Наушники Красный Pixel-899. Это отличный выбор, если вы ищете наушники. В комплекте 4 фото.",наушники;красный,naushniki-krasnyy-pixel-899
900,Чехол Красный Pixel-900,28087,https://picsum.photos/seed/product-900-img-0/600/600;https://picsum.photos/seed/product-900-img-1/600/600,"Описание товара Чехол Красный Pixel-900. Это отличный выбор, если вы ищете чехол. В комплекте 2 фото.",чехол;красный,chekhol-krasnyy-pixel-900
901,Часы Бюджетный Pixel-901,5438,https://picsum.photos/seed/product-901-img-0/600/600;https://picsum.photos/seed/product-901-img-1/600/600;https://picsum.photos/seed/product-901-img-2/600/600,"Описание товара Часы Бюджетный Pixel-901. Это отличный выбор, если вы ищете часы. В комплекте 3 фото.",часы;бюджет,chasy-byudzhetnyy-pixel-901
902,Смартфон Флагманский Pixel-902,2839,https://picsum.photos/seed/product-902-img-0/600/600;https://picsum.photos/seed/product-902-img-1/600/600;https://picsum.photos/seed/product-902-img-2/600/600;https://picsum.photos/seed/product-902-img-3/600/600;https://picsum.photos/seed/product-902-img-4/600/600,"Описание товара Смартфон Флагманский Pixel-902. Это отличный выбор, если вы ищете смартфон. В комплекте 5 фото.",смартфон;флагман,smartfon-flagmanskiy-pixel-902
903,Ноутбук Мощный Pixel-903,6906,https://picsum.photos/seed/product-903-img-0/600/600;https://picsum.photos/seed/product-903-img-1/600/600;https://picsum.photos/seed/product-903-img-2/600/600,"Описание товара Ноутбук Мощный Pixel-903. Это отличный выбор, если вы ищете ноутбук. В комплекте 3 фото.",ноутбук;мощный,noutbuk-moshchnyy-pixel-903
904,Чехол Быстрый Pixel-904,10113,https://picsum.photos/seed/product-904-img-0/600/600;https://picsum.photos/seed/product-904-img-1/600/600;https://picsum.photos/seed/product-904-img-2/600/600,"Описание товара Чехол Быстрый Pixel-904. Это отличный выбор, если вы ищете чехол. В комплекте 3 фото.",чехол;быстрый,chekhol-bystryy-pixel-904
905,Чехол Стильный Pixel-905,21225,https://picsum.photos/seed/product-905-img-0/600/600;https://picsum.photos/seed/product-905-img-1/600/600;https://picsum.photos/seed/product-905-img-2/600/600;https://picsum.photos/seed/product-905-img-3/600/600;https://picsum.photos/seed/product-905-img-4/600/600,"Описание товара Чехол Стильный Pixel-905. Это отличный выбор, если вы ищете чехол. В комплекте 5 фото.",чехол;стильный,chekhol-stilnyy-pixel-905
906,Чехол Стильный Pixel-906,35663,https://picsum.photos/seed/product-906-img-0/600/600;https://picsum.photos/seed/product-906-img-1/600/600;https://picsum.photos/seed/product-906-img-2/600/600;https://picsum.photos/seed/product-906-img-3/600/600;https://picsum.photos/seed/product-906-img-4/600/600,"Описание товара Чехол Стильный Pixel-906. Это отличный выбор, если вы ищете чехол. В комплекте 5 фото.",чехол;стильный,chekhol-stilnyy-pixel-906
907,Наушники Бюджетный Pixel-907,48205,https://picsum.photos/seed/product-907-img-0/600/600;https://picsum.photos/seed/product-907-img-1/600/600,"Описание товара Наушники Бюджетный Pixel-907. Это отличный выбор, если вы ищете наушники. В комплекте 2 фото.",наушники;бюджет,naushniki-byudzhetnyy-pixel-907
908,Ноутбук Мощный Pixel-908,6344,https://picsum.photos/seed/product-908-img-0/600/600;https://picsum.photos/seed/product-908-img-1/600/600,"Описание товара Ноутбук Мощный Pixel-908. Это отличный выбор, если вы ищете ноутбук. В комплекте 2 фото.",ноутбук;мощный,noutbuk-moshchnyy-pixel-908
909,Часы Мощный Pixel-909,709,https://picsum.photos/seed/product-909-img-0/600/600;https://picsum.photos/seed/product-909-img-1/600/600;https://picsum.photos/seed/product-909-img-2/600/600;https://picsum.photos/seed/product-909-img-3/600/600,"Описание товара Часы Мощный Pixel-909. Это отличный выбор, если вы ищете часы. В комплекте 4 фото.",часы;мощный,chasy-moshchnyy-pixel-909
910,Чехол Мощный Pixel-910,22697,https://picsum.photos/seed/product-910-img-0/600/600;https://picsum.photos/seed/product-910-img-1/600/600;https://picsum.photos/seed/product-910-img-2/600/600,"Описание товара Чехол Мощный Pixel-910. Это отличный выбор, если вы ищете чехол. В комплекте 3 фото.",чехол;мощный,chekhol-moshchnyy-pixel-910
911,Чехол Стильный Pixel-911,12086,https://picsum.photos/seed/product-911-img-0/600/600;https://picsum.photos/seed/product-911-img-1/600/600;https://picsum.photos/seed/product-911-img-2/600/600;https://picsum.photos/seed/product-911-img-3/600/600;https://picsum.photos/seed/product-911-img-4/600/600,"Описание товара Чехол Стильный Pixel-911. Это отличный выбор, если вы ищете чехол. В комплекте 5 фото.",чехол;стильный,chekhol-stilnyy-pixel-911
912,Наушники Красный Pixel-912,1517,https://picsum.photos/seed/product-912-img-0/600/600;https://picsum.photos/seed/product-912-img-1/600/600;https://picsum.photos/seed/product-912-img-2/600/600;https://picsum.photos/seed/product-912-img-3/600/600,"Описание товара Наушники Красный Pixel-912. Это отличный выбор, если вы ищете наушники. В комплекте 4 фото.",наушники;красный,naushniki-krasnyy-pixel-912
913,Смартфон Бюджетный Pixel-913,32492,https://picsum.photos/seed/product-913-img-0/600/600;https://picsum.photos/seed/product-913-img-1/600/600;https://picsum.photos/seed/product-913-img-2/600/600;https://picsum.photos/seed/product-913-img-3/600/600;https://picsum.photos/seed/product-913-img-4/600/600,"Описание товара Смартфон Бюджетный Pixel-913. Это отличный выбор, если вы ищете смартфон. В комплекте 5 фото.",смартфон;бюджет,smartfon-byudzhetnyy-pixel-913
914,Ноутбук Быстрый Pixel-914,46677,https://picsum.photos/seed/product-914-img-0/600/600;https://picsum.photos/seed/product-914-img-1/600/600;https://picsum.photos/seed/product-914-img-2/600/600;https://picsum.photos/seed/product-914-img-3/600/600,"Описание товара Ноутбук Быстрый Pixel-914. Это отличный выбор, если вы ищете ноутбук. В комплекте 4 фото.",ноутбук;быстрый,noutbuk-bystryy-pixel-914
915,Смартфон Быстрый Pixel-915,23823,https://picsum.photos/seed/product-915-img-0/600/600;https://picsum.photos/seed/product-915-img-1/600/600;https://picsum.photos/seed/product-915-img-2/600/600,"Описание товара Смартфон Быстрый Pixel-915. Это отличный выбор, если вы ищете смартфон. В комплекте 3 фото.",смартфон;быстрый,smartfon-bystryy-pixel-915
916,Ноутбук Быстрый Pixel-916,13065,https://picsum.photos/seed/product-916-img-0/600/600;https://picsum.photos/seed/product-916-img-1/600/600;https://picsum.photos/seed/product-916-img-2/600/600;https://picsum.photos/seed/product-916-img-3/600/600,"Описание товара Ноутбук Быстрый Pixel-916. Это отличный выбор, если вы ищете ноутбук. В комплекте 4 фото.",ноутбук;быстрый,noutbuk-bystryy-pixel-916
917,Наушники Стильный Pixel-917,25377,https://picsum.photos/seed/product-917-img-0/600/600;https://picsum.photos/seed/product-917-img-1/600/600;https://picsum.photos/seed/product-917-img-2/600/600;https://picsum.photos/seed/product-917-img-3/600/600;https://picsum.photos/seed/product-917-img-4/600/600,"Описание товара Наушники Стильный Pixel-917. Это отличный выбор, если вы ищете наушники. В комплекте 5 фото.",наушники;стильный,naushniki-stilnyy-pixel-917
918,Наушники Быстрый Pixel-918,47191,https://picsum.photos/seed/product-918-img-0/600/600;https://picsum.photos/seed/product-918-img-1/600/600;https://picsum.photos/seed/product-918-img-2/600/600;https://picsum.photos/seed/product-918-img-3/600/600,"Описание товара Наушники Быстрый Pixel-918. Это отличный выбор, если вы ищете наушники. В комплекте 4 фото.",наушники;быстрый,naushniki-bystryy-pixel-918
919,Ноутбук Стильный Pixel-919,43714,https://picsum.photos/seed/product-919-img-0/600/600;https://picsum.photos/seed/product-919-img-1/600/600;https://picsum.photos/seed/product-919-img-2/600/600;https://picsum.photos/seed/product-919-img-3/600/600,"Описание товара Ноутбук Стильный Pixel-919. Это отличный выбор, если вы ищете ноутбук. В комплекте 4 фото.",ноутбук;стильный,noutbuk-stilnyy-pixel-919
920,Чехол Стильный Pixel-920,4353,https://picsum.photos/seed/product-920-img-0/600/600;https://picsum.photos/seed/product-920-img-1/600/600,"Описание товара Чехол Стильный Pixel-920. Это отличный выбор, если вы ищете чехол. В комплекте 2 фото.",чехол;стильный,chekhol-stilnyy-pixel-920
921,Смартфон Бюджетный Pixel-921,10026,https://picsum.photos/seed/product-921-img-0/600/600;https://picsum.photos/seed/product-921-img-1/600/600,"Описание товара Смартфон Бюджетный Pixel-921. Это отличный выбор, если вы ищете смартфон. В комплекте 2 фото.",смартфон;бюджет,smartfon-byudzhetnyy-pixel-921
922,Смартфон Мощный Pixel-922,7305,https://picsum.photos/seed/product-922-img-0/600/600;https://picsum.photos/seed/product-922-img-1/600/600;https://picsum.photos/seed/product-922-img-2/600/600,"Описание товара Смартфон Мощный Pixel-922. Это отличный выбор, если вы ищете смартфон. В комплекте 3 фото.",смартфон;мощный,smartfon-moshchnyy-pixel-922
923,Чехол Бюджетный Pixel-923,2281,https://picsum.photos/seed/product-923-img-0/600/600;https://picsum.photos/seed/product-923-img-1/600/600;https://picsum.photos/seed/product-923-img-2/600/600,"Описание товара Чехол Бюджетный Pixel-923. Это отличный выбор, если вы ищете чехол. В комплекте 3 фото.",чехол;бюджет,chekhol-byudzhetnyy-pixel-923
924,Чехол Красный Pixel-924,41043,https://picsum.photos/seed/product-924-img-0/600/600;https://picsum.photos/seed/product-924-img-1/600/600;https://picsum.photos/seed/product-924-img-2/600/600,"Описание товара Чехол Красный Pixel-924. Это отличный выбор, если вы ищете чехол. В комплекте 3 фото.",чехол;красный,chekhol-krasnyy-pixel-924
925,Смартфон Быстрый Pixel-925,35072,https://picsum.photos/seed/product-925-img-0/600/600;https://picsum.photos/seed/product-925-img-1/600/600;https://picsum.photos/seed/product-925-img-2/600/600,"Описание товара Смартфон Быстрый Pixel-925. Это отличный выбор, если вы ищете смартфон. В комплекте 3 фото.",смартфон;быстрый,smartfon-bystryy-pixel-925
926,Ноутбук Красный Pixel-926,43416,https://picsum.photos/seed/product-926-img-0/600/600;https://picsum.photos/seed/product-926-img-1/600/600;https://picsum.photos/seed/product-926-img-2/600/600;https://picsum.photos/seed/product-926-img-3/600/600;https://picsum.photos/seed/product-926-img-4/600/600,"Описание товара Ноутбук Красный Pixel-926. Это отличный выбор, если вы ищете ноутбук. В комплекте 5 фото.",ноутбук;красный,noutbuk-krasnyy-pixel-926
927,Чехол Бюджетный Pixel-927,40196,https://picsum.photos/seed/product-927-img-0/600/600;https://picsum.photos/seed/product-927-img-1/600/600,"Описание товара Чехол Бюджетный Pixel-927. Это отличный выбор, если вы ищете чехол. В комплекте 2 фото.",чехол;бюджет,chekhol-byudzhetnyy-pixel-927
928,Часы Красный Pixel-928,18102,https://picsum.photos/seed/product-928-img-0/600/600;https://picsum.photos/seed/product-928-img-1/600/600,"Описание товара Часы Красный Pixel-928. Это отличный выбор, если вы ищете часы. В комплекте 2 фото.",часы;красный,chasy-krasnyy-pixel-928
929,Чехол Бюджетный Pixel-929,181,https://picsum.photos/seed/product-929-img-0/600/600;https://picsum.photos/seed/product-929-img-1/600/600;https://picsum.photos/seed/product-929-img-2/600/600,"Описание товара Чехол Бюджетный Pixel-929. Это отличный выбор, если вы ищете чехол. В комплекте 3 фото.",чехол;бюджет,chekhol-byudzhetnyy-pixel-929
930,Ноутбук Красный Pixel-930,10117,https://picsum.photos/seed/product-930-img-0/600/600;https://picsum.photos/seed/product-930-img-1/600/600;https://picsum.photos/seed/product-930-img-2/600/600;https://picsum.photos/seed/product-930-img-3/600/600,"Описание товара Ноутбук Красный Pixel-930. Это отличный выбор, если вы ищете ноутбук. В комплекте 4 фото.",ноутбук;красный,noutbuk-krasnyy-pixel-930
931,Чехол Быстрый Pixel-931,7735,https://picsum.photos/seed/product-931-img-0/600/600;https://picsum.photos/seed/product-931-img-1/600/600;https://picsum.photos/seed/product-931-img-2/600/600;https://picsum.photos/seed/product-931-img-3/600/600;https://picsum.photos/seed/product-931-img-4/600/600,"Описание товара Чехол Быстрый Pixel-931. Это отличный выбор, если вы ищете чехол. В комплекте 5 фото.",чехол;быстрый,chekhol-bystryy-pixel-931
932,Часы Стильный Pixel-932,18255,https://picsum.photos/seed/product-932-img-0/600/600;https://picsum.photos/seed/product-932-img-1/600/600,"Описание товара Часы Стильный Pixel-932. Это отличный выбор, если вы ищете часы. В комплекте 2 фото.",часы;стильный,chasy-stilnyy-pixel-932
933,Смартфон Стильный Pixel-933,4185,https://picsum.photos/seed/product-933-img-0/600/600;https://picsum.photos/seed/product-933-img-1/600/600;https://picsum.photos/seed/product-933-img-2/600/600;https://picsum.photos/seed/product-933-img-3/600/600,"Описание товара Смартфон Стильный Pixel-933. Это отличный выбор, если вы ищете смартфон. В комплекте 4 фото.",смартфон;стильный,smartfon-stilnyy-pixel-933
934,Чехол Быстрый Pixel-934,10258,https://picsum.photos/seed/product-934-img-0/600/600;https://picsum.photos/seed/product-934-img-1/600/600;https://picsum.photos/seed/product-934-img-2/600/600;https://picsum.photos/seed/product-934-img-3/600/600;https://picsum.photos/seed/product-934-img-4/600/600,"Описание товара Чехол Быстрый Pixel-934. Это отличный выбор, если вы ищете чехол. В комплекте 5 фото.",чехол;быстрый,chekhol-bystryy-pixel-934
935,Наушники Быстрый Pixel-935,685,https://picsum.photos/seed/product-935-img-0/600/600;https://picsum.photos/seed/product-935-img-1/600/600,"Описание товара Наушники Быстрый Pixel-935. Это отличный выбор, если вы ищете наушники. В комплекте 2 фото.",наушники;быстрый,naushniki-bystryy-pixel-935
936,Смартфон Быстрый Pixel-936,42428,https://picsum.photos/seed/product-936-img-0/600/600;https://picsum.photos/seed/product-936-img-1/600/600;https://picsum.photos/seed/product-936-img-2/600/600;https://picsum.photos/seed/product-936-img-3/600/600;https://picsum.photos/seed/product-936-img-4/600/600,"Описание товара Смартфон Быстрый Pixel-936. Это отличный выбор, если вы ищете смартфон. В комплекте 5 фото.",смартфон;быстрый,smartfon-bystryy-pixel-936
937,Смартфон Быстрый Pixel-937,6252,https://picsum.photos/seed/product-937-img-0/600/600;https://picsum.photos/seed/product-937-img-1/600/600,"Описание товара Смартфон Быстрый Pixel-937. Это отличный выбор, если вы ищете смартфон. В комплекте 2 фото.",смартфон;быстрый,smartfon-bystryy-pixel-937
938,Чехол Мощный Pixel-938,28935,https://picsum.photos/seed/product-938-img-0/600/600;https://picsum.photos/seed/product-938-img-1/600/600;https://picsum.photos/seed/product-938-img-2/600/600;https://picsum.photos/seed/product-938-img-3/600/600,"Описание товара Чехол Мощный Pixel-938. Это отличный выбор, если вы ищете чехол. В комплекте 4 фото.",чехол;мощный,chekhol-moshchnyy-pixel-938
939,Смартфон Флагманский Pixel-939,43726,https://picsum.photos/seed/product-939-img-0/600/600;https://picsum.photos/seed/product-939-img-1/600/600,"Описание товара Смартфон Флагманский Pixel-939. Это отличный выбор, если вы ищете смартфон. В комплекте 2 фото.",смартфон;флагман,smartfon-flagmanskiy-pixel-939
940,Смартфон Флагманский Pixel-940,47401,https://picsum.photos/seed/product-940-img-0/600/600;https://picsum.photos/seed/product-940-img-1/600/600,"Описание товара Смартфон Флагманский Pixel-940. Это отличный выбор, если вы ищете смартфон. В комплекте 2 фото.",смартфон;флагман,smartfon-flagmanskiy-pixel-940
941,Часы Красный Pixel-941,32870,https://picsum.photos/seed/product-941-img-0/600/600;https://picsum.photos/seed/product-941-img-1/600/600,"Описание товара Часы Красный Pixel-941. Это отличный выбор, если вы ищете часы. В комплекте 2 фото.",часы;красный,chasy-krasnyy-pixel-941
942,Ноутбук Красный Pixel-942,36843,https://picsum.photos/seed/product-942-img-0/600/600;https://picsum.photos/seed/product-942-img-1/600/600;https://picsum.photos/seed/product-942-img-2/600/600,"Описание товара Ноутбук Красный Pixel-942. Это отличный выбор, если вы ищете ноутбук. В комплекте 3 фото.",ноутбук;красный,noutbuk-krasnyy-pixel-942
943,Наушники Красный Pixel-943,22011,https://picsum.photos/seed/product-943-img-0/600/600;https://picsum.photos/seed/product-943-img-1/600/600,"Описание товара Наушники Красный Pixel-943. Это отличный выбор, если вы ищете наушники. В комплекте 2 фото.",наушники;красный,naushniki-krasnyy-pixel-943
944,Смартфон Флагманский Pixel-944,18415,https://picsum.photos/seed/product-944-img-0/600/600;https://picsum.photos/seed/product-944-img-1/600/600;https://picsum.photos/seed/product-944-img-2/600/600,"Описание товара Смартфон Флагманский Pixel-944. Это отличный выбор, если вы ищете смартфон. В комплекте 3 фото.",смартфон;флагман,smartfon-flagmanskiy-pixel-944
945,Смартфон Флагманский Pixel-945,26013,https://picsum.photos/seed/product-945-img-0/600/600;https://picsum.photos/seed/product-945-img-1/600/600;https://picsum.photos/seed/product-945-img-2/600/600;https://picsum.photos/seed/product-945-img-3/600/600;https://picsum.photos/seed/product-945-img-4/600/600,"Описание товара Смартфон Флагманский Pixel-945. Это отличный выбор, если вы ищете смартфон. В комплекте 5 фото.",смартфон;флагман,smartfon-flagmanskiy-pixel-945
946,Смартфон Мощный Pixel-946,45191,https://picsum.photos/seed/product-946-img-0/600/600;https://picsum.photos/seed/product-946-img-1/600/600,"Описание товара Смартфон Мощный Pixel-946. Это отличный выбор, если вы ищете смартфон. В комплекте 2 фото.",смартфон;мощный,smartfon-moshchnyy-pixel-946
947,Ноутбук Быстрый Pixel-947,14049,https://picsum.photos/seed/product-947-img-0/600/600;https://picsum.photos/seed/product-947-img-1/600/600;https://picsum.photos/seed/product-947-img-2/600/600,"Описание товара Ноутбук Быстрый Pixel-947. Это отличный выбор, если вы ищете ноутбук. В комплекте 3 фото.",ноутбук;быстрый,noutbuk-bystryy-pixel-947
948,Чехол Флагманский Pixel-948,30927,https://picsum.photos/seed/product-948-img-0/600/600;https://picsum.photos/seed/product-948-img-1/600/600;https://picsum.photos/seed/product-948-img-2/600/600;https://picsum.photos/seed/product-948-img-3/600/600,"Описание товара Чехол Флагманский Pixel-948. Это отличный выбор, если вы ищете чехол. В комплекте 4 фото.",чехол;флагман,chekhol-flagmanskiy-pixel-948
949,Часы Стильный Pixel-949,30519,https://picsum.photos/seed/product-949-img-0/600/600;https://picsum.photos/seed/product-949-img-1/600/600;https://picsum.photos/seed/product-949-img-2/600/600;https://picsum.photos/seed/product-949-img-3/600/600;https://picsum.photos/seed/product-949-img-4/600/600,"Описание товара Часы Стильный Pixel-949. Это отличный выбор, если вы ищете часы. В комплекте 5 фото.",часы;стильный,chasy-stilnyy-pixel-949
950,Наушники Стильный Pixel-950,23886,https://picsum.photos/seed/product-950-img-0/600/600;https://picsum.photos/seed/product-950-img-1/600/600;https://picsum.photos/seed/product-950-img-2/600/600;https://picsum.photos/seed/product-950-img-3/600/600;https://picsum.photos/seed/product-950-img-4/600/600,"Описание товара Наушники Стильный Pixel-950. Это отличный выбор, если вы ищете наушники. В комплекте 5 фото.",наушники;стильный,naushniki-stilnyy-pixel-950
951,Часы Красный Pixel-951,27442,https://picsum.photos/seed/product-951-img-0/600/600;https://picsum.photos/seed/product-951-img-1/600/600;https://picsum.photos/seed/product-951-img-2/600/600;https://picsum.photos/seed/product-951-img-3/600/600,"Описание товара Часы Красный Pixel-951. Это отличный выбор, если вы ищете часы. В комплекте 4 фото.",часы;красный,chasy-krasnyy-pixel-951
952,Ноутбук Бюджетный Pixel-952,23764,https://picsum.photos/seed/product-952-img-0/600/600;https://picsum.photos/seed/product-952-img-1/600/600;https://picsum.photos/seed/product-952-img-2/600/600;https://picsum.photos/seed/product-952-img-3/600/600;https://picsum.photos/seed/product-952-img-4/600/600,"Описание товара Ноутбук Бюджетный Pixel-952. Это отличный выбор, если вы ищете ноутбук. В комплекте 5 фото.",ноутбук;бюджет,noutbuk-byudzhetnyy-pixel-952
953,Наушники Бюджетный Pixel-953,27583,https://picsum.photos/seed/product-953-img-0/600/600;https://picsum.photos/seed/product-953-img-1/600/600;https://picsum.photos/seed/product-953-img-2/600/600;https://picsum.photos/seed/product-953-img-3/600/600;https://picsum.photos/seed/product-953-img-4/600/600,"Описание товара Наушники Бюджетный Pixel-953. Это отличный выбор, если вы ищете наушники. В комплекте 5 фото.",наушники;бюджет,naushniki-byudzhetnyy-pixel-953
954,Часы Красный Pixel-954,37332,https://picsum.photos/seed/product-954-img-0/600/600;https://picsum.photos/seed/product-954-img-1/600/600,"Описание товара Часы Красный Pixel-954. Это отличный выбор, если вы ищете часы. В комплекте 2 фото.",часы;красный,chasy-krasnyy-pixel-954
955,Наушники Стильный Pixel-955,44247,https://picsum.photos/seed/product-955-img-0/600/600;https://picsum.photos/seed/product-955-img-1/600/600,"Описание товара Наушники Стильный Pixel-955. Это отличный выбор, если вы ищете наушники. В комплекте 2 фото.",наушники;стильный,naushniki-stilnyy-pixel-955
956,Ноутбук Бюджетный Pixel-956,11889,https://picsum.photos/seed/product-956-img-0/600/600;https://picsum.photos/seed/product-956-img-1/600/600;https://picsum.photos/seed/product-956-img-2/600/600;https://picsum.photos/seed/product-956-img-3/600/600;https://picsum.photos/seed/product-956-img-4/600/600,"Описание товара Ноутбук Бюджетный Pixel-956. Это отличный выбор, если вы ищете ноутбук. В комплекте 5 фото.",ноутбук;бюджет,noutbuk-byudzhetnyy-pixel-956
957,Ноутбук Флагманский Pixel-957,42197,https://picsum.photos/seed/product-957-img-0/600/600;https://picsum.photos/seed/product-957-img-1/600/600;https://picsum.photos/seed/product-957-img-2/600/600;https://picsum.photos/seed/product-957-img-3/600/600;https://picsum.photos/seed/product-957-img-4/600/600,"Описание товара Ноутбук Флагманский Pixel-957. Это отличный выбор, если вы ищете ноутбук. В комплекте 5 фото.",ноутбук;флагман,noutbuk-flagmanskiy-pixel-957
958,Часы Красный Pixel-958,6229,https://picsum.photos/seed/product-958-img-0/600/600;https://picsum.photos/seed/product-958-img-1/600/600;https://picsum.photos/seed/product-958-img-2/600/600;https://picsum.photos/seed/product-958-img-3/600/600,"Описание товара Часы Красный Pixel-958. Это отличный выбор, если вы ищете часы. В комплекте 4 фото.",часы;красный,chasy-krasnyy-pixel-958
959,Чехол Красный Pixel-959,27510,https://picsum.photos/seed/product-959-img-0/600/600;https://picsum.photos/seed/product-959-img-1/600/600;https://picsum.photos/seed/product-959-img-2/600/600,"Описание товара Чехол Красный Pixel-959. Это отличный выбор, если вы ищете чехол. В комплекте 3 фото.",чехол;красный,chekhol-krasnyy-pixel-959
960,Часы Мощный Pixel-960,18503,https://picsum.photos/seed/product-960-img-0/600/600;https://picsum.photos/seed/product-960-img-1/600/600;https://picsum.photos/seed/product-960-img-2/600/600,"Описание товара Часы Мощный Pixel-960. Это отличный выбор, если вы ищете часы. В комплекте 3 фото.",часы;мощный,chasy-moshchnyy-pixel-960
961,Чехол Флагманский Pixel-961,22097,https://picsum.photos/seed/product-961-img-0/600/600;https://picsum.photos/seed/product-961-img-1/600/600;https://picsum.photos/seed/product-961-img-2/600/600;https://picsum.photos/seed/product-961-img-3/600/600;https://picsum.photos/seed/product-961-img-4/600/600,"Описание товара Чехол Флагманский Pixel-961. Это отличный выбор, если вы ищете чехол. В комплекте 5 фото.",чехол;флагман,chekhol-flagmanskiy-pixel-961
962,Часы Мощный Pixel-962,42644,https://picsum.photos/seed/product-962-img-0/600/600;https://picsum.photos/seed/product-962-img-1/600/600;https://picsum.photos/seed/product-962-img-2/600/600;https://picsum.photos/seed/product-962-img-3/600/600;https://picsum.photos/seed/product-962-img-4/600/600,"Описание товара Часы Мощный Pixel-962. Это отличный выбор, если вы ищете часы. В комплекте 5 фото.",часы;мощный,chasy-moshchnyy-pixel-962
963,Чехол Быстрый Pixel-963,1720,https://picsum.photos/seed/product-963-img-0/600/600;https://picsum.photos/seed/product-963-img-1/600/600;https://picsum.photos/seed/product-963-img-2/600/600;https://picsum.photos/seed/product-963-img-3/600/600;https://picsum.photos/seed/product-963-img-4/600/600,"Описание товара Чехол Быстрый Pixel-963. Это отличный выбор, если вы ищете чехол. В комплекте 5 фото.",чехол;быстрый,chekhol-bystryy-pixel-963
964,Смартфон Мощный Pixel-964,41996,https://picsum.photos/seed/product-964-img-0/600/600;https://picsum.photos/seed/product-964-img-1/600/600;https://picsum.photos/seed/product-964-img-2/600/600;https://picsum.photos/seed/product-964-img-3/600/600;https://picsum.photos/seed/product-964-img-4/600/600,"Описание товара Смартфон Мощный Pixel-964. Это отличный выбор, если вы ищете смартфон. В комплекте 5 фото.",смартфон;мощный,smartfon-moshchnyy-pixel-964
965,Чехол Бюджетный Pixel-965,32150,https://picsum.photos/seed/product-965-img-0/600/600;https://picsum.photos/seed/product-965-img-1/600/600;https://picsum.photos/seed/product-965-img-2/600/600;https://picsum.photos/seed/product-965-img-3/600/600;https://picsum.photos/seed/product-965-img-4/600/600,"Описание товара Чехол Бюджетный Pixel-965. Это отличный выбор, если вы ищете чехол. В комплекте 5 фото.",чехол;бюджет,chekhol-byudzhetnyy-pixel-965
966,Ноутбук Быстрый Pixel-966,44702,https://picsum.photos/seed/product-966-img-0/600/600;https://picsum.photos/seed/product-966-img-1/600/600;https://picsum.photos/seed/product-966-img-2/600/600;https://picsum.photos/seed/product-966-img-3/600/600;https://picsum.photos/seed/product-966-img-4/600/600,"Описание товара Ноутбук Быстрый Pixel-966. Это отличный выбор, если вы ищете ноутбук. В комплекте 5 фото.",ноутбук;быстрый,noutbuk-bystryy-pixel-966
967,Наушники Быстрый Pixel-967,4893,https://picsum.photos/seed/product-967-img-0/600/600;https://picsum.photos/seed/product-967-img-1/600/600;https://picsum.photos/seed/product-967-img-2/600/600;https://picsum.photos/seed/product-967-img-3/600/600;https://picsum.photos/seed/product-967-img-4/600/600,"Описание товара Наушники Быстрый Pixel-967. Это отличный выбор, если вы ищете наушники. В комплекте 5 фото.",наушники;быстрый,naushniki-bystryy-pixel-967
968,Смартфон Быстрый Pixel-968,39050,https://picsum.photos/seed/product-968-img-0/600/600;https://picsum.photos/seed/product-968-img-1/600/600;https://picsum.photos/seed/product-968-img-2/600/600,"Описание товара Смартфон Быстрый Pixel-968. Это отличный выбор, если вы ищете смартфон. В комплекте 3 фото.",смартфон;быстрый,smartfon-bystryy-pixel-968
969,Ноутбук Стильный Pixel-969,44873,https://picsum.photos/seed/product-969-img-0/600/600;https://picsum.photos/seed/product-969-img-1/600/600,"Описание товара Ноутбук Стильный Pixel-969. Это отличный выбор, если вы ищете ноутбук. В комплекте 2 фото.",ноутбук;стильный,noutbuk-stilnyy-pixel-969
970,Смартфон Быстрый Pixel-970,11389,https://picsum.photos/seed/product-970-img-0/600/600;https://picsum.photos/seed/product-970-img-1/600/600;https://picsum.photos/seed/product-970-img-2/600/600;https://picsum.photos/seed/product-970-img-3/600/600,"Описание товара Смартфон Быстрый Pixel-970. Это отличный выбор, если вы ищете смартфон. В комплекте 4 фото.",смартфон;быстрый,smartfon-bystryy-pixel-970
971,Часы Бюджетный Pixel-971,42580,https://picsum.photos/seed/product-971-img-0/600/600;https://picsum.photos/seed/product-971-img-1/600/600;https://picsum.photos/seed/product-971-img-2/600/600,"Описание товара Часы Бюджетный Pixel-971. Это отличный выбор, если вы ищете часы. В комплекте 3 фото.",часы;бюджет,chasy-byudzhetnyy-pixel-971
972,Часы Быстрый Pixel-972,22767,https://picsum.photos/seed/product-972-img-0/600/600;https://picsum.photos/seed/product-972-img-1/600/600;https://picsum.photos/seed/product-972-img-2/600/600;https://picsum.photos/seed/product-972-img-3/600/600;https://picsum.photos/seed/product-972-img-4/600/600,"Описание товара Часы Быстрый Pixel-972. Это отличный выбор, если вы ищете часы. В комплекте 5 фото.",часы;быстрый,chasy-bystryy-pixel-972
973,Наушники Флагманский Pixel-973,5944,https://picsum.photos/seed/product-973-img-0/600/600;https://picsum.photos/seed/product-973-img-1/600/600,"Описание товара Наушники Флагманский Pixel-973. Это отличный выбор, если вы ищете наушники. В комплекте 2 фото.",наушники;флагман,naushniki-flagmanskiy-pixel-973
974,Смартфон Бюджетный Pixel-974,37837,https://picsum.photos/seed/product-974-img-0/600/600;https://picsum.photos/seed/product-974-img-1/600/600;https://picsum.photos/seed/product-974-img-2/600/600;https://picsum.photos/seed/product-974-img-3/600/600;https://picsum.photos/seed/product-974-img-4/600/600,"Описание товара Смартфон Бюджетный Pixel-974. Это отличный выбор, если вы ищете смартфон. В комплекте 5 фото.",смартфон;бюджет,smartfon-byudzhetnyy-pixel-974
975,Наушники Красный Pixel-975,35297,https://picsum.photos/seed/product-975-img-0/600/600;https://picsum.photos/seed/product-975-img-1/600/600;https://picsum.photos/seed/product-975-img-2/600/600;https://picsum.photos/seed/product-975-img-3/600/600,"Описание товара Наушники Красный Pixel-975. Это отличный выбор, если вы ищете наушники. В комплекте 4 фото.",наушники;красный,naushniki-krasnyy-pixel-975
976,Часы Мощный Pixel-976,23158,https://picsum.photos/seed/product-976-img-0/600/600;https://picsum.photos/seed/product-976-img-1/600/600;https://picsum.photos/seed/product-976-img-2/600/600;https://picsum.photos/seed/product-976-img-3/600/600,"Описание товара Часы Мощный Pixel-976. Это отличный выбор, если вы ищете часы. В комплекте 4 фото.",часы;мощный,chasy-moshchnyy-pixel-976
977,Ноутбук Быстрый Pixel-977,35114,https://picsum.photos/seed/product-977-img-0/600/600;https://picsum.photos/seed/product-977-img-1/600/600,"Описание товара Ноутбук Быстрый Pixel-977. Это отличный выбор, если вы ищете ноутбук. В комплекте 2 фото.",ноутбук;быстрый,noutbuk-bystryy-pixel-977
978,Наушники Бюджетный Pixel-978,6200,https://picsum.photos/seed/product-978-img-0/600/600;https://picsum.photos/seed/product-978-img-1/600/600;https://picsum.photos/seed/product-978-img-2/600/600;https://picsum.photos/seed/product-978-img-3/600/600;https://picsum.photos/seed/product-978-img-4/600/600,"Описание товара Наушники Бюджетный Pixel-978. Это отличный выбор, если вы ищете наушники. В комплекте 5 фото.",наушники;бюджет,naushniki-byudzhetnyy-pixel-978
979,Ноутбук Красный Pixel-979,5637,https://picsum.photos/seed/product-979-img-0/600/600;https://picsum.photos/seed/product-979-img-1/600/600;https://picsum.photos/seed/product-979-img-2/600/600,"Описание товара Ноутбук Красный Pixel-979. Это отличный выбор, если вы ищете ноутбук. В комплекте 3 фото.",ноутбук;красный,noutbuk-krasnyy-pixel-979
980,Чехол Бюджетный Pixel-980,33599,https://picsum.photos/seed/product-980-img-0/600/600;https://picsum.photos/seed/product-980-img-1/600/600;https://picsum.photos/seed/product-980-img-2/600/600,"Описание товара Чехол Бюджетный Pixel-980. Это отличный выбор, если вы ищете чехол. В комплекте 3 фото.",чехол;бюджет,chekhol-byudzhetnyy-pixel-980
981,Наушники Бюджетный Pixel-981,45601,https://picsum.photos/seed/product-981-img-0/600/600;https://picsum.photos/seed/product-981-img-1/600/600;https://picsum.photos/seed/product-981-img-2/600/600;https://picsum.photos/seed/product-981-img-3/600/600,"Описание товара Наушники Бюджетный Pixel-981. Это отличный выбор, если вы ищете наушники. В комплекте 4 фото.",наушники;бюджет,naushniki-byudzhetnyy-pixel-981
982,Наушники Красный Pixel-982,371,https://picsum.photos/seed/product-982-img-0/600/600;https://picsum.photos/seed/product-982-img-1/600/600;https://picsum.photos/seed/product-982-img-2/600/600;https://picsum.photos/seed/product-982-img-3/600/600;https://picsum.photos/seed/product-982-img-4/600/600,"Описание товара Наушники Красный Pixel-982. Это отличный выбор, если вы ищете наушники. В комплекте 5 фото.",наушники;красный,naushniki-krasnyy-pixel-982
983,Чехол Бюджетный Pixel-983,4712,https://picsum.photos/seed/product-983-img-0/600/600;https://picsum.photos/seed/product-983-img-1/600/600;https://picsum.photos/seed/product-983-img-2/600/600;https://picsum.photos/seed/product-983-img-3/600/600,"Описание товара Чехол Бюджетный Pixel-983. Это отличный выбор, если вы ищете чехол. В комплекте 4 фото.",чехол;бюджет,chekhol-byudzhetnyy-pixel-983
984,Ноутбук Красный Pixel-984,2783,https://picsum.photos/seed/product-984-img-0/600/600;https://picsum.photos/seed/product-984-img-1/600/600,"Описание товара Ноутбук Красный Pixel-984. Это отличный выбор, если вы ищете ноутбук. В комплекте 2 фото.",ноутбук;красный,noutbuk-krasnyy-pixel-984
985,Часы Мощный Pixel-985,39018,https://picsum.photos/seed/product-985-img-0/600/600;https://picsum.photos/seed/product-985-img-1/600/600,"Описание товара Часы Мощный Pixel-985. Это отличный выбор, если вы ищете часы. В комплекте 2 фото.",часы;мощный,chasy-moshchnyy-pixel-985
986,Часы Мощный Pixel-986,512,https://picsum.photos/seed/product-986-img-0/600/600;https://picsum.photos/seed/product-986-img-1/600/600,"Описание товара Часы Мощный Pixel-986. Это отличный выбор, если вы ищете часы. В комплекте 2 фото.",часы;мощный,chasy-moshchnyy-pixel-986
987,Наушники Быстрый Pixel-987,40141,https://picsum.photos/seed/product-987-img-0/600/600;https://picsum.photos/seed/product-987-img-1/600/600,"Описание товара Наушники Быстрый Pixel-987. Это отличный выбор, если вы ищете наушники. В комплекте 2 фото.",наушники;быстрый,naushniki-bystryy-pixel-987
988,Часы Красный Pixel-988,40869,https://picsum.photos/seed/product-988-img-0/600/600;https://picsum.photos/seed/product-988-img-1/600/600;https://picsum.photos/seed/product-988-img-2/600/600;https://picsum.photos/seed/product-988-img-3/600/600;https://picsum.photos/seed/product-988-img-4/600/600,"Описание товара Часы Красный Pixel-988. Это отличный выбор, если вы ищете часы. В комплекте 5 фото.",часы;красный,chasy-krasnyy-pixel-988
989,Смартфон Красный Pixel-989,37069,https://picsum.photos/seed/product-989-img-0/600/600;https://picsum.photos/seed/product-989-img-1/600/600;https://picsum.photos/seed/product-989-img-2/600/600;https://picsum.photos/seed/product-989-img-3/600/600,"Описание товара Смартфон Красный Pixel-989. Это отличный выбор, если вы ищете смартфон. В комплекте 4 фото.",смартфон;красный,smartfon-krasnyy-pixel-989
990,Наушники Флагманский Pixel-990,1476,https://picsum.photos/seed/product-990-img-0/600/600;https://picsum.photos/seed/product-990-img-1/600/600,"Описание товара Наушники Флагманский Pixel-990. Это отличный выбор, если вы ищете наушники. В комплекте 2 фото.",наушники;флагман,naushniki-flagmanskiy-pixel-990
991,Чехол Быстрый Pixel-991,23122,https://picsum.photos/seed/product-991-img-0/600/600;https://picsum.photos/seed/product-991-img-1/600/600;https://picsum.photos/seed/product-991-img-2/600/600;https://picsum.photos/seed/product-991-img-3/600/600;https://picsum.photos/seed/product-991-img-4/600/600,"Описание товара Чехол Быстрый Pixel-991. Это отличный выбор, если вы ищете чехол. В комплекте 5 фото.",чехол;быстрый,chekhol-bystryy-pixel-991
992,Ноутбук Быстрый Pixel-992,37412,https://picsum.photos/seed/product-992-img-0/600/600;https://picsum.photos/seed/product-992-img-1/600/600,"Описание товара Ноутбук Быстрый Pixel-992. Это отличный выбор, если вы ищете ноутбук. В комплекте 2 фото.",ноутбук;быстрый,noutbuk-bystryy-pixel-992
993,Часы Бюджетный Pixel-993,23999,https://picsum.photos/seed/product-993-img-0/600/600;https://picsum.photos/seed/product-993-img-1/600/600;https://picsum.photos/seed/product-993-img-2/600/600;https://picsum.photos/seed/product-993-img-3/600/600;https://picsum.photos/seed/product-993-img-4/600/600,"Описание товара Часы Бюджетный Pixel-993. Это отличный выбор, если вы ищете часы. В комплекте 5 фото.",часы;бюджет,chasy-byudzhetnyy-pixel-993
994,Смартфон Красный Pixel-994,30518,https://picsum.photos/seed/product-994-img-0/600/600;https://picsum.photos/seed/product-994-img-1/600/600;https://picsum.photos/seed/product-994-img-2/600/600,"Описание товара Смартфон Красный Pixel-994. Это отличный выбор, если вы ищете смартфон. В комплекте 3 фото.",смартфон;красный,smartfon-krasnyy-pixel-994
995,Чехол Бюджетный Pixel-995,47043,https://picsum.photos/seed/product-995-img-0/600/600;https://picsum.photos/seed/product-995-img-1/600/600;https://picsum.photos/seed/product-995-img-2/600/600,"Описание товара Чехол Бюджетный Pixel-995. Это отличный выбор, если вы ищете чехол. В комплекте 3 фото.",чехол;бюджет,chekhol-byudzhetnyy-pixel-995
996,Часы Стильный Pixel-996,17174,https://picsum.photos/seed/product-996-img-0/600/600;https://picsum.photos/seed/product-996-img-1/600/600;https://picsum.photos/seed/product-996-img-2/600/600,"Описание товара Часы Стильный Pixel-996. Это отличный выбор, если вы ищете часы. В комплекте 3 фото.",часы;стильный,chasy-stilnyy-pixel-996
997,Ноутбук Флагманский Pixel-997,17480,https://picsum.photos/seed/product-997-img-0/600/600;https://picsum.photos/seed/product-997-img-1/600/600,"Описание товара Ноутбук Флагманский Pixel-997. Это отличный выбор, если вы ищете ноутбук. В комплекте 2 фото.",ноутбук;флагман,noutbuk-flagmanskiy-pixel-997
998,Ноутбук Флагманский Pixel-998,39202,https://picsum.photos/seed/product-998-img-0/600/600;https://picsum.photos/seed/product-998-img-1/600/600;https://picsum.photos/seed/product-998-img-2/600/600;https://picsum.photos/seed/product-998-img-3/600/600;https://picsum.photos/seed/product-998-img-4/600/600,"Описание товара Ноутбук Флагманский Pixel-998. Это отличный выбор, если вы ищете ноутбук. В комплекте 5 фото.",ноутбук;флагман,noutbuk-flagmanskiy-pixel-998
999,Чехол Флагманский Pixel-999,37728,https://picsum.photos/seed/product-999-img-0/600/600;https://picsum.photos/seed/product-999-img-1/600/600;https://picsum.photos/seed/product-999-img-2/600/600;https://picsum.photos/seed/product-999-img-3/600/600,"Описание товара Чехол Флагманский Pixel-999. Это отличный выбор, если вы ищете чехол. В комплекте 4 фото.",чехол;флагман,chekhol-flagmanskiy-pixel-999
1000,Смартфон Стильный Pixel-1000,1003,https://picsum.photos/seed/product-1000-img-0/600/600;https://picsum.photos/seed/product-1000-img-1/600/600;https://picsum.photos/seed/product-1000-img-2/600/600,"Описание товара Смартфон Стильный Pixel-1000. Это отличный выбор, если вы ищете смартфон. В комплекте 3 фото.",смартфон;стильный,smartfon-stilnyy-pixel-1000